rid,class,name,sig_hex
1,System.Runtime.CompilerServices.ExtensionAttribute,.ctor,200001
2,System.Runtime.CompilerServices.CompilationRelaxationsAttribute,.ctor,20010108
3,System.Runtime.CompilerServices.RuntimeCompatibilityAttribute,.ctor,200001
4,System.Diagnostics.DebuggableAttribute,.ctor,2001011121
5,System.Reflection.AssemblyTitleAttribute,.ctor,2001010e
6,System.Reflection.AssemblyDescriptionAttribute,.ctor,2001010e
7,System.Reflection.AssemblyConfigurationAttribute,.ctor,2001010e
8,System.Reflection.AssemblyCompanyAttribute,.ctor,2001010e
9,System.Reflection.AssemblyProductAttribute,.ctor,2001010e
10,System.Reflection.AssemblyCopyrightAttribute,.ctor,2001010e
11,System.Reflection.AssemblyTrademarkAttribute,.ctor,2001010e
12,System.Runtime.InteropServices.ComVisibleAttribute,.ctor,20010102
13,System.Runtime.InteropServices.GuidAttribute,.ctor,2001010e
14,System.Reflection.AssemblyFileVersionAttribute,.ctor,2001010e
15,System.Resources.NeutralResourcesLanguageAttribute,.ctor,2001010e
16,System.Runtime.Versioning.TargetFrameworkAttribute,.ctor,2001010e
17,System.Runtime.CompilerServices.SuppressIldasmAttribute,.ctor,200001
18,,<symbol>i__Field,061300
19,,<type>i__Field,061301
20,,<side>i__Field,061302
21,,<quantity>i__Field,061303
22,System.Object,.ctor,200001
23,,get_Default,000015128091011300
24,,Equals,20020213001300
25,,get_Default,000015128091011300
26,,Equals,20020213001300
27,,get_Default,000015128091011300
28,,Equals,20020213001300
29,,get_Default,000015128091011300
30,,Equals,20020213001300
31,,GetHashCode,2001081300
32,,GetHashCode,2001081300
33,,GetHashCode,2001081300
34,,GetHashCode,2001081300
35,System.Object,ToString,20000e
36,,<MarketSegmentID>i__Field,061300
37,,<ProductID>i__Field,061300
38,,<ProductGroupID>i__Field,061300
39,,<ProductSubGroupID>i__Field,061300
40,,<ProductGradeID>i__Field,061300
41,,<DistrictID>i__Field,061300
42,,<TownID>i__Field,061300
43,,<WarehouseCode>i__Field,061300
44,,<KurucuKodu>i__Field,061300
45,,<SemsiyeTur>i__Field,061300
46,,<name>i__Field,061300
47,,<exp>i__Field,061301
48,,<sub>i__Field,061300
49,,<iat>i__Field,061301
50,,<exp>i__Field,061302
51,,<plan>i__Field,061303
52,,<alg>i__Field,061300
53,,<typ>i__Field,061301
54,,<Symbol>i__Field,061300
55,,<tanim>i__Field,061300
56,,<dip>i__Field,061301
57,,<zirve>i__Field,061302
58,,<BaseSymbol>i__Field,061300
59,,<SubMarket>i__Field,061301
60,,<FI273>i__Field,061302
61,,<SourceCode>i__Field,061300
62,,<Key>i__Field,061301
63,,<chat_id>i__Field,061300
64,,<text>i__Field,061301
65,,<vade>i__Field,061300
66,,<kullanimFiyati>i__Field,061300
67,System.Attribute,.ctor,200001
68,,Enqueue,2001011300
69,System.Action,.ctor,2002011c18
70,,.ctor,2002011c18
71,System.Threading.ThreadStart,.ctor,2002011c18
72,System.Threading.Thread,.ctor,2001011280c5
73,System.Text.StringBuilder,.ctor,200001
74,,get_Count,200008
75,,TryDequeue,200102101300
76,,.ctor,200001
77,,.ctor,200001
78,,.ctor,200001
79,System.IO.StreamReader,.ctor,2001011280f1
80,System.Web.Script.Serialization.JavaScriptSerializer,.ctor,200001
81,System.Web.Script.Serialization.JavaScriptSerializer,Deserialize,3001011e000e
82,,ContainsKey,2001021300
83,System.Decimal,Zero,061180ed
84,System.Decimal,One,061180ed
85,,ContainsKey,2001021300
86,,get_Item,200113011300
87,,Add,20020113001301
88,Binance.Net.BinanceSocketClient,.ctor,200001
89,,get_Values,2000151280fd0213001301
90,,.ctor,2002011c18
91,System.Linq.Enumerable,Where,10010215128105011e0015128105011e00151280d1021e0002
92,System.Linq.Enumerable,ToList,100101151280a1011e0015128105011e00
93,,.ctor,2002011c18
94,System.Linq.Enumerable,Select,10020215128105011e0115128105011e00151280d1021e001e01
95,,get_Item,2001130008
96,,.ctor,2002011c18
97,,get_Count,200008
98,,get_Item,200113011300
99,,.ctor,2002011c18
100,System.Net.Http.HttpClient,.ctor,200001
101,,Create,000015118111011300
102,,Start,30010101101e00
103,,get_Task,20001512810d011300
104,,Create,000015118111011300
105,,Start,30010101101e00
106,,get_Task,20001512810d011300
107,System.Security.Cryptography.HMACSHA256,.ctor,2001011d05
108,,Create,000015118111011300
109,,Start,30010101101e00
110,,get_Task,20001512810d011300
111,,get_Key,20001300
112,,get_Value,20001301
113,System.Runtime.CompilerServices.IAsyncStateMachine,MoveNext,200001
114,,GetAwaiter,20001511812d011300
115,,get_IsCompleted,200002
116,,AwaitUnsafeOnCompleted,30020201101e00101e01
117,,GetResult,20001300
118,,GetAwaiter,20001511812d011300
119,,get_IsCompleted,200002
120,,GetResult,20001300
121,,.ctor,2002011c18
122,System.Linq.Enumerable,FirstOrDefault,1001021e0015128105011e00151280d1021e0002
123,,SetException,2001011280ad
124,,SetResult,2001011300
125,System.Runtime.CompilerServices.IAsyncStateMachine,SetStateMachine,200101128131
126,,AwaitUnsafeOnCompleted,30020201101e00101e01
127,Newtonsoft.Json.Linq.Extensions,Value,1001011e001512810501128121
128,,.ctor,2002011c18
129,,SetException,2001011280ad
130,,SetResult,2001011300
131,,.ctor,200001
132,,Add,20020113001301
133,,.ctor,2002011c18
134,System.String,Empty,060e
135,System.Net.Http.StringContent,.ctor,2003010e12813d0e
136,,AwaitUnsafeOnCompleted,30020201101e00101e01
137,,SetException,2001011280ad
138,,SetResult,2001011300
139,,Clear,200001
140,System.IO.FileInfo,.ctor,2001010e
141,System.IO.FileStream,.ctor,2004010e11815911815d118161
142,System.IO.BinaryReader,.ctor,2001011280f1
143,,Add,2001011300
144,,get_Item,2001130008
145,,get_Count,200008
146,,.ctor,200001
147,System.Decimal,.ctor,20010108
148,System.Linq.Enumerable,Last,1001011e0015128105011e00
149,,RemoveRange,2002010808
150,System.DateTime,.ctor,200601080808080808
151,,.ctor,2002011c18
152,,RemoveAll,20010815128165011300
153,,GetEnumerator,200015118151011300
154,,get_Current,20001300
155,,MoveNext,200002
156,System.IDisposable,Dispose,200001
157,,.ctor,200001
158,,get_Item,2001130008
159,,set_Item,200201081300
160,,get_Count,200008
161,,.ctor,2002011c18
162,System.Linq.Enumerable,ToArray,1001011d1e0015128105011e00
163,,.ctor,200001
164,System.Windows.Forms.Panel,.ctor,200001
165,,.ctor,200001
166,,.ctor,200001
167,,.ctor,200001
168,,Add,2001011300
169,,Clear,200001
170,,.ctor,2002011c18
171,,.ctor,2002011c18
172,,set_Item,200201081300
173,,GetRange,2002151280a10113000808
174,,RemoveRange,2002010808
175,,InsertRange,2002010815128105011300
176,,get_Count,200008
177,,RemoveRange,2002010808
178,,InsertRange,2002010815128105011300
179,,AddRange,20010115128105011300
180,,AddRange,20010115128105011300
181,,.ctor,20010115128105011300
182,,GetRange,2002151280a10113000808
183,System.Linq.Enumerable,Max,1001020c15128105011e00151280d1021e000c
184,System.Linq.Enumerable,Min,1001020c15128105011e00151280d1021e000c
185,,get_Count,200008
186,System.Linq.Enumerable,Sum,1001020c15128105011e00151280d1021e000c
187,,.ctor,200001
188,,set_Item,200201081300
189,,get_Item,2001130008
190,,Add,2001011300
191,System.Decimal,.ctor,2005010808080205
192,,ContainsKey,2001021300
193,,get_Item,200113011300
194,,.ctor,200001
195,,set_Item,20020113001301
196,,ContainsKey,2001021300
197,,get_Item,200113011300
198,,get_Values,2000151280fd0213001301
199,,.ctor,2002011c18
200,System.Linq.Enumerable,OrderByDescending,10020215128195011e0015128105011e00151280d1021e001e01
201,,get_Item,2001130008
202,,get_Count,200008
203,,ContainsKey,2001021300
204,,get_Item,200113011300
205,,get_Item,200113011300
206,,Clear,200001
207,,set_Item,20020113001301
208,,get_Values,2000151280fd0213001301
209,,GetEnumerator,20001511819d0213001301
210,,get_Current,20001301
211,,MoveNext,200002
212,,set_Item,20020113001301
213,,ContainsKey,2001021300
214,System.IO.MemoryStream,.ctor,200001
215,System.Runtime.Serialization.Formatters.Binary.BinaryFormatter,.ctor,200001
216,,.ctor,200001
217,,get_Count,200008
218,,get_Item,2001130008
219,,Item1,061300
220,,Item2,061301
221,,.ctor,200001
222,,.ctor,20020113001301
223,,Add,2001011300
224,,.ctor,2002011c18
225,,Sort,200101151281ad011300
226,,get_Item,200113011300
227,,get_Values,2000151280fd0213001301
228,,GetEnumerator,20001511819d0213001301
229,,get_Current,20001301
230,,MoveNext,200002
231,,.ctor,200001
232,,.ctor,200001
233,NDde.Server.DdeServer,.ctor,2001010e
234,ExecuteResult,Processed,061181b9
235,PokeResult,Processed,061181bd
236,,ContainsKey,2001021300
237,,set_Item,20020113001301
238,,Enqueue,2001011300
239,RequestResult,.ctor,2001011d05
240,RequestResult,NotProcessed,061181c1
241,,ContainsKey,2001021300
242,,get_Item,200113011300
243,,.ctor,2001011300
244,,get_Count,200008
245,,GetEnumerator,200015118151011300
246,,get_Current,20001300
247,,MoveNext,200002
248,,.ctor,200001
249,,GetEnumerator,200015118151011300
250,,get_Current,20001300
251,,get_HasValue,200002
252,,get_Value,20001300
253,,Add,2001011300
254,,MoveNext,200002
255,,get_Count,200008
256,,GetEnumerator,200015118151011300
257,,get_Current,20001300
258,,MoveNext,200002
259,,.ctor,200001
260,,Add,2001011300
261,,.ctor,2001011300
262,,.ctor,2002011c18
263,System.Linq.Enumerable,Any,1001020215128105011e00151280d1021e0002
264,,Add,2001011300
265,,Clear,200001
266,System.Linq.Enumerable,Contains,1001020215128105011e001e00
267,,get_HasValue,200002
268,,get_Value,20001300
269,,ContainsKey,2001021300
270,,get_Item,200113011300
271,,set_Item,20020113001301
272,,get_Values,2000151280fd0213001301
273,,.ctor,2002011c18
274,,get_Count,200008
275,,Clear,200001
276,,.ctor,200001
277,System.DateTime,MinValue,061180a9
278,,.ctor,200001
279,System.ArgumentException,.ctor,2001010e
280,System.Enum,TryParse,100102020e101e00
281,,Contains,2001021300
282,System.Linq.Enumerable,Skip,10010215128105011e0015128105011e0008
283,System.Linq.Enumerable,Take,10010215128105011e0015128105011e0008
284,,GetEnumerator,2000151281e5011300
285,,get_Current,20001300
286,,.ctor,2002011c18
287,,GetEnumerator,2000151281e5011300
288,,get_Current,20001300
289,System.Object,Finalize,200001
290,,.ctor,2002011c18
291,,GetEnumerator,2000151281e5011300
292,,get_Current,20001300
293,,set_Item,20020113001301
294,,TryGetValue,2002021300101301
295,,.ctor,200001
296,,.ctor,200101151281e9011300
297,,Add,2001021300
298,,.ctor,2001011300
299,,.ctor,2001011300
300,,.ctor,2001011300
301,,.ctor,2001011300
302,System.FormatException,.ctor,2001010e
303,,.ctor,2002011c18
304,,ForEach,200101151280b9011300
305,,Create,000015118111011300
306,,Start,30010101101e00
307,,get_Task,20001512810d011300
308,System.Runtime.CompilerServices.AsyncVoidMethodBuilder,Start,30010101101e00
309,,get_Result,20001300
310,,get_Result,20001300
311,,.ctor,200001
312,,.ctor,200001
313,,.ctor,200001
314,,AwaitUnsafeOnCompleted,30020201101e00101e01
315,,SetException,2001011280ad
316,,SetResult,2001011300
317,System.Runtime.CompilerServices.AsyncVoidMethodBuilder,AwaitUnsafeOnCompleted,30020201101e00101e01
318,,get_Count,200008
319,,GetEnumerator,200015118151011300
320,,get_Current,20001300
321,,Add,20020113001301
322,,Add,20020113001301
323,,MoveNext,200002
324,,get_Count,200008
325,,GetEnumerator,200015118151011300
326,,get_Current,20001300
327,,Add,20020113001301
328,,MoveNext,200002
329,System.Uri,.ctor,2001010e
330,,.ctor,200001
331,,get_Values,2000151280fd0213001301
332,,get_Count,200008
333,,.ctor,2002011c18
334,System.Linq.Enumerable,FirstOrDefault,1001011e0015128105011e00
335,Newtonsoft.Json.JsonConvert,DeserializeObject,1001011e000e
336,,get_Count,200008
337,,GetEnumerator,200015118151011300
338,,get_Current,20001300
339,,MoveNext,200002
340,,.ctor,2004011300130113021303
341,System.Net.WebClient,.ctor,200001
342,Newtonsoft.Json.JsonSerializerSettings,.ctor,200001
343,Newtonsoft.Json.Serialization.CamelCasePropertyNamesContractResolver,.ctor,200001
344,Newtonsoft.Json.JsonConvert,DeserializeObject,1001021e000e128209
345,System.DateTime,.ctor,200701080808080808118215
346,System.Guid,.ctor,2001010e
347,System.Guid,Empty,061181cd
348,System.DateTime,.ctor,200301080808
349,,.ctor,200001
350,,.ctor,200001
351,,.ctor,200001
352,,.ctor,200001
353,System.IO.FileStream,.ctor,2002010e118159
354,,.ctor,200001
355,,.ctor,200001
356,,Add,2001011300
357,,.ctor,2002011c18
358,,RemoveAll,20010815128165011300
359,System.Random,.ctor,20010108
360,,get_Count,200008
361,,get_Item,2001130008
362,,ToArray,20001d1300
363,,get_Count,200008
364,,set_Item,20020113001301
365,,get_Count,200008
366,,get_Item,2001130008
367,,Add,2001011300
368,,set_Item,200201081300
369,,get_Count,200008
370,,get_Count,200008
371,,.ctor,2002011c18
372,,FindAll,2001151280a101130015128165011300
373,,get_Count,200008
374,,GetEnumerator,200015118151011300
375,,get_Current,20001300
376,,MoveNext,200002
377,,Add,2001011300
378,System.TimeSpan,.ctor,200301080808
379,,get_Item,2001130008
380,,get_Item,2001130008
381,,.ctor,200001
382,,Add,2001011300
383,,ContainsKey,2001021300
384,,get_Values,2000151280fd0213001301
385,,.ctor,2002011c18
386,,.ctor,2002011c18
387,,ForEach,200101151280b9011300
388,,get_Values,2000151280fd0213001301
389,,.ctor,2002011c18
390,,.ctor,2002011c18
391,,ForEach,200101151280b9011300
392,,.ctor,2002011c18
393,,Remove,2001021300
394,,ContainsKey,2001021300
395,,Remove,2001021300
396,,get_Count,200008
397,,ContainsKey,2001021300
398,,get_Item,200113011300
399,,set_Item,20020113001301
400,,get_Count,200008
401,,GetEnumerator,200015118151011300
402,,get_Current,20001300
403,,MoveNext,200002
404,,TryGetValue,2002021300101301
405,,Remove,2001021300
406,System.Random,.ctor,200001
407,,ContainsKey,2001021300
408,,get_Item,200113011300
409,,Clear,200001
410,,GetEnumerator,200015118151011300
411,,get_Current,20001300
412,,MoveNext,200002
413,,.ctor,2002011c18
414,System.Linq.Enumerable,ToDictionary,100303151280a5021e011e0215128105011e00151280d1021e001e01151280d1021e001e02
415,,Contains,2001021300
416,,Add,2001011300
417,,ContainsKey,2001021300
418,,get_Item,200113011300
419,,set_Item,200201081300
420,,get_Count,200008
421,,get_Item,2001130008
422,,get_Count,200008
423,,get_Item,2001130008
424,,.ctor,2002011c18
425,,Add,2001011300
426,,set_Item,20020113001301
427,,Sort,200001
428,,GetEnumerator,2000151281e5011300
429,,get_Current,20001300
430,,.ctor,200001
431,Binance.Net.BinanceClient,.ctor,200001
432,,.ctor,2001011300
433,,.ctor,200001
434,,get_Data,20001300
435,,GetEnumerator,2000151281e5011300
436,,get_Current,20001300
437,,Clear,200001
438,,GetEnumerator,200015118151011300
439,,get_Current,20001300
440,,MoveNext,200002
441,,AddRange,20010115128105011300
442,,.ctor,2002011c18
443,,.ctor,2002011c18
444,,RemoveAll,20010815128165011300
445,,.ctor,200001
446,,set_Item,20020113001301
447,,Insert,200201081300
448,,.ctor,200001
449,,set_Item,20020113001301
450,,get_Count,200008
451,,GetEnumerator,20001511823d0213001301
452,,get_Current,20001511811d0213001301
453,,get_Key,20001300
454,,get_Value,20001301
455,,MoveNext,200002
456,,set_Item,20020113001301
457,,get_Keys,2000151282450213001301
458,,GetEnumerator,2000151182410213001301
459,,get_Current,20001300
460,,MoveNext,200002
461,,Clear,200001
462,,.ctor,200001
463,,ContainsKey,2001021300
464,,get_Item,200113011300
465,,GetValueOrDefault,20001300
466,,TryGetValue,2002021300101301
467,,set_Item,20020113001301
468,,Clear,200001
469,,set_Item,20020113001301
470,,GetEnumerator,2000151182550213001301
471,,get_Current,20001511811d0213001301
472,,MoveNext,200002
473,,get_Keys,2000151282450213001301
474,System.Windows.Forms.AutoCompleteStringCollection,.ctor,200001
475,,GetEnumerator,200015118151011300
476,,get_Current,20001300
477,,MoveNext,200002
478,,Clear,200001
479,System.Array,Sort,100101011d1e00
480,,ContainsKey,2001021300
481,,get_Item,200113011300
482,System.Linq.Enumerable,OrderBy,10020215128195011e0015128105011e00151280d1021e001e01
483,System.Linq.Enumerable,ThenBy,10020215128195011e0015128195011e00151280d1021e001e01
484,,.ctor,2002011c18
485,,.ctor,2002011c18
486,,.ctor,2002011c18
487,,.ctor,2002011c18
488,System.Linq.Enumerable,ThenByDescending,10020215128195011e0015128195011e00151280d1021e001e01
489,,GetEnumerator,2000151182550213001301
490,,get_Current,20001511811d0213001301
491,,get_Value,20001301
492,,get_Key,20001300
493,,MoveNext,200002
494,,ContainsKey,2001021300
495,,get_Item,200113011300
496,,ContainsKey,2001021300
497,,get_Item,200113011300
498,,.ctor,2002011c18
499,,.ctor,200001
500,,.ctor,200001
501,,.ctor,200001
502,,.ctor,200001
503,,.ctor,200001
504,,.ctor,200001
505,,.ctor,200001
506,System.Text.StringBuilder,.ctor,20010108
507,,Add,2001011300
508,,get_Count,200008
509,,get_Item,2001130008
510,,GetEnumerator,200015118151011300
511,,get_Current,20001300
512,,set_Item,20020113001301
513,,MoveNext,200002
514,,ContainsKey,2001021300
515,,get_Item,200113011300
516,,get_Count,200008
517,,get_Keys,2000151282450213001301
518,,Clear,200001
519,,set_Item,20020113001301
520,,.ctor,200001
521,System.Linq.Enumerable,Count,1001010815128105011e00
522,,get_Count,200008
523,,get_Item,2001130008
524,,.ctor,2002011c18
525,,.ctor,2002011c18
526,,RemoveAll,20010815128165011300
527,,.ctor,200001
528,,set_Item,20020113001301
529,,GetEnumerator,200015118151011300
530,,get_Current,20001300
531,,ContainsKey,2001021300
532,,get_Item,200113011300
533,,MoveNext,200002
534,,get_Values,2000151280fd0213001301
535,,.ctor,2002011c18
536,,Sort,200101151281ad011300
537,,get_Count,200008
538,,get_Item,2001130008
539,,.ctor,2002011c18
540,,Sort,200101151281ad011300
541,,RemoveRange,2002010808
542,,.ctor,200001
543,,set_Item,20020113001301
544,,get_Values,2000151280fd0213001301
545,System.IO.BinaryWriter,.ctor,2001011280f1
546,System.Array,Resize,10010201101d1e0008
547,,Remove,2001021300
548,,.ctor,2002011c18
549,,RemoveAll,20010815128165011300
550,,GetEnumerator,20001511819d0213001301
551,,get_Current,20001301
552,,MoveNext,200002
553,,ContainsKey,2001021300
554,,Add,20020113001301
555,,get_Item,200113011300
556,,ContainsKey,2001021300
557,,.ctor,200001
558,,Add,20020113001301
559,,get_Item,200113011300
560,,Add,2001011300
561,,get_Count,200008
562,,.ctor,200001
563,,Clear,200001
564,,GetEnumerator,200015118151011300
565,,get_Current,20001300
566,,MoveNext,200002
567,,Clear,200001
568,,GetEnumerator,200015118151011300
569,,get_Current,20001300
570,,MoveNext,200002
571,,RemoveRange,2002010808
572,,ToArray,20001d1300
573,,get_Item,2001130008
574,,set_Item,20020113001301
575,,GetEnumerator,2000151182550213001301
576,,get_Current,20001511811d0213001301
577,,get_Key,20001300
578,,MoveNext,200002
579,,get_Count,200008
580,,get_Value,20001301
581,,Add,2001011300
582,,.ctor,200001
583,,.ctor,200001
584,,.ctor,200001
585,,set_Item,20020113001301
586,,GetEnumerator,2000151281e5011511811d0213001301
587,,get_Current,20001300
588,,.ctor,200001
589,System.Drawing.Font,.ctor,2003010e0c118269
590,,.ctor,200001
591,,GetEnumerator,200015118151011300
592,,get_Current,20001300
593,,set_Item,20020113001301
594,,MoveNext,200002
595,,get_Values,2000151280fd0213001301
596,,GetEnumerator,20001511819d0213001301
597,,get_Current,20001301
598,,MoveNext,200002
599,,get_Count,200008
600,,.ctor,200001
601,,.ctor,200001
602,,.ctor,2002011c18
603,,FindAll,2001151280a101130015128165011300
604,,Add,2001011300
605,System.Xml.Serialization.XmlSerializer,.ctor,2001011281c9
606,,RemoveAt,20010108
607,,Add,2001011300
608,,Insert,200201081300
609,,Add,20020113001301
610,,get_Item,200113011300
611,,.ctor,200001
612,,get_Item,2001130008
613,,set_Item,20020113001301
614,,get_Count,200008
615,,.ctor,200001
616,,.ctor,200001
617,,.ctor,200001
618,System.Diagnostics.StackTrace,.ctor,2002011280ad02
619,,GetValueOrDefault,20001300
620,,Create,00011512828101130012828d
621,,Target,061300
622,,Create,00011512828101130012828d
623,,Target,061300
624,,Invoke,2002130213001301
625,,Invoke,2002130213001301
626,,Create,00011512828101130012828d
627,,Target,061300
628,,Invoke,2002130213001301
629,System.Windows.Forms.Control,get_Controls,20001282a1
630,System.Linq.Enumerable,OfType,10010115128105011e0012827d
631,,GetEnumerator,200015118151011300
632,,get_Current,20001300
633,,MoveNext,200002
634,System.Windows.Forms.DataGridViewButtonColumn,.ctor,200001
635,System.Windows.Forms.DataGridViewCheckBoxColumn,.ctor,200001
636,System.Windows.Forms.DataGridViewTextBoxColumn,.ctor,200001
637,,.ctor,2002010808
638,,Set,20030108081c
639,System.Type,Missing,061c
640,,Create,00011512828101130012828d
641,,Target,061300
642,,Invoke,2002130213001301
643,System.Windows.Forms.ComboBox,get_Items,20001282c5
644,System.Drawing.Bitmap,.ctor,2002010808
645,System.Drawing.Point,Empty,06118189
646,System.Drawing.Rectangle,.ctor,2002011181891182d5
647,System.Diagnostics.ProcessStartInfo,.ctor,200001
648,System.Drawing.Bitmap,.ctor,20030108081282d9
649,System.Drawing.Rectangle,.ctor,20040108080808
650,System.Net.Http.MultipartFormDataContent,.ctor,200001
651,System.Net.Http.StringContent,.ctor,2001010e
652,System.Net.Http.StreamContent,.ctor,2001011280f1
653,System.Net.Http.Headers.ContentDispositionHeaderValue,.ctor,2001010e
654,System.Diagnostics.Process,.ctor,200001
655,System.Drawing.Drawing2D.GraphicsPath,.ctor,200001
656,System.Drawing.Pen,.ctor,20010111816d
657,System.Drawing.Drawing2D.LinearGradientBrush,.ctor,20040111818d11816d11816d1182fd
658,System.Drawing.SolidBrush,.ctor,20010111816d
659,,ToArray,20001d1300
660,System.Drawing.Drawing2D.PathGradientBrush,.ctor,2001011282f1
661,,GetEnumerator,200015118151011300
662,,get_Current,20001300
663,,MoveNext,200002
664,,GetEnumerator,20001511819d0213001301
665,,get_Current,20001301
666,,MoveNext,200002
667,,.ctor,2002011c18
668,,.ctor,2002011c18
669,System.Text.StringBuilder,.ctor,2001010e
670,System.Security.Cryptography.TripleDESCryptoServiceProvider,.ctor,200001
671,System.Net.Security.RemoteCertificateValidationCallback,.ctor,2002011c18
672,System.Net.CookieContainer,.ctor,200001
673,System.Net.WebProxy,.ctor,200001
674,System.IO.StreamReader,.ctor,2002011280f112813d
675,,RemoveRange,2002010808
676,,.ctor,200001
677,,Clear,200001
678,,Add,2001011300
679,,ToArray,20001d1300
680,,.ctor,2002011c18
681,,RemoveAt,20010108
682,,Insert,200201081300
683,,get_Count,200008
684,,get_Item,2001130008
685,,set_Item,200201081300
686,System.Windows.Forms.ListBox,get_Items,2000128339
687,,ContainsKey,2001021300
688,,get_Item,200113011300
689,System.Activator,CreateInstance,1001001e00
690,,set_Item,20020113001301
691,,get_Item,200113011300
692,,ContainsKey,2001021300
693,,set_Item,20020113001301
694,,get_Item,200113011300
695,,.ctor,20010108
696,,TryGetValue,2002021300101301
697,,Invoke,200113011300
698,,Add,2001011300
699,,.ctor,20010108
700,,Invoke,200113011300
701,,get_Values,2000151280fd0213001301
702,,get_Keys,2000151282450213001301
703,,.ctor,20010108
704,,TryGetValue,2002021300101301
705,,Invoke,200113011300
706,,Add,2001011300
707,System.Action,Invoke,200001
708,System.Globalization.CultureInfo,.ctor,2001010e
709,System.IO.FileStream,.ctor,2003010e11815911815d
710,System.IO.Compression.GZipStream,.ctor,2002011280f1118349
711,System.IO.MemoryStream,.ctor,2001011d05
712,System.Security.Cryptography.CryptoStream,.ctor,2003011280f112830d118355
713,System.Security.Cryptography.Rfc2898DeriveBytes,.ctor,2003010e1d0508
714,System.CodeDom.Compiler.CompilerParameters,.ctor,200001
715,Microsoft.CSharp.CSharpCodeProvider,.ctor,200001
716,Microsoft.VisualBasic.VBCodeProvider,.ctor,200001
717,,get_Item,2001130008
718,,get_Count,200008
719,,Add,2001011300
720,,.ctor,200001
721,,ContainsKey,2001021300
722,,get_Item,200113011300
723,,.ctor,2002011c18
724,System.Linq.Enumerable,Any,1001010215128105011e00
725,,Clear,200001
726,,Clear,200001
727,,GetEnumerator,200015118151011300
728,,get_Current,20001300
729,,.ctor,200001
730,,get_Item,2001130008
731,,ContainsKey,2001021300
732,,TryAdd,20020213001301
733,,TryGetValue,2002021300101301
734,,Add,2001011300
735,,get_Count,200008
736,,Add,20020113001301
737,,MoveNext,200002
738,,.ctor,200001
739,,.ctor,200001
740,,.ctor,200001
741,,.ctor,200001
742,,.ctor,200001
743,,Add,2001011300
744,,.ctor,200001
745,,Add,2001011300
746,System.Threading.Interlocked,CompareExchange,1001031e00101e001e001e00
747,System.Windows.Forms.Button,.ctor,200001
748,System.Windows.Forms.Timer,.ctor,200001
749,System.EventHandler,.ctor,2002011c18
750,System.EventArgs,Empty,06128379
751,System.EventHandler,Invoke,2002011c128379
752,,Clear,200001
753,,get_Values,2000151280fd0213001301
754,,.ctor,2002011c18
755,,.ctor,2002011c18
756,,RemoveAll,20010815128165011300
757,,get_Count,200008
758,,GetEnumerator,200015118151011300
759,,get_Current,20001300
760,,MoveNext,200002
761,,.ctor,200001
762,,Clear,200001
763,,Add,2001011300
764,,.ctor,2002011c18
765,,.ctor,200001
766,,.ctor,200001
767,,get_Item,2001130008
768,,FindAll,2001151280a101130015128165011300
769,,.ctor,2002011c18
770,,Sort,200101151281ad011300
771,,.ctor,200001
772,,Clear,200001
773,,Add,2001011300
774,,get_Count,200008
775,,Clear,200001
776,,set_Item,200201081300
777,,set_Item,200201081300
778,,.ctor,200001
779,,.ctor,200001
780,,.ctor,2002011c18
781,,.ctor,2002011c18
782,,ContainsKey,2001021300
783,,set_Item,20020113001301
784,,get_Item,200113011300
785,,.ctor,200001
786,,Clear,200001
787,,Clear,200001
788,,Add,2001011300
789,,ContainsKey,2001021300
790,,.ctor,200001
791,,set_Item,20020113001301
792,,get_Item,200113011300
793,,.ctor,2002011c18
794,,Sort,200101151281ad011300
795,,.ctor,200001
796,,Remove,2001021300
797,,Add,20020113001301
798,,Clear,200001
799,,.ctor,200001
800,,GetEnumerator,200015118151011300
801,,get_Current,20001300
802,,set_Item,20020113001301
803,,MoveNext,200002
804,,get_Values,2000151280fd0213001301
805,,get_Count,200008
806,,.ctor,200001
807,,Clear,200001
808,,Clear,200001
809,,Clear,200001
810,,Clear,200001
811,,get_Keys,2000151282450213001301
812,,get_Count,200008
813,,Remove,2001021300
814,,Clear,200001
815,,Clear,200001
816,,Clear,200001
817,,Clear,200001
818,,GetEnumerator,200015118151011300
819,,get_Current,20001300
820,,MoveNext,200002
821,,GetEnumerator,200015118151011300
822,,get_Current,20001300
823,,MoveNext,200002
824,,Clear,200001
825,,Clear,200001
826,,Clear,200001
827,,Clear,200001
828,,GetEnumerator,20001511819d0213001301
829,,get_Current,20001301
830,,MoveNext,200002
831,System.Diagnostics.Stopwatch,.ctor,200001
832,,.ctor,200001
833,,GetEnumerator,200015118151011300
834,,get_Current,20001300
835,,ContainsKey,2001021300
836,,set_Item,20020113001301
837,,get_Item,200113011300
838,,MoveNext,200002
839,,get_Values,2000151280fd0213001301
840,,.ctor,2002011c18
841,,.ctor,2002011c18
842,System.Linq.Enumerable,Sum,1001021180ed15128105011e00151280d1021e001180ed
843,,GetEnumerator,200015118151011300
844,,get_Current,20001300
845,,MoveNext,200002
846,,.ctor,200001
847,,get_Count,200008
848,,Add,2001011300
849,,set_Item,200201081300
850,,.ctor,200001
851,,.ctor,2002011c18
852,,FindAll,2001151280a101130015128165011300
853,,Clear,200001
854,,get_Item,2001130008
855,,.ctor,20010108
856,System.Array,Empty,1001001d1e00
857,,.ctor,2002011c18
858,System.Linq.Enumerable,Max,1001020815128105011e00151280d1021e0008
859,,GetEnumerator,200015118151011300
860,,get_Current,20001300
861,,MoveNext,200002
862,,.ctor,200001
863,,get_Count,200008
864,System.Drawing.Point,.ctor,2002010808
865,System.Drawing.Size,.ctor,2002010808
866,,.ctor,200001
867,,.ctor,200001
868,,ContainsKey,2001021300
869,,get_Item,200113011300
870,,Clear,200001
871,,set_Item,20020113001301
872,,.ctor,200001
873,,Add,20020113001301
874,,get_Keys,2000151282450213001301
875,,get_Count,200008
876,,get_Values,2000151280fd0213001301
877,,get_Item,2001130008
878,,get_Count,200008
879,,get_Count,200008
880,,set_Item,20020113001301
881,,.ctor,200001
882,,ContainsKey,2001021300
883,,get_Item,2001130008
884,System.Linq.Enumerable,First,1001011e0015128105011e00
885,,Add,2001011300
886,,GetEnumerator,200015118151011300
887,,get_Current,20001300
888,,GetEnumerator,2000151182550213001301
889,,get_Current,20001511811d0213001301
890,,get_Value,20001301
891,,get_Key,20001300
892,,MoveNext,200002
893,,MoveNext,200002
894,,GetEnumerator,200015118151011300
895,,get_Current,20001300
896,,.ctor,200001
897,,MoveNext,200002
898,,get_Count,200008
899,,.ctor,200001
900,,.ctor,200001
901,,.ctor,200001
902,,get_Count,200008
903,,.ctor,200001
904,,ContainsKey,2001021300
905,,get_Item,200113011300
906,,Clear,200001
907,,Add,2001011300
908,,set_Item,20020113001301
909,,.ctor,200001
910,,.ctor,200001
911,,ContainsKey,2001021300
912,,set_Item,20020113001301
913,,Add,20020113001301
914,,get_Item,200113011300
915,,Clear,200001
916,,.ctor,200001
917,,GetEnumerator,200015118151011300
918,,get_Current,20001300
919,,MoveNext,200002
920,,get_Values,2000151280fd0213001301
921,,.ctor,2002011c18
922,,.ctor,2002011c18
923,System.Linq.Enumerable,GroupBy,100202151281050115128385021e011e0015128105011e00151280d1021e001e01
924,,.ctor,2002011c18
925,,.ctor,2002011c18
926,,Insert,200201081300
927,,.ctor,2002011c18
928,,.ctor,2002011c18
929,,.ctor,2002011c18
930,,Insert,200201081300
931,,.ctor,2002011c18
932,,.ctor,2002011c18
933,,.ctor,2002011c18
934,,Insert,200201081300
935,,.ctor,2002011c18
936,,.ctor,2002011c18
937,,.ctor,2002011c18
938,,Insert,200201081300
939,,.ctor,2002011c18
940,,.ctor,2002011c18
941,,.ctor,2002011c18
942,,Insert,200201081300
943,,.ctor,2002011c18
944,,.ctor,2002011c18
945,,.ctor,2002011c18
946,,Insert,200201081300
947,,.ctor,2002011c18
948,,.ctor,2002011c18
949,,.ctor,2002011c18
950,,Insert,200201081300
951,,.ctor,2002011c18
952,,.ctor,2002011c18
953,,.ctor,2002011c18
954,,Insert,200201081300
955,,.ctor,200001
956,,.ctor,2002011c18
957,,.ctor,200001
958,,Add,2001011300
959,,.ctor,2002011c18
960,,.ctor,200001
961,,Add,2001011300
962,,.ctor,2001011300
963,,get_Key,20001300
964,,get_MarketSegmentID,20001300
965,,.ctor,2001011300
966,,get_Key,20001300
967,,get_ProductID,20001300
968,,.ctor,2001011300
969,,get_Key,20001300
970,,get_ProductGroupID,20001300
971,,.ctor,2001011300
972,,get_Key,20001300
973,,get_ProductSubGroupID,20001300
974,,.ctor,2001011300
975,,get_Key,20001300
976,,get_ProductGradeID,20001300
977,,.ctor,2001011300
978,,get_Key,20001300
979,,get_DistrictID,20001300
980,,.ctor,2001011300
981,,get_Key,20001300
982,,get_TownID,20001300
983,,.ctor,2001011300
984,,get_Key,20001300
985,,get_WarehouseCode,20001300
986,,.ctor,200001
987,,.ctor,2002011c18
988,,FindAll,2001151280a101130015128165011300
989,,set_Item,20020113001301
990,,.ctor,2002011c18
991,,get_Count,200008
992,,get_Item,2001130008
993,,Add,2001011300
994,System.Linq.Enumerable,Sum,1001020d15128105011e00151280d1021e000d
995,,.ctor,2002011c18
996,,.ctor,2002011c18
997,,get_Count,200008
998,,.ctor,200001
999,,get_Item,2001130008
1000,,ContainsKey,2001021300
1001,,set_Item,20020113001301
1002,,get_Item,200113011300
1003,,get_Values,2000151280fd0213001301
1004,,Sort,200001
1005,,Reverse,200001
1006,,get_Count,200008
1007,,get_Item,2001130008
1008,,.ctor,2001011d1300
1009,System.Runtime.InteropServices.MemoryMarshal,Cast,10020115118389011e0115118389011e00
1010,,ToArray,20001d1300
1011,,.ctor,200001
1012,,set_Item,20020113001301
1013,,ContainsKey,2001021300
1014,,get_Item,200113011300
1015,,.ctor,2002011c18
1016,,.ctor,2002011c18
1017,,op_Implicit,0001151183910113001d1300
1018,System.Runtime.InteropServices.MemoryMarshal,Cast,10020115118391011e0115118391011e00
1019,,get_Length,200008
1020,,get_Item,200110130008
1021,,Clear,200001
1022,,Clear,200001
1023,,Clear,200001
1024,,ToArray,20001d1300
1025,,.ctor,200001
1026,,Add,2001011300
1027,,ToArray,20001d1300
1028,,.ctor,200001
1029,,ContainsKey,2001021300
1030,,.ctor,200001
1031,,set_Item,20020113001301
1032,,get_Item,200113011300
1033,,ContainsKey,2001021300
1034,,set_Item,20020113001301
1035,,get_Item,200113011300
1036,,get_Values,2000151280fd0213001301
1037,,.ctor,2002011c18
1038,,get_Count,200008
1039,,get_Item,2001130008
1040,,.ctor,2002011c18
1041,,Add,2001011300
1042,,get_Item,2001130008
1043,,.ctor,2002011c18
1044,,.ctor,200001
1045,,GetEnumerator,2000151182550213001301
1046,,get_Current,20001511811d0213001301
1047,,get_Key,20001300
1048,,get_Value,20001301
1049,,GetEnumerator,200015118151011300
1050,,get_Current,20001300
1051,,MoveNext,200002
1052,,AddRange,20010115128105011300
1053,,MoveNext,200002
1054,,.ctor,200001
1055,,.ctor,200001
1056,,ContainsKey,2001021300
1057,,set_Item,20020113001301
1058,,get_Item,200113011300
1059,,get_Count,200008
1060,,get_Values,2000151280fd0213001301
1061,,.ctor,2002011c18
1062,,Sort,200101151281ad011300
1063,,.ctor,2002011c18
1064,,.ctor,200001
1065,,.ctor,200001
1066,,get_Item,200113011300
1067,,ContainsKey,2001021300
1068,,set_Item,20020113001301
1069,,get_Item,200113011300
1070,,get_Values,2000151280fd0213001301
1071,,GetEnumerator,20001511819d0213001301
1072,,get_Current,20001301
1073,,MoveNext,200002
1074,,GetEnumerator,200015118151011300
1075,,get_Current,20001300
1076,,MoveNext,200002
1077,,.ctor,2002011c18
1078,,.ctor,2002011c18
1079,,get_Item,2001130008
1080,,Add,2001011300
1081,,get_Count,200008
1082,,GetEnumerator,2000151182550213001301
1083,,get_Current,20001511811d0213001301
1084,,get_Key,20001300
1085,,get_Value,20001301
1086,,MoveNext,200002
1087,,.ctor,200001
1088,,.ctor,200001
1089,,set_Item,20020113001301
1090,,ContainsKey,2001021300
1091,,get_Item,200113011300
1092,,Add,2001011300
1093,,.ctor,200001
1094,,ContainsKey,2001021300
1095,,.ctor,200001
1096,,set_Item,20020113001301
1097,,get_Item,200113011300
1098,,ContainsKey,2001021300
1099,,set_Item,20020113001301
1100,,get_Item,200113011300
1101,,GetEnumerator,2000151182550213001301
1102,,get_Current,20001511811d0213001301
1103,,get_Key,20001300
1104,,get_Value,20001301
1105,,get_Values,2000151280fd0213001301
1106,,MoveNext,200002
1107,,.ctor,200001
1108,,Add,2001011300
1109,,.ctor,200001
1110,,ContainsKey,2001021300
1111,,set_Item,20020113001301
1112,,get_Item,200113011300
1113,,get_Item,2001130008
1114,,get_Count,200008
1115,,.ctor,200001
1116,,set_Item,20020113001301
1117,,ContainsKey,2001021300
1118,,get_Item,200113011300
1119,,GetEnumerator,2000151182550213001301
1120,,get_Current,20001511811d0213001301
1121,,get_Key,20001300
1122,,get_Value,20001301
1123,,MoveNext,200002
1124,,.ctor,2002011c18
1125,,FindAll,2001151280a101130015128165011300
1126,,.ctor,200001
1127,,ToArray,20001d1300
1128,,get_Item,2001130008
1129,,Add,2001011300
1130,,get_Count,200008
1131,,.ctor,200001
1132,,Add,2001011300
1133,,ToArray,20001d1300
1134,System.MemoryExtensions,AsSpan,10010115118391011e001d1e00
1135,,ToArray,20001d1300
1136,,get_Item,2001130008
1137,,get_Count,200008
1138,,Clear,200001
1139,,Add,2001011300
1140,,Reverse,200001
1141,,.ctor,200001
1142,,set_Item,20020113001301
1143,,Clear,200001
1144,,ContainsKey,2001021300
1145,,get_Item,200113011300
1146,,.ctor,200001
1147,,set_Item,20020113001301
1148,,get_Key,20001300
1149,,get_Value,20001301
1150,,.ctor,200001
1151,,.ctor,2002011c18
1152,,AddOrUpdate,20031301130013011512828503130013011301
1153,,ContainsKey,2001021300
1154,,get_Item,200113011300
1155,,set_Item,20020113001301
1156,,Clear,200001
1157,,.ctor,200001
1158,,GetEnumerator,200015118151011300
1159,,get_Current,20001300
1160,,MoveNext,200002
1161,,get_Values,200015128399011301
1162,,.ctor,2002011c18
1163,,.ctor,2002011c18
1164,,.ctor,2002011c18
1165,,.ctor,2002011c18
1166,,.ctor,2002011c18
1167,,.ctor,2002011c18
1168,,.ctor,2002011c18
1169,,.ctor,200001
1170,,.ctor,2001011300
1171,,get_Key,20001300
1172,,get_KurucuKodu,20001300
1173,,.ctor,2001011300
1174,,get_Key,20001300
1175,,get_SemsiyeTur,20001300
1176,System.Threading.Tasks.Task,.ctor,2001011280b1
1177,,ContainsKey,2001021300
1178,,Remove,2001021300
1179,,set_Item,20020113001301
1180,,get_Item,200113011300
1181,,ContainsKey,2001021300
1182,,get_Item,200113011300
1183,,get_Values,2000151280fd0213001301
1184,,GetEnumerator,20001511819d0213001301
1185,,get_Current,20001301
1186,,MoveNext,200002
1187,,.ctor,200001
1188,,.ctor,200001
1189,,.ctor,200001
1190,,Add,2001011300
1191,,.ctor,200001
1192,,.ctor,200001
1193,,GetEnumerator,2000151182550213001301
1194,,get_Current,20001511811d0213001301
1195,,set_Item,20020113001301
1196,,MoveNext,200002
1197,System.Exception,.ctor,2001010e
1198,,GetEnumerator,2000151182550213001301
1199,,get_Current,20001511811d0213001301
1200,,get_Key,20001300
1201,,get_Value,20001301
1202,,MoveNext,200002
1203,,TryGetValue,2002021300101301
1204,,Add,2001011300
1205,,.ctor,2002011c18
1206,,Sort,200101151281ad011300
1207,,Add,2001011300
1208,,get_Count,200008
1209,,Insert,200201081300
1210,,Clear,200001
1211,,set_Item,20020113001301
1212,,.ctor,200001
1213,,.ctor,200001
1214,,Add,2001011300
1215,,get_Count,200008
1216,,GetEnumerator,200015118151011300
1217,,get_Current,20001300
1218,,MoveNext,200002
1219,,Clear,200001
1220,,.ctor,200001
1221,,ContainsKey,2001021300
1222,,get_Item,200113011300
1223,,.ctor,200001
1224,,.ctor,200001
1225,,ContainsKey,2001021300
1226,,get_Item,200113011300
1227,,.ctor,200001
1228,,.ctor,200001
1229,,ContainsKey,2001021300
1230,,get_Item,200113011300
1231,,.ctor,200001
1232,,.ctor,200001
1233,,.ctor,200001
1234,,GetEnumerator,200015118151011300
1235,,get_Current,20001300
1236,,MoveNext,200002
1237,System.Text.ASCIIEncoding,.ctor,200001
1238,System.IO.StreamWriter,.ctor,2001011280f1
1239,,get_Values,2000151280fd0213001301
1240,,.ctor,2002011c18
1241,,get_Count,200008
1242,,.ctor,200001
1243,,.ctor,200001
1244,,.ctor,200001
1245,,.ctor,2002011c18
1246,,.ctor,200001
1247,,.ctor,200001
1248,,.ctor,200001
1249,,.ctor,200001
1250,,.ctor,200001
1251,,.ctor,200001
1252,,.ctor,200001
1253,,.ctor,200001
1254,,.ctor,200001
1255,,.ctor,200001
1256,,.ctor,200001
1257,,.ctor,200001
1258,,.ctor,200001
1259,,.ctor,200001
1260,,.ctor,200001
1261,,.ctor,200001
1262,,.ctor,200001
1263,,.ctor,200001
1264,,.ctor,200001
1265,,.ctor,200001
1266,,.ctor,200001
1267,,.ctor,200001
1268,,.ctor,200001
1269,,.ctor,200001
1270,,.ctor,200001
1271,,.ctor,200001
1272,,.ctor,200001
1273,,.ctor,200001
1274,,.ctor,200001
1275,,.ctor,200001
1276,pltmd5,.ctor,200001
1277,,.ctor,2002011c18
1278,,.ctor,200001
1279,,Add,2001011300
1280,System.Xml.XmlDocument,.ctor,200001
1281,,.ctor,2002011c18
1282,,.ctor,2002011c18
1283,,GetEnumerator,200015118151011300
1284,,get_Current,20001300
1285,,MoveNext,200002
1286,,Create,000015118111011300
1287,,Start,30010101101e00
1288,,get_Task,20001512810d011300
1289,,get_Current,20001300
1290,,.ctor,200001
1291,,Add,2001011300
1292,,ToArray,20001d1300
1293,,get_Item,2001130008
1294,,get_Count,200008
1295,,Clear,200001
1296,,GetEnumerator,200015118151011300
1297,,get_Current,20001300
1298,,get_Item,2001130008
1299,,get_Count,200008
1300,,MoveNext,200002
1301,,get_Count,200008
1302,,.ctor,2002011c18
1303,,.ctor,2002011c18
1304,,.ctor,2002011c18
1305,,Add,2001011300
1306,,Reverse,200001
1307,,Clear,200001
1308,,.ctor,2002011c18
1309,,get_Item,2001130008
1310,,GetValueOrDefault,20001300
1311,,get_Value,20001300
1312,,get_Count,200008
1313,,Clear,200001
1314,,Add,2001011300
1315,,get_Item,2001130008
1316,,get_Count,200008
1317,,get_Item,2001130008
1318,,get_Count,200008
1319,,.ctor,2002011c18
1320,,get_Item,2001130008
1321,,get_Count,200008
1322,,get_Item,2001130008
1323,,get_Count,200008
1324,,GetEnumerator,2000151182410213001301
1325,,get_Current,20001300
1326,,MoveNext,200002
1327,,GetEnumerator,200015118151011300
1328,,get_Current,20001300
1329,,MoveNext,200002
1330,,.ctor,2002011c18
1331,,Add,2001011300
1332,,.ctor,2002011c18
1333,,Clear,200001
1334,,Reverse,200001
1335,,.ctor,2002011c18
1336,,FindIndex,20010815128165011300
1337,,set_Item,200201081300
1338,,Clear,200001
1339,,Add,2001011300
1340,,Add,20020113001301
1341,,TryGetValue,2002021300101301
1342,System.Linq.Enumerable,First,1001021e0015128105011e00151280d1021e0002
1343,,get_Count,200008
1344,,.ctor,2002011c18
1345,,GetEnumerator,200015118151011300
1346,,get_Current,20001300
1347,,MoveNext,200002
1348,,Add,2001011300
1349,,Add,2001011300
1350,,Add,2001011300
1351,,Add,2001011300
1352,,get_Item,2001130008
1353,,get_Count,200008
1354,,get_Item,2001130008
1355,,get_Item,2001130008
1356,,get_Count,200008
1357,,get_Item,2001130008
1358,,.ctor,2001011300
1359,,get_Data,20001300
1360,,set_Item,20020113001301
1361,,get_Data,20001300
1362,,.ctor,2002011c18
1363,,get_Item,2001130008
1364,,ContainsKey,2001021300
1365,,get_Data,20001300
1366,,Add,20020113001301
1367,,Add,2001011300
1368,,get_Count,200008
1369,,get_Count,200008
1370,,.ctor,2002011c18
1371,,get_Item,2001130008
1372,,.ctor,2002011c18
1373,,get_Count,200008
1374,,get_Data,20001300
1375,,get_Item,2001130008
1376,,get_Count,200008
1377,,get_Item,2001130008
1378,,Add,2001011300
1379,,Add,2001011300
1380,,get_Count,200008
1381,,.ctor,2002011c18
1382,,GetEnumerator,200015118151011300
1383,,get_Current,20001300
1384,,MoveNext,200002
1385,,GetEnumerator,200015118151011300
1386,,get_Current,20001300
1387,,MoveNext,200002
1388,,GetEnumerator,200015118151011300
1389,,get_Current,20001300
1390,,MoveNext,200002
1391,,GetEnumerator,200015118151011300
1392,,get_Current,20001300
1393,,MoveNext,200002
1394,,Add,2001011300
1395,,GetEnumerator,200015118151011300
1396,,get_Current,20001300
1397,,MoveNext,200002
1398,,Add,2001011300
1399,,GetEnumerator,200015118151011300
1400,,get_Current,20001300
1401,,MoveNext,200002
1402,,GetEnumerator,200015118151011300
1403,,get_Current,20001300
1404,,Add,2001011300
1405,,MoveNext,200002
1406,,Add,2001011300
1407,,GetEnumerator,200015118151011300
1408,,get_Current,20001300
1409,,Add,2001011300
1410,,MoveNext,200002
1411,,Add,2001011300
1412,,.ctor,2002011c18
1413,System.Linq.Enumerable,SingleOrDefault,1001021e0015128105011e00151280d1021e0002
1414,,get_Count,200008
1415,,Create,00011512828101130012828d
1416,,Target,061300
1417,,Invoke,200f130f1300130113021303130413051306130713081309130a130b130c130d130e
1418,,Create,00011512828101130012828d
1419,,Target,061300
1420,,Invoke,2002130213001301
1421,,Create,00011512828101130012828d
1422,,Target,061300
1423,,Invoke,2002130213001301
1424,,Create,00011512828101130012828d
1425,,Target,061300
1426,,Invoke,20031303130013011302
1427,,Create,00011512828101130012828d
1428,,Target,061300
1429,,Invoke,20031303130013011302
1430,,Clear,200001
1431,,get_Data,20001300
1432,,get_Item,2001130008
1433,,Add,2001011300
1434,,get_Count,200008
1435,,get_Count,200008
1436,,get_Item,2001130008
1437,,Clear,200001
1438,,get_Data,20001300
1439,,get_Item,2001130008
1440,,Add,2001011300
1441,,get_Count,200008
1442,,.ctor,2002011c18
1443,,.ctor,2002011c18
1444,,get_Item,2001130008
1445,,get_Count,200008
1446,,get_Item,2001130008
1447,,get_Count,200008
1448,,get_Item,2001130008
1449,,get_Count,200008
1450,,get_Item,2001130008
1451,,get_Count,200008
1452,,Clear,200001
1453,,get_Item,2001130008
1454,,Add,2001011300
1455,,get_Count,200008
1456,,.ctor,2002011c18
1457,,GetEnumerator,2000151281e5011300
1458,,get_Current,20001300
1459,,Add,20020113001301
1460,,GetEnumerator,2000151182550213001301
1461,,get_Current,20001511811d0213001301
1462,,get_Key,20001300
1463,,get_Value,20001301
1464,,MoveNext,200002
1465,,.ctor,20020113001301
1466,,.ctor,2004011300130113021303
1467,,.ctor,20020113001301
1468,,.ctor,200001
1469,,GetEnumerator,200015118151011300
1470,,get_Current,20001300
1471,,MoveNext,200002
1472,,Remove,2001021300
1473,,.ctor,200001
1474,,Add,20020113001301
1475,,Add,2001011300
1476,,.ctor,2002011c18
1477,,RemoveAll,20010815128165011300
1478,,.ctor,200001
1479,,get_Count,200008
1480,,get_Item,2001130008
1481,,get_Count,200008
1482,,Clear,200001
1483,,Add,2001011300
1484,,Add,2001011300
1485,,Add,2001011300
1486,,Add,2001011300
1487,,GetEnumerator,200015118151011300
1488,,get_Current,20001300
1489,,MoveNext,200002
1490,,get_Item,2001130008
1491,,GetEnumerator,200015118151011300
1492,,get_Current,20001300
1493,,MoveNext,200002
1494,,Add,2001011300
1495,,Add,2001011300
1496,,.ctor,2002011c18
1497,,Sort,200101151281ad011300
1498,,get_Item,2001130008
1499,,get_Count,200008
1500,,Add,2001011300
1501,System.Net.Http.HttpClientHandler,.ctor,200001
1502,,.ctor,2002011c18
1503,System.Net.Http.HttpClient,.ctor,200101128435
1504,,ParseAdd,2001010e
1505,,AwaitUnsafeOnCompleted,30020201101e00101e01
1506,,SetException,2001011280ad
1507,,SetResult,2001011300
1508,,set_Item,20020113001301
1509,,Clear,200001
1510,,set_Item,20020113001301
1511,,Clear,200001
1512,,Add,2001011300
1513,,GetAwaiter,20001511812d011300
1514,,get_IsCompleted,200002
1515,,GetResult,20001300
1516,,get_Result,20001300
1517,,Clear,200001
1518,System.Drawing.StringFormat,.ctor,200101118441
1519,,Add,2001011300
1520,,ContainsKey,2001021300
1521,,set_Item,20020113001301
1522,,Clear,200001
1523,,Clear,200001
1524,,get_Item,2001130008
1525,,get_Count,200008
1526,,get_Item,200113011300
1527,,.ctor,200001
1528,,.ctor,200001
1529,,Add,2001011300
1530,,.ctor,200001
1531,System.Windows.Forms.DataGridViewRow,.ctor,200001
1532,,Invoke,20020113001301
1533,System.Drawing.Font,.ctor,2002010e0c
1534,,Clear,200001
1535,,Add,2001011300
1536,,get_Item,2001130008
1537,,get_Count,200008
1538,,RemoveAt,20010108
1539,,Insert,200201081300
1540,,set_Item,200201081300
1541,,.ctor,200001
1542,,Clear,200001
1543,,Add,2001011300
1544,,get_Item,2001130008
1545,,.ctor,200001
1546,,Add,2001011300
1547,,set_Item,20020113001301
1548,,get_Item,2001130008
1549,,get_Count,200008
1550,,.ctor,200001
1551,,.ctor,200001
1552,System.Drawing.RectangleF,.ctor,2004010c0c0c0c
1553,System.Drawing.SizeF,.ctor,2002010c0c
1554,System.Drawing.RectangleF,.ctor,20020111817911845d
1555,System.Windows.Forms.ToolStripProfessionalRenderer,.ctor,200001
1556,,Clear,200001
1557,,.ctor,200001
1558,,set_Item,20020113001301
1559,,get_Value,20001301
1560,,get_Key,20001300
1561,,Remove,2001021300
1562,,get_Count,200008
1563,,Add,2001011300
1564,,get_Count,200008
1565,,GetEnumerator,200015118151011300
1566,,get_Current,20001300
1567,,MoveNext,200002
1568,,get_Values,2000151284950213001301
1569,,GetEnumerator,2000151184910213001301
1570,,get_Current,20001301
1571,,MoveNext,200002
1572,,Create,00011512828101130012828d
1573,,Target,061300
1574,,Invoke,200301130013011302
1575,,.ctor,200001
1576,,.ctor,2002010808
1577,,.ctor,200001
1578,,.ctor,200001
1579,,.ctor,200001
1580,,.ctor,200001
1581,,.ctor,200001
1582,,.ctor,2002010808
1583,,.ctor,2002010808
1584,,.ctor,200001
1585,,Add,2001011300
1586,System.Collections.Specialized.NameValueCollection,.ctor,200001
1587,,.ctor,2002011c18
1588,,.ctor,2002011c18
1589,System.Linq.Enumerable,Sum,1001020815128105011e00151280d1021e0008
1590,,GetEnumerator,200015118151011300
1591,,get_Current,20001300
1592,,MoveNext,200002
1593,,.ctor,200001
1594,System.Net.Mail.MailMessage,.ctor,200001
1595,System.Net.Mail.MailAddress,.ctor,2001010e
1596,System.Net.Mail.SmtpClient,.ctor,2002010e08
1597,System.Net.NetworkCredential,.ctor,2002010e0e
1598,,get_Item,2001130008
1599,,get_Count,200008
1600,,.ctor,200001
1601,,.ctor,200001
1602,,.ctor,200001
1603,,.ctor,200001
1604,,.ctor,200001
1605,,.ctor,200001
1606,,ContainsKey,2001021300
1607,,set_Item,20020113001301
1608,,get_Item,200113011300
1609,,get_Values,2000151280fd0213001301
1610,,GetEnumerator,20001511819d0213001301
1611,,get_Current,20001301
1612,,MoveNext,200002
1613,,.ctor,2002011c18
1614,,.ctor,2002011c18
1615,,.ctor,2002011c18
1616,,.ctor,2002011c18
1617,,RemoveAll,20010815128165011300
1618,,.ctor,2002011c18
1619,,Sort,200101151281ad011300
1620,,.ctor,200001
1621,,get_Value,20001301
1622,,get_Key,20001300
1623,,.ctor,200001
1624,,ContainsKey,2001021300
1625,,set_Item,20020113001301
1626,,get_Item,200113011300
1627,,get_Values,2000151280fd0213001301
1628,,.ctor,2002011c18
1629,,RemoveAll,20010815128165011300
1630,,.ctor,2002011c18
1631,,Sort,200101151281ad011300
1632,,.ctor,200001
1633,,.ctor,200001
1634,,ContainsKey,2001021300
1635,,set_Item,20020113001301
1636,,get_Item,200113011300
1637,,get_Values,2000151280fd0213001301
1638,,GetEnumerator,20001511819d0213001301
1639,,get_Current,20001301
1640,,MoveNext,200002
1641,,.ctor,2002011c18
1642,,RemoveAll,20010815128165011300
1643,,.ctor,2002011c18
1644,,Sort,200101151281ad011300
1645,,.ctor,200001
1646,,.ctor,200001
1647,,ContainsKey,2001021300
1648,,set_Item,20020113001301
1649,,get_Item,200113011300
1650,,get_Values,2000151280fd0213001301
1651,,GetEnumerator,20001511819d0213001301
1652,,get_Current,20001301
1653,,MoveNext,200002
1654,,.ctor,2002011c18
1655,,RemoveAll,20010815128165011300
1656,,.ctor,2002011c18
1657,,Sort,200101151281ad011300
1658,,.ctor,200001
1659,,.ctor,200001
1660,,.ctor,200001
1661,,get_Item,2001130008
1662,,get_Count,200008
1663,,.ctor,200001
1664,System.Windows.Forms.Form,.ctor,200001
1665,,Add,2001011300
1666,System.Windows.Forms.RadioButton,.ctor,200001
1667,System.Windows.Forms.GroupBox,.ctor,200001
1668,System.Windows.Forms.TextBox,.ctor,200001
1669,System.Windows.Forms.Label,.ctor,200001
1670,System.Windows.Forms.CheckBox,.ctor,200001
1671,System.Windows.Forms.ComboBox,.ctor,200001
1672,System.Drawing.Font,.ctor,2005010e0c1182691184c505
1673,System.Windows.Forms.MouseEventHandler,.ctor,2002011c18
1674,System.Windows.Forms.KeyEventHandler,.ctor,2002011c18
1675,System.Windows.Forms.KeyPressEventHandler,.ctor,2002011c18
1676,,.ctor,200001
1677,System.Windows.Forms.Padding,.ctor,20040108080808
1678,System.Windows.Forms.TabControl,get_TabPages,20001284e9
1679,,get_Count,200008
1680,,get_Keys,200015128399011300
1681,,set_Item,20020113001301
1682,,get_Item,2001130008
1683,,ContainsKey,2001021300
1684,,get_Item,200113011300
1685,,TryRemove,2002021300101301
1686,,Clear,200001
1687,System.Windows.Forms.FontDialog,.ctor,200001
1688,,Clear,200001
1689,,.ctor,200001
1690,,TryGetValue,2002021300101301
1691,,.ctor,2002011c18
1692,,.ctor,2002011c18
1693,,.ctor,200001
1694,,GetEnumerator,200015118151011300
1695,,get_Current,20001300
1696,,ContainsKey,2001021300
1697,,set_Item,20020113001301
1698,,get_Item,200113011300
1699,,MoveNext,200002
1700,,get_Values,2000151280fd0213001301
1701,,.ctor,2002011c18
1702,,GetEnumerator,200015118151011300
1703,,get_Current,20001300
1704,,MoveNext,200002
1705,,.ctor,2002011c18
1706,,GetEnumerator,200015118151011300
1707,,get_Current,20001300
1708,,MoveNext,200002
1709,,GetEnumerator,200015118151011300
1710,,get_Current,20001300
1711,,MoveNext,200002
1712,,.ctor,2002011c18
1713,,.ctor,2002011c18
1714,,.ctor,2002011c18
1715,,.ctor,2002011c18
1716,,get_Count,200008
1717,,get_Item,2001130008
1718,,get_Count,200008
1719,,get_Item,2001130008
1720,,.ctor,2002011c18
1721,,get_Values,200015128399011301
1722,,.ctor,2002011c18
1723,,get_Count,200008
1724,,get_Item,2001130008
1725,,.ctor,2002011c18
1726,,.ctor,2002011c18
1727,,get_Count,200008
1728,,get_Item,2001130008
1729,,Insert,200201081300
1730,,RemoveAt,20010108
1731,,get_Count,200008
1732,,.ctor,2002011c18
1733,,.ctor,2001011300
1734,System.ComponentModel.Container,.ctor,200001
1735,System.Windows.Forms.DataGridViewCellStyle,.ctor,200001
1736,System.Windows.Forms.TabControl,.ctor,200001
1737,System.Windows.Forms.TabPage,.ctor,200001
1738,System.Windows.Forms.DataGridView,.ctor,200001
1739,System.Windows.Forms.NumericUpDown,.ctor,200001
1740,System.Windows.Forms.Timer,.ctor,2001011284b1
1741,System.Windows.Forms.ContextMenuStrip,.ctor,2001011284b1
1742,System.Windows.Forms.ToolStripMenuItem,.ctor,200001
1743,System.Windows.Forms.DrawItemEventHandler,.ctor,2002011c18
1744,System.Windows.Forms.Padding,.ctor,20010108
1745,System.Windows.Forms.DataGridViewCellFormattingEventHandler,.ctor,2002011c18
1746,System.Windows.Forms.DataGridViewCellMouseEventHandler,.ctor,2002011c18
1747,System.Windows.Forms.DataGridViewColumnEventHandler,.ctor,2002011c18
1748,System.Decimal,.ctor,2001011d08
1749,System.Windows.Forms.PaintEventHandler,.ctor,2002011c18
1750,System.Windows.Forms.FormClosedEventHandler,.ctor,2002011c18
1751,,.ctor,2001011300
1752,,get_Key,20001300
1753,,get_Symbol,20001300
1754,,.ctor,2002011c18
1755,,.ctor,200001
1756,,Clear,200001
1757,,Add,2001011300
1758,,Clear,200001
1759,,GetEnumerator,2000151281e5011511811d0213001301
1760,,get_Current,20001300
1761,,get_Value,20001301
1762,,get_Key,20001300
1763,,TryAdd,20020213001301
1764,,.ctor,200001
1765,,.ctor,200001
1766,,.ctor,200001
1767,,Contains,2001021300
1768,System.Decimal,MinusOne,061180ed
1769,,get_Item,2001130008
1770,,.ctor,2002011c18
1771,,.ctor,2002011c18
1772,,.ctor,2002011c18
1773,,Clear,200001
1774,,.ctor,2002011c18
1775,,RemoveAll,20010815128165011300
1776,,RemoveAt,20010108
1777,,.ctor,2002011c18
1778,,ForEach,200101151280b9011300
1779,,GetEnumerator,200015118151011300
1780,,get_Current,20001300
1781,,MoveNext,200002
1782,,.ctor,2002011c18
1783,,get_Count,200008
1784,,get_Count,200008
1785,,Reverse,200001
1786,,get_Item,2001130008
1787,System.Windows.Forms.ToolStripSeparator,.ctor,200001
1788,System.Windows.Forms.DataGridViewCellEventHandler,.ctor,2002011c18
1789,,.ctor,200001
1790,,get_Values,2000151280fd0213001301
1791,,.ctor,2002011c18
1792,,.ctor,2002011c18
1793,,.ctor,2002011c18
1794,,Add,2001011300
1795,System.Windows.Forms.ListBox,.ctor,200001
1796,,get_Value,20001301
1797,,get_Key,20001300
1798,,.ctor,200001
1799,,Add,2001011300
1800,,get_Count,200008
1801,,get_Item,2001130008
1802,System.Drawing.StringFormat,.ctor,200001
1803,System.Drawing.Pen,.ctor,20020111816d0c
1804,,Set,200301080808
1805,,Get,2002080808
1806,System.Windows.Forms.DataFormats,Text,060e
1807,,.ctor,2002011c18
1808,,Reverse,200001
1809,System.Windows.Forms.MethodInvoker,.ctor,2002011c18
1810,System.Windows.Forms.Control,Invoke,20011c128549
1811,System.Windows.Forms.ToolStripComboBox,get_Items,20001282c5
1812,System.Windows.Forms.ToolTip,.ctor,2001011284b1
1813,System.Windows.Forms.DragEventHandler,.ctor,2002011c18
1814,,GetEnumerator,200015118151011300
1815,,get_Current,20001300
1816,,MoveNext,200002
1817,System.Windows.Forms.ToolStripComboBox,.ctor,200001
1818,,.ctor,200001
1819,,get_Keys,2000151282450213001301
1820,,.ctor,200001
1821,,get_Keys,200015128399011300
1822,,get_Values,200015128399011301
1823,,.ctor,2002011c18
1824,,.ctor,200001
1825,,get_Count,200008
1826,,set_Item,20020113001301
1827,,TryGetValue,2002021300101301
1828,,get_Item,2001130008
1829,,ContainsKey,2001021300
1830,,get_Item,200113011300
1831,,TryRemove,2002021300101301
1832,,Clear,200001
1833,,.ctor,200001
1834,,.ctor,2002011c18
1835,,Add,2001011300
1836,,.ctor,200001
1837,,GetEnumerator,200015118151011300
1838,,get_Current,20001300
1839,,ContainsKey,2001021300
1840,,set_Item,20020113001301
1841,,get_Item,200113011300
1842,,MoveNext,200002
1843,,get_Values,2000151280fd0213001301
1844,,.ctor,2002011c18
1845,,GetEnumerator,200015118151011300
1846,,get_Current,20001300
1847,,MoveNext,200002
1848,,.ctor,2002011c18
1849,,.ctor,2002011c18
1850,,.ctor,200001
1851,,get_Count,200008
1852,,get_Item,2001130008
1853,,get_Values,2000151280fd0213001301
1854,,.ctor,2002011c18
1855,,get_Count,200008
1856,,get_Item,2001130008
1857,,Reverse,200001
1858,,get_Count,200008
1859,,get_Item,2001130008
1860,,.ctor,2002011c18
1861,,get_Count,200008
1862,,get_Item,2001130008
1863,,Insert,200201081300
1864,,RemoveAt,20010108
1865,,get_Count,200008
1866,System.DateTime,.ctor,20070108080808080808
1867,,.ctor,200001
1868,,.ctor,200001
1869,,Clear,200001
1870,,Add,2001011300
1871,,GetEnumerator,2000151281e5011511811d0213001301
1872,,get_Current,20001300
1873,,get_Value,20001301
1874,,get_Key,20001300
1875,,TryGetValue,2002021300101301
1876,,TryAdd,20020213001301
1877,,.ctor,200001
1878,,set_Item,20020113001301
1879,,ContainsKey,2001021300
1880,,get_Item,200113011300
1881,,.ctor,200001
1882,,set_Item,20020113001301
1883,,ContainsKey,2001021300
1884,,get_Item,200113011300
1885,,.ctor,200001
1886,,GetEnumerator,20001511819d0213001301
1887,,get_Current,20001301
1888,,MoveNext,200002
1889,,.ctor,2002011c18
1890,,.ctor,2002011c18
1891,,RemoveAll,20010815128165011300
1892,,Clear,200001
1893,,.ctor,200001
1894,,Add,2001011300
1895,,GetEnumerator,200015118151011300
1896,,get_Current,20001300
1897,,.ctor,200001
1898,,Clear,200001
1899,,MoveNext,200002
1900,,Contains,2001021300
1901,,get_Count,200008
1902,,GetEnumerator,200015118151011300
1903,,get_Current,20001300
1904,,MoveNext,200002
1905,,.ctor,200001
1906,,Add,2001011300
1907,,.ctor,2002011c18
1908,,GetEnumerator,2000151281e5011300
1909,,get_Current,20001300
1910,,get_Item,2001130008
1911,,GetEnumerator,2000151281e5011300
1912,,get_Current,20001300
1913,,ContainsKey,2001021300
1914,,.ctor,200001
1915,,Add,20020113001301
1916,,get_Item,200113011300
1917,,.ctor,2002011c18
1918,,.ctor,2002011c18
1919,,.ctor,200001
1920,,Clear,200001
1921,,get_HasValue,200002
1922,,.ctor,2001011300
1923,,TryGetValue,2002021300101301
1924,,get_Value,20001300
1925,,set_Item,20020113001301
1926,,Add,20020113001301
1927,,.ctor,2002011c18
1928,,ContainsKey,2001021300
1929,,TryAdd,20020213001301
1930,,TryRemove,2002021300101301
1931,,.ctor,200001
1932,,.ctor,200001
1933,,get_Key,20001300
1934,,.ctor,20010108
1935,,.ctor,2002011c18
1936,,.ctor,2002011c18
1937,,GetEnumerator,200015118151011300
1938,,get_Current,20001300
1939,,MoveNext,200002
1940,,.ctor,2002011c18
1941,,RemoveAll,20010815128165011300
1942,,.ctor,2002011c18
1943,,.ctor,2002011c18
1944,,Add,2001011300
1945,,RemoveAt,20010108
1946,,get_Item,2001130008
1947,,get_Count,200008
1948,,Add,2001011300
1949,,.ctor,2002011c18
1950,,GetEnumerator,200015118151011300
1951,,get_Current,20001300
1952,,MoveNext,200002
1953,,.ctor,2002011c18
1954,,get_Count,200008
1955,,get_Item,2001130008
1956,,.ctor,200001
1957,,.ctor,200001
1958,,.ctor,200001
1959,,.ctor,200001
1960,,.ctor,200001
1961,,.ctor,200001
1962,System.Linq.Enumerable,Distinct,10010115128105011e0015128105011e00
1963,,.ctor,2002011c18
1964,,ForEach,200101151280b9011300
1965,,.ctor,2002011c18
1966,,Clear,200001
1967,,Remove,2001021300
1968,,get_Item,2001130008
1969,,RemoveAt,20010108
1970,,Clear,200001
1971,,Clear,200001
1972,,Add,2001011300
1973,,get_Item,2001130008
1974,,get_Item,2001130008
1975,,get_Item,200113000e
1976,,Clear,200001
1977,,Clear,200001
1978,,get_Count,200008
1979,,get_Item,2001130008
1980,,.ctor,2002011c18
1981,,.ctor,200001
1982,System.Drawing.PointF,.ctor,2002010c0c
1983,,Add,2001011300
1984,,get_Count,200008
1985,,.ctor,2002011c18
1986,,ToArray,20001d1300
1987,,Clear,200001
1988,,ContainsKey,2001021300
1989,,set_Item,20020113001301
1990,,get_Item,200113011300
1991,,.ctor,2002011c18
1992,,.ctor,2002011c18
1993,,get_Count,200008
1994,,get_Item,2001130008
1995,,get_Count,200008
1996,,get_Item,2001130008
1997,,get_Count,200008
1998,,get_Item,2001130008
1999,,.ctor,2002011c18
2000,,.ctor,2002011c18
2001,,get_Count,200008
2002,,get_Item,2001130008
2003,,get_Count,200008
2004,,get_Item,2001130008
2005,,get_Count,200008
2006,,.ctor,2002011c18
2007,,.ctor,2002011c18
2008,,get_Item,2001130008
2009,,get_Count,200008
2010,,get_Item,2001130008
2011,,.ctor,2002011c18
2012,,.ctor,2002011c18
2013,,.ctor,2002011c18
2014,,get_Count,200008
2015,,.ctor,2002011c18
2016,,get_Item,2001130008
2017,,get_Count,200008
2018,,get_Item,2001130008
2019,,.ctor,200001
2020,,.ctor,2002011c18
2021,,.ctor,2002011c18
2022,,Add,2001011300
2023,,GetEnumerator,200015118151011300
2024,,get_Current,20001300
2025,,MoveNext,200002
2026,,.ctor,200001
2027,,GetEnumerator,200015118151011300
2028,,get_Current,20001300
2029,,ContainsKey,2001021300
2030,,set_Item,20020113001301
2031,,get_Item,200113011300
2032,,MoveNext,200002
2033,,get_Values,2000151280fd0213001301
2034,,.ctor,2002011c18
2035,,get_Count,200008
2036,,get_Item,2001130008
2037,,get_Item,2001130008
2038,,Clear,200001
2039,,GetEnumerator,200015118151011300
2040,,get_Current,20001300
2041,,ContainsKey,2001021300
2042,,set_Item,20020113001301
2043,,get_Item,200113011300
2044,,MoveNext,200002
2045,,get_Values,2000151280fd0213001301
2046,,GetEnumerator,20001511819d0213001301
2047,,get_Current,20001301
2048,,MoveNext,200002
2049,,.ctor,2002011c18
2050,,.ctor,2002011c18
2051,,get_Count,200008
2052,,get_Item,2001130008
2053,,.ctor,2002011c18
2054,,GetEnumerator,200015118151011300
2055,,get_Current,20001300
2056,,MoveNext,200002
2057,,get_Count,200008
2058,,get_Item,2001130008
2059,,.ctor,2002011c18
2060,,RemoveAll,20010815128165011300
2061,,.ctor,2002011c18
2062,,ForEach,200101151280b9011300
2063,,.ctor,2002011c18
2064,,.ctor,2002011c18
2065,,.ctor,2002011c18
2066,,.ctor,2002011c18
2067,,Reverse,200001
2068,,.ctor,200001
2069,,ContainsKey,2001021300
2070,,set_Item,20020113001301
2071,,get_Item,200113011300
2072,,get_Values,2000151280fd0213001301
2073,,GetEnumerator,200015118151011300
2074,,get_Current,20001300
2075,,MoveNext,200002
2076,,.ctor,2002011c18
2077,,AddRange,20010115128105011300
2078,,RemoveAll,20010815128165011300
2079,,.ctor,2002011c18
2080,,ForEach,200101151280b9011300
2081,,.ctor,2002011c18
2082,,.ctor,2002011c18
2083,,.ctor,2002011c18
2084,,ContainsKey,2001021300
2085,,.ctor,200001
2086,,set_Item,20020113001301
2087,,get_Item,200113011300
2088,,get_Values,2000151280fd0213001301
2089,,GetEnumerator,20001511819d0213001301
2090,,get_Current,20001301
2091,,Add,2001011300
2092,,MoveNext,200002
2093,,.ctor,2002011c18
2094,,GetEnumerator,200015118151011300
2095,,get_Current,20001300
2096,,MoveNext,200002
2097,System.Linq.Enumerable,Max,1001020d15128105011e00151280d1021e000d
2098,System.Linq.Enumerable,Min,1001020d15128105011e00151280d1021e000d
2099,,.ctor,200001
2100,,Add,2001011300
2101,,GetEnumerator,200015118151011300
2102,,get_Current,20001300
2103,,MoveNext,200002
2104,,.ctor,200001
2105,,Add,2001011300
2106,,GetEnumerator,200015118151011300
2107,,get_Current,20001300
2108,,MoveNext,200002
2109,,.ctor,200001
2110,,Add,2001011300
2111,,GetEnumerator,200015118151011300
2112,,get_Current,20001300
2113,,MoveNext,200002
2114,,.ctor,2002011c18
2115,,get_Values,2000151280fd0213001301
2116,,GetEnumerator,200015118151011300
2117,,get_Current,20001300
2118,,MoveNext,200002
2119,,GetEnumerator,200015118151011300
2120,,get_Current,20001300
2121,,AddRange,20010115128105011300
2122,,MoveNext,200002
2123,,.ctor,200001
2124,,Add,2001011300
2125,System.Windows.Forms.DataVisualization.Charting.ChartArea,.ctor,200001
2126,System.Windows.Forms.DataVisualization.Charting.Series,.ctor,200001
2127,System.Windows.Forms.DateTimePicker,.ctor,200001
2128,System.Windows.Forms.DataVisualization.Charting.Chart,.ctor,200001
2129,,Add,2001011300
2130,,Add,2001011300
2131,,AddRange,20010115128105011300
2132,,Add,2001011300
2133,,AddRange,20010115128105011300
2134,,.ctor,200001
2135,,.ctor,200001
2136,,get_Count,200008
2137,,set_Item,20020113001301
2138,,.ctor,200001
2139,,.ctor,200001
2140,,.ctor,200001
2141,,ContainsKey,2001021300
2142,,get_Item,200113011300
2143,,get_Values,200015128399011301
2144,,.ctor,2002011c18
2145,System.Drawing.Rectangle,Empty,0611818d
2146,System.Windows.Forms.DataGridView,HitTest,20021285710808
2147,,.ctor,200001
2148,,Clear,200001
2149,,GetEnumerator,200015118151011300
2150,,get_Current,20001300
2151,,ContainsKey,2001021300
2152,,set_Item,20020113001301
2153,,get_Item,200113011300
2154,,.ctor,2002011c18
2155,,AddOrUpdate,20031301130013011512828503130013011301
2156,,MoveNext,200002
2157,,Clear,200001
2158,,set_Item,20020113001301
2159,,get_Count,200008
2160,,GetEnumerator,2000151182550213001301
2161,,get_Current,20001511811d0213001301
2162,,get_Key,20001300
2163,,get_Value,20001301
2164,,MoveNext,200002
2165,,ContainsKey,2001021300
2166,,get_Item,200113011300
2167,,.ctor,2002011c18
2168,,FindIndex,20010815128165011300
2169,,.ctor,2002011c18
2170,,Reverse,200001
2171,,get_Count,200008
2172,,get_Item,2001130008
2173,,get_Value,20001301
2174,,get_Key,20001300
2175,,ContainsKey,2001021300
2176,,get_Item,200113011300
2177,,Clear,200001
2178,,ContainsKey,2001021300
2179,,get_Item,200113011300
2180,,TryAdd,20020213001301
2181,,TryRemove,2002021300101301
2182,System.Timers.Timer,.ctor,2001010d
2183,System.Timers.ElapsedEventHandler,.ctor,2002011c18
2184,,get_Count,200008
2185,,get_Values,200015128399011301
2186,,.ctor,2002011c18
2187,,get_Count,200008
2188,,get_Item,2001130008
2189,,ContainsKey,2001021300
2190,,get_Item,200113011300
2191,System.Linq.Enumerable,ElementAt,1001021e0015128105011e0008
2192,,get_Count,200008
2193,,.ctor,200001
2194,,get_Item,2001130008
2195,,TryRemove,2002021300101301
2196,,set_Item,20020113001301
2197,,get_Count,200008
2198,,.ctor,200001
2199,,.ctor,200001
2200,,.ctor,2002011c18
2201,,AddOrUpdate,20031301130013011512828503130013011301
2202,,Add,2001011300
2203,,.ctor,200001
2204,System.ComponentModel.AsyncCompletedEventHandler,.ctor,2002011c18
2205,System.Net.DownloadProgressChangedEventHandler,.ctor,2002011c18
2206,,.ctor,2002011c18
2207,,RemoveAt,20010108
2208,,GetEnumerator,2000151281e5011300
2209,,get_Current,20001300
2210,nsoftware.IPWorks.Http,.ctor,2001011284b1
2211,OnEndTransferHandler,.ctor,2002011c18
2212,nsoftware.IPWorks.Http,add_OnEndTransfer,20010112859d
2213,OnTransferHandler,.ctor,2002011c18
2214,nsoftware.IPWorks.Http,add_OnTransfer,2001011285a1
2215,System.IO.StreamWriter,.ctor,2001010e
2216,System.String,StartsWith,2001020e
2217,,set_Item,200201081300
2218,System.Runtime.InteropServices.Marshal,SizeOf,10010008
2219,,.ctor,200001
2220,System.Windows.Forms.WebBrowser,.ctor,200001
2221,,.ctor,200001
2222,,GetEnumerator,2000151281e5011300
2223,,get_Current,20001300
2224,System.Runtime.CompilerServices.AsyncTaskMethodBuilder,Start,30010101101e00
2225,,Clear,200001
2226,,.ctor,200001
2227,,get_Item,200113011300
2228,,ContainsKey,2001021300
2229,,get_Item,200113011300
2230,,get_Item,2001130008
2231,,Add,2001011300
2232,,get_Count,200008
2233,,set_Item,20020113001301
2234,,.ctor,2002011c18
2235,,.ctor,2002011c18
2236,,.ctor,2002011c18
2237,,.ctor,2002011c18
2238,,get_Count,200008
2239,,get_Item,2001130008
2240,,Clear,200001
2241,,.ctor,200001
2242,,ContainsKey,2001021300
2243,,get_Item,200113011300
2244,,Add,2001011300
2245,,set_Item,20020113001301
2246,,.ctor,2002011c18
2247,,get_Count,200008
2248,,.ctor,2002011c18
2249,,.ctor,2002011c18
2250,,.ctor,2002011c18
2251,,get_Item,2001130008
2252,,Clear,200001
2253,,.ctor,200001
2254,,ContainsKey,2001021300
2255,,get_Item,200113011300
2256,,Add,2001011300
2257,,set_Item,20020113001301
2258,,.ctor,2002011c18
2259,,get_Count,200008
2260,,.ctor,2002011c18
2261,,.ctor,2002011c18
2262,,get_Item,2001130008
2263,,.ctor,200001
2264,,.ctor,200001
2265,,.ctor,200001
2266,,set_Item,20020113001301
2267,,ContainsKey,2001021300
2268,,GetAwaiter,20001511812d011300
2269,,get_IsCompleted,200002
2270,,GetResult,20001300
2271,System.Runtime.CompilerServices.AsyncTaskMethodBuilder,AwaitUnsafeOnCompleted,30020201101e00101e01
2272,,GetAwaiter,20001511812d011300
2273,,get_IsCompleted,200002
2274,,GetResult,20001300
2275,System.IO.FileStream,.ctor,2006010e11815911815d1181610802
2276,,get_HasValue,200002
2277,,get_Value,20001300
2278,,Report,2001011300
2279,,GetAwaiter,20001511812d011300
2280,,get_IsCompleted,200002
2281,,GetResult,20001300
2282,,.ctor,2002011c18
2283,,.ctor,200101151280b9011300
2284,,get_Item,2001130008
2285,,GetEnumerator,200015118151011300
2286,,get_Current,20001300
2287,,MoveNext,200002
2288,,GetEnumerator,200015118151011300
2289,,get_Current,20001300
2290,,MoveNext,200002
2291,,RemoveAt,20010108
2292,,Clear,200001
2293,,.ctor,2002011c18
2294,,get_Count,200008
2295,,.ctor,200001
2296,,.ctor,200001
2297,,get_Item,2001130008
2298,,get_Count,200008
2299,System.Decimal,.ctor,2001010a
2300,,Add,2001011300
2301,,Add,2001011300
2302,,get_Item,2001130008
2303,,GetEnumerator,200015118151011300
2304,,get_Current,20001300
2305,,MoveNext,200002
2306,,.ctor,2002011c18
2307,,RemoveAt,20010108
2308,,Clear,200001
2309,,.ctor,2002011c18
2310,,.ctor,2002011c18
2311,,get_Count,200008
2312,,.ctor,200001
2313,,Add,2001011300
2314,,.ctor,200001
2315,,get_Keys,2000151282450213001301
2316,,Clear,200001
2317,,get_Count,200008
2318,,get_Item,2001130008
2319,,Add,2001011300
2320,,RemoveAt,20010108
2321,,.ctor,2002011c18
2322,,set_Item,20020113001301
2323,,get_Item,200113011300
2324,,get_Item,2001130008
2325,,GetEnumerator,200015118151011300
2326,,get_Current,20001300
2327,,MoveNext,200002
2328,,RemoveAt,20010108
2329,,Clear,200001
2330,,.ctor,2002011c18
2331,,get_Count,200008
2332,,.ctor,200001
2333,,Add,2001011300
2334,,get_Item,2001130008
2335,,get_Count,200008
2336,,.ctor,200001
2337,,.ctor,2002011c18
2338,,get_Item,2001130008
2339,,.ctor,2002011c18
2340,,get_Item,2001130008
2341,,Add,2001011300
2342,,.ctor,2002011c18
2343,,RemoveAll,20010815128165011300
2344,,Remove,2001021300
2345,,get_Count,200008
2346,System.Windows.Forms.UserControl,.ctor,200001
2347,,get_Item,2001130008
2348,,.ctor,200001
2349,,Add,2001011300
2350,,get_Count,200008
2351,,get_Item,2001130008
2352,,get_Item,2001130008
2353,,GetEnumerator,200015118151011300
2354,,get_Current,20001300
2355,,MoveNext,200002
2356,,RemoveAt,20010108
2357,,Clear,200001
2358,,.ctor,2002011c18
2359,,get_Count,200008
2360,,.ctor,200001
2361,,Add,2001011300
2362,,get_Count,200008
2363,,get_Values,2000151280fd0213001301
2364,,get_Item,2001130008
2365,,get_Count,200008
2366,,Clear,200001
2367,,.ctor,2002011c18
2368,,get_Count,200008
2369,,get_Item,2001130008
2370,,get_Keys,2000151282450213001301
2371,,ContainsKey,2001021300
2372,,get_Item,200113011300
2373,,Add,20020113001301
2374,,.ctor,2002011c18
2375,,Remove,2001021300
2376,System.ComponentModel.ComponentResourceManager,.ctor,2001011281c9
2377,,Clear,200001
2378,,Add,2001011300
2379,,.ctor,200001
2380,,.ctor,200001
2381,,.ctor,200001
2382,,set_Item,20020113001301
2383,,get_Keys,2000151282450213001301
2384,,.ctor,2002011c18
2385,,ForEach,200101151280b9011300
2386,,Clear,200001
2387,,.ctor,20020113001301
2388,,get_Item,2001130008
2389,,get_Item,200113011300
2390,,Add,2001011300
2391,,ContainsKey,2001021300
2392,,set_Item,20020113001301
2393,,get_Item,200113011300
2394,,Clear,200001
2395,,Add,2001011300
2396,,Remove,2001021300
2397,,get_Count,200008
2398,,get_Item,2001130008
2399,,.ctor,2002011c18
2400,,ForEach,200101151280b9011300
2401,,.ctor,2002011c18
2402,,ForEach,200101151280b9011300
2403,,.ctor,200001
2404,,get_Keys,2000151282450213001301
2405,,get_Item,200113011300
2406,System.Windows.Forms.ColorDialog,.ctor,200001
2407,,get_Item,2001130008
2408,,get_Item,2001130008
2409,,get_Count,200008
2410,,Add,2001011300
2411,,RemoveAt,20010108
2412,,ContainsKey,2001021300
2413,,set_Item,20020113001301
2414,,Remove,2001021300
2415,,.ctor,2002011c18
2416,,ForEach,200101151280b9011300
2417,,get_Count,200008
2418,,Clear,200001
2419,,Add,2001011300
2420,,.ctor,2002011c18
2421,,.ctor,2002011c18
2422,,.ctor,2002011c18
2423,,.ctor,200001
2424,,.ctor,200001
2425,,Remove,2001021300
2426,,Clear,200001
2427,,.ctor,2002011c18
2428,,.ctor,2002011c18
2429,,ForEach,200101151280b9011300
2430,,Clear,200001
2431,,Reverse,200001
2432,,get_Count,200008
2433,,get_Item,2001130008
2434,,.ctor,200001
2435,,.ctor,2002011c18
2436,,get_Count,200008
2437,,Add,2001011300
2438,,.ctor,200001
2439,,Add,2001011300
2440,,get_Item,2001130008
2441,,GetEnumerator,200015118151011300
2442,,get_Current,20001300
2443,,MoveNext,200002
2444,,GetEnumerator,200015118151011300
2445,,get_Current,20001300
2446,,MoveNext,200002
2447,,RemoveAt,20010108
2448,,Clear,200001
2449,,.ctor,2002011c18
2450,,get_Count,200008
2451,,.ctor,200001
2452,,.ctor,200001
2453,,get_Item,2001130008
2454,,get_Count,200008
2455,,Add,2001011300
2456,,Add,2001011300
2457,,.ctor,200001
2458,,.ctor,200001
2459,,Add,2001011300
2460,System.Threading.ParameterizedThreadStart,.ctor,2002011c18
2461,System.Threading.Thread,.ctor,2001011285d1
2462,,.ctor,2002011c18
2463,,get_Item,2001130008
2464,,get_Count,200008
2465,,.ctor,2002011c18
2466,,.ctor,2002011c18
2467,,get_Item,2001130008
2468,,Create,00011512828101130012828d
2469,,Target,061300
2470,,Invoke,200301130013011302
2471,,get_Item,2001130008
2472,,get_Count,200008
2473,,.ctor,2002011c18
2474,,.ctor,200001
2475,,Clear,200001
2476,,set_Item,200201081300
2477,,ContainsKey,2001021300
2478,,get_Item,200113011300
2479,,Remove,2001021300
2480,,Clear,200001
2481,,get_Values,2000151280fd0213001301
2482,,.ctor,2002011c18
2483,,get_Value,20001301
2484,,GetEnumerator,2000151281e5011300
2485,,get_Current,20001300
2486,,GetEnumerator,20001511819d0213001301
2487,,get_Current,20001301
2488,,MoveNext,200002
2489,,Clear,200001
2490,,Create,00011512828101130012828d
2491,,Target,061300
2492,,Invoke,20031303130013011302
2493,,Reverse,200001
2494,,get_Count,200008
2495,,get_Item,2001130008
2496,,.ctor,2002011c18
2497,,.ctor,200001
2498,,GetEnumerator,200015118151011300
2499,,get_Current,20001300
2500,,ContainsKey,2001021300
2501,,set_Item,20020113001301
2502,,get_Item,200113011300
2503,,MoveNext,200002
2504,,get_Values,2000151280fd0213001301
2505,,GetEnumerator,20001511819d0213001301
2506,,get_Current,20001301
2507,,MoveNext,200002
2508,,get_Count,200008
2509,,get_Count,200008
2510,,get_Item,2001130008
2511,,Create,00011512828101130012828d
2512,,Target,061300
2513,,Invoke,20091309130013011302130313041305130613071308
2514,,Add,2001011300
2515,,.ctor,200001
2516,,.ctor,200001
2517,,set_Item,20020113001301
2518,,Add,2001011300
2519,,ContainsKey,2001021300
2520,,set_Item,20020113001301
2521,,get_Item,200113011300
2522,,get_Values,2000151280fd0213001301
2523,,GetEnumerator,20001511819d0213001301
2524,,get_Current,20001301
2525,,MoveNext,200002
2526,,Remove,2001021300
2527,,Clear,200001
2528,,.ctor,2002011c18
2529,,get_Value,20001301
2530,,GetEnumerator,2000151281e5011300
2531,,get_Current,20001300
2532,,Clear,200001
2533,,Reverse,200001
2534,,get_Count,200008
2535,,get_Item,2001130008
2536,,.ctor,2002011c18
2537,,GetEnumerator,200015118151011300
2538,,get_Current,20001300
2539,,MoveNext,200002
2540,,get_Count,200008
2541,,get_Item,2001130008
2542,,Add,2001011300
2543,,.ctor,200001
2544,,.ctor,200001
2545,,Add,2001011300
2546,,get_Item,2001130008
2547,,set_Item,20020113001301
2548,,set_Item,20020113001301
2549,,.ctor,2002011c18
2550,,.ctor,2002011c18
2551,,get_Item,2001130008
2552,,.ctor,2002011c18
2553,,.ctor,2002011c18
2554,,.ctor,2002011c18
2555,,get_Count,200008
2556,,get_Item,2001130008
2557,,get_Item,2001130008
2558,,.ctor,200001
2559,,Add,2001011300
2560,,GetEnumerator,200015118151011300
2561,,get_Current,20001300
2562,,get_Count,200008
2563,,Add,2001011300
2564,,MoveNext,200002
2565,,.ctor,2002011c18
2566,,get_Item,2001130008
2567,,set_Item,20020113001301
2568,,ContainsKey,2001021300
2569,,get_Item,200113011300
2570,,ContainsKey,2001021300
2571,,get_Item,200113011300
2572,,Remove,2001021300
2573,,Remove,2001021300
2574,,GetEnumerator,2000151182550213001301
2575,,get_Current,20001511811d0213001301
2576,,get_Key,20001300
2577,,MoveNext,200002
2578,,GetEnumerator,2000151182550213001301
2579,,get_Current,20001511811d0213001301
2580,,get_Key,20001300
2581,,MoveNext,200002
2582,,Clear,200001
2583,,Clear,200001
2584,,Clear,200001
2585,,get_Count,200008
2586,,get_Value,20001301
2587,,get_Values,2000151280fd0213001301
2588,,.ctor,2002011c18
2589,,GetEnumerator,2000151281e5011300
2590,,get_Current,20001300
2591,,get_Count,200008
2592,,get_Value,20001301
2593,,.ctor,200001
2594,,Clear,200001
2595,,Add,2001011300
2596,,get_Count,200008
2597,,.ctor,2002011c18
2598,,.ctor,2002011c18
2599,System.Linq.Enumerable,Max,1001021180ed15128105011e00151280d1021e001180ed
2600,System.Linq.Enumerable,Min,1001021180ed15128105011e00151280d1021e001180ed
2601,,get_Item,2001130008
2602,,Reverse,200001
2603,,.ctor,2002011c18
2604,,get_Count,200008
2605,,get_Item,2001130008
2606,,.ctor,2002011c18
2607,,get_Count,200008
2608,,get_Item,2001130008
2609,,GetEnumerator,20001511819d0213001301
2610,,get_Current,20001301
2611,,MoveNext,200002
2612,,Reverse,200001
2613,,get_Count,200008
2614,,get_Item,2001130008
2615,,get_Values,2000151280fd0213001301
2616,,.ctor,2002011c18
2617,,get_Count,200008
2618,,get_Item,2001130008
2619,,GetEnumerator,20001511819d0213001301
2620,,get_Current,20001301
2621,,MoveNext,200002
2622,,.ctor,2002011c18
2623,,.ctor,2002011c18
2624,,.ctor,2002011c18
2625,,Reverse,200001
2626,,get_Count,200008
2627,,get_Item,200113011300
2628,,GetEnumerator,200015118151011300
2629,,get_Current,20001300
2630,,MoveNext,200002
2631,,GetEnumerator,200015118151011300
2632,,get_Current,20001300
2633,,MoveNext,200002
2634,,.ctor,2002011c18
2635,,GetEnumerator,2000151182550213001301
2636,,get_Current,20001511811d0213001301
2637,,get_Key,20001300
2638,,MoveNext,200002
2639,,Remove,2001021300
2640,,Clear,200001
2641,,.ctor,2002011c18
2642,,ForEach,200101151280b9011300
2643,,.ctor,2002011c18
2644,,RemoveAll,20010815128165011300
2645,,RemoveAt,20010108
2646,System.Windows.Forms.ProgressBar,.ctor,200001
2647,System.Windows.Forms.PictureBox,.ctor,200001
2648,,get_Value,20001301
2649,,get_Keys,2000151282450213001301
2650,,Add,2001011300
2651,,Add,2001011300
2652,,.ctor,200001
2653,,.ctor,200001
2654,,.ctor,200001
2655,,.ctor,200001
2656,,.ctor,200001
2657,,.ctor,200001
2658,System.Windows.Forms.CheckedListBox,get_Items,20001285ed
2659,,get_Values,2000151280fd0213001301
2660,,get_Item,2001130008
2661,,get_Count,200008
2662,,ContainsKey,2001021300
2663,,get_Item,200113011300
2664,,Add,2001011300
2665,,.ctor,2002011c18
2666,,.ctor,2002011c18
2667,,.ctor,2002011c18
2668,,get_Values,2000151280fd0213001301
2669,,GetEnumerator,20001511819d0213001301
2670,,get_Current,20001301
2671,,MoveNext,200002
2672,System.Windows.Forms.SaveFileDialog,.ctor,200001
2673,,.ctor,200001
2674,,GetEnumerator,2000151182550213001301
2675,,get_Current,20001511811d0213001301
2676,,get_Value,20001301
2677,,get_Key,20001300
2678,,set_Item,20020113001301
2679,,MoveNext,200002
2680,,Clear,200001
2681,,get_Values,2000151280fd0213001301
2682,,GetEnumerator,20001511819d0213001301
2683,,get_Current,20001301
2684,,MoveNext,200002
2685,,.ctor,2002011c18
2686,,ForEach,200101151280b9011300
2687,,Clear,200001
2688,,.ctor,2002011c18
2689,,RemoveAll,20010815128165011300
2690,,RemoveAt,20010108
2691,,get_Count,200008
2692,System.Windows.Forms.CheckedListBox,get_CheckedItems,20001285f5
2693,,GetEnumerator,200015118151011300
2694,,get_Current,20001300
2695,,MoveNext,200002
2696,,.ctor,2002011c18
2697,,.ctor,2002011c18
2698,,GetEnumerator,20001511819d0213001301
2699,,get_Current,20001301
2700,,MoveNext,200002
2701,,.ctor,2002011c18
2702,,GetEnumerator,200015118151011300
2703,,get_Current,20001300
2704,,MoveNext,200002
2705,,Reverse,200001
2706,,get_Count,200008
2707,,get_Item,2001130008
2708,,GetEnumerator,200015118151011300
2709,,get_Current,20001300
2710,,MoveNext,200002
2711,,.ctor,2002011c18
2712,,RemoveAll,20010815128165011300
2713,,.ctor,200001
2714,,.ctor,2002011c18
2715,System.Linq.Enumerable,Count,1001020815128105011e00151280d1021e0002
2716,,.ctor,2002011c18
2717,,RemoveAll,20010815128165011300
2718,,.ctor,2002011c18
2719,,get_Count,200008
2720,,get_Item,2001130008
2721,,GetEnumerator,200015118151011300
2722,,get_Current,20001300
2723,,MoveNext,200002
2724,,Clear,200001
2725,,Add,2001011300
2726,System.Windows.Forms.CheckedListBox,.ctor,200001
2727,,Clear,200001
2728,,set_Item,20020113001301
2729,,GetEnumerator,2000151182550213001301
2730,,get_Current,20001511811d0213001301
2731,,get_Key,20001300
2732,,MoveNext,200002
2733,,ContainsKey,2001021300
2734,,get_Item,200113011300
2735,,.ctor,200001
2736,System.Windows.Forms.ListBox,get_SelectedItems,20001285f9
2737,,.ctor,200001
2738,,GetEnumerator,2000151182550213001301
2739,,get_Current,20001511811d0213001301
2740,,get_Value,20001301
2741,,get_Key,20001300
2742,,set_Item,20020113001301
2743,,MoveNext,200002
2744,,Clear,200001
2745,,get_Item,200113011300
2746,,ContainsKey,2001021300
2747,,Add,20020113001301
2748,,.ctor,2002011c18
2749,,get_Count,200008
2750,,get_Item,2001130008
2751,,.ctor,2002011c18
2752,,.ctor,2002011c18
2753,,RemoveAll,20010815128165011300
2754,,.ctor,2002011c18
2755,,get_Count,200008
2756,,get_Item,2001130008
2757,,Add,2001011300
2758,,.ctor,200001
2759,,get_Values,2000151280fd0213001301
2760,,GetEnumerator,20001511819d0213001301
2761,,get_Current,20001301
2762,,MoveNext,200002
2763,,.ctor,200001
2764,,get_Count,200008
2765,,ContainsKey,2001021300
2766,,get_Item,200113011300
2767,,get_Count,200008
2768,,TryDequeue,200102101300
2769,,.ctor,2002011c18
2770,,Remove,2001021300
2771,,.ctor,2002011c18
2772,,get_Count,200008
2773,,RemoveAt,20010108
2774,,get_Item,2001130008
2775,,get_Data,20001300
2776,,get_Item,2001130008
2777,,get_Count,200008
2778,,get_Data,20001300
2779,,get_Item,2001130008
2780,,.ctor,2002011c18
2781,,.ctor,2002011c18
2782,,get_Count,200008
2783,System.Net.WebSockets.ClientWebSocket,.ctor,200001
2784,,.ctor,2001011d1300
2785,,GetAwaiter,20001511812d011300
2786,,get_IsCompleted,200002
2787,,GetResult,20001300
2788,System.Text.UTF8Encoding,.ctor,200001
2789,,GetEnumerator,2000151182410213001301
2790,,get_Current,20001300
2791,,MoveNext,200002
2792,,ContainsKey,2001021300
2793,,get_Item,200113011300
2794,,get_Count,200008
2795,,.ctor,2002011c18
2796,,.ctor,2002011c18
2797,,.ctor,2002011c18
2798,,.ctor,2002011c18
2799,,.ctor,2002011c18
2800,System.Linq.Enumerable,LastOrDefault,1001021e0015128105011e00151280d1021e0002
2801,,get_Item,2001130008
2802,,.ctor,2002011c18
2803,,get_Count,200008
2804,System.Windows.Forms.ToolStripItemClickedEventHandler,.ctor,2002011c18
2805,,get_Item,2001130008
2806,System.Windows.Forms.Control,Invoke,20021c1285491d1c
2807,,get_Count,200008
2808,,GetEnumerator,200015118151011300
2809,,get_Current,20001300
2810,,MoveNext,200002
2811,System.Drawing.StringFormat,.ctor,20020111844108
2812,,.ctor,2002011c18
2813,,.ctor,2002011c18
2814,,FindIndex,20010815128165011300
2815,System.Linq.Enumerable,Cast,10010115128105011e0012827d
2816,,.ctor,2002011c18
2817,,.ctor,2002011c18
2818,System.Drawing.Color,Empty,0611816d
2819,,.ctor,2002011c18
2820,,Find,2001130015128165011300
2821,,.ctor,2002011c18
2822,,Find,2001130015128165011300
2823,System.Windows.Forms.DataGridViewCellCancelEventHandler,.ctor,2002011c18
2824,System.Xml.XmlNamespaceManager,.ctor,200101128635
2825,,GetEnumerator,2000151281e5011300
2826,,get_Current,20001300
2827,System.Windows.Forms.RichTextBox,.ctor,200001
2828,System.Collections.IEnumerator,MoveNext,200002
2829,,.ctor,200001
2830,,Push,2001011300
2831,,Pop,20001300
2832,System.Collections.IEnumerator,Reset,200001
2833,System.NotSupportedException,.ctor,200001
2834,System.Collections.IEnumerator,get_Current,20001c
2835,System.Collections.IEnumerable,GetEnumerator,2000128275
2836,,.ctor,2002011c18
2837,,ForEach,200101151280b9011300
2838,System.Threading.CancellationTokenSource,.ctor,200001
2839,,get_Count,200008
2840,,get_Item,2001130008
2841,,get_Count,200008
2842,,Dequeue,20001300
2843,OnErrorHandler,.ctor,2002011c18
2844,nsoftware.IPWorks.Http,add_OnError,20010112864d
2845,OnRedirectHandler,.ctor,2002011c18
2846,nsoftware.IPWorks.Http,add_OnRedirect,200101128651
2847,,.ctor,200001
2848,,get_Count,200008
2849,,.ctor,2002011c18
2850,,Sort,200101151281ad011300
2851,,get_Item,2001130008
2852,,Reverse,200001
2853,,.ctor,2002011c18
2854,,.ctor,200001
2855,,GetEnumerator,200015118151011300
2856,,get_Current,20001300
2857,,ContainsKey,2001021300
2858,,set_Item,20020113001301
2859,,get_Item,200113011300
2860,,MoveNext,200002
2861,,get_Values,2000151280fd0213001301
2862,,.ctor,2002011c18
2863,,ForEach,200101151280b9011300
2864,,.ctor,2002011c18
2865,,get_Item,2001130008
2866,,get_Count,200008
2867,,get_HasValue,200002
2868,,get_Value,20001300
2869,,GetEnumerator,200015118151011300
2870,,get_Current,20001300
2871,System.Linq.Enumerable,LastOrDefault,1001011e0015128105011e00
2872,,MoveNext,200002
2873,,.ctor,2002011c18
2874,,GetEnumerator,2000151281e5011300
2875,,get_Current,20001300
2876,System.Windows.Forms.DataVisualization.Charting.Legend,.ctor,200001
2877,System.Windows.Forms.DataVisualization.Charting.Title,.ctor,200001
2878,System.Windows.Forms.LinkLabel,.ctor,200001
2879,System.Windows.Forms.TableLayoutPanel,.ctor,200001
2880,System.Windows.Forms.LinkLabelLinkClickedEventHandler,.ctor,2002011c18
2881,System.Windows.Forms.ColumnStyle,.ctor,2002011186790c
2882,System.Windows.Forms.RowStyle,.ctor,2002011186790c
2883,,Add,2001011300
2884,,Add,2001011300
2885,,.ctor,2002011c18
2886,,.ctor,2002011c18
2887,,get_Count,200008
2888,,.ctor,2002011c18
2889,,.ctor,2002011c18
2890,,get_Item,2001130008
2891,,.ctor,2002011c18
2892,,.ctor,2002011c18
2893,,Reverse,200001
2894,,.ctor,2002011c18
2895,,Reverse,200001
2896,,.ctor,2002011c18
2897,,.ctor,200001
2898,,.ctor,200001
2899,,.ctor,200001
2900,,get_Count,200008
2901,,get_Item,2001130008
2902,,Add,2001011300
2903,System.Drawing.Drawing2D.LinearGradientBrush,.ctor,20040111846d11816d11816d1182fd
2904,,GetEnumerator,200015118151011300
2905,,get_Current,20001300
2906,,MoveNext,200002
2907,,.ctor,2002011c18
2908,,RemoveAll,20010815128165011300
2909,,Clear,200001
2910,,Clear,200001
2911,,Add,2001011300
2912,,.ctor,200001
2913,,Add,2001011300
2914,,.ctor,2002011c18
2915,,ForEach,200101151280b9011300
2916,,get_Item,2001130008
2917,,Clear,200001
2918,,get_Item,2001130008
2919,,Add,2001011300
2920,,get_Count,200008
2921,,get_Item,2001130008
2922,,set_Item,200201081300
2923,,get_Count,200008
2924,,.ctor,2002011c18
2925,,Sort,200101151281ad011300
2926,,Clear,200001
2927,,Add,2001011300
2928,,Clear,200001
2929,,Add,2001011300
2930,,GetEnumerator,200015118151011300
2931,,get_Current,20001300
2932,,MoveNext,200002
2933,,.ctor,200301130013011302
2934,,GetEnumerator,200015118151011300
2935,,get_Current,20001300
2936,,Create,00011512828101130012828d
2937,,Target,061300
2938,,Invoke,2007011300130113021303130413051306
2939,,MoveNext,200002
2940,,.ctor,200001
2941,,.ctor,200001
2942,,.ctor,200001
2943,,.ctor,200001
2944,,.ctor,200001
2945,,.ctor,200001
2946,,.ctor,2002011c18
2947,,get_Item,2001130008
2948,,get_SubMarket,20001301
2949,,get_BaseSymbol,20001300
2950,,get_FI273,20001302
2951,,set_Item,20020113001301
2952,,set_Item,20020113001301
2953,,set_Item,20020113001301
2954,,set_Item,20020113001301
2955,,get_Count,200008
2956,,GetEnumerator,200015118151011300
2957,,get_Current,20001300
2958,,get_Value,20001301
2959,,MoveNext,200002
2960,,GetEnumerator,200015118151011300
2961,,get_Current,20001300
2962,,get_Value,20001301
2963,,MoveNext,200002
2964,,GetEnumerator,200015118151011300
2965,,get_Current,20001300
2966,,get_Value,20001301
2967,,MoveNext,200002
2968,,GetEnumerator,200015118151011300
2969,,get_Current,20001300
2970,,get_Value,20001301
2971,,MoveNext,200002
2972,,GetEnumerator,2000151281e5011300
2973,,get_Current,20001300
2974,System.Windows.Forms.RowStyle,.ctor,200001
2975,,.ctor,200301130013011302
2976,,.ctor,200001
2977,System.Windows.Forms.ListView,get_Items,200012868d
2978,,Clear,200001
2979,,AddRange,20010115128105011300
2980,,get_Item,2001130008
2981,System.Windows.Forms.ListViewItem,.ctor,200001
2982,System.Windows.Forms.ListViewItem,get_SubItems,2000128695
2983,ListViewSubItemCollection,Add,20011286990e
2984,QuantRiskLib.Options,BlackScholesImpliedVol,00070d0d0d0d0d0d0d11869d
2985,QuantRiskLib.Options,BlackScholesDelta,00070d0d0d0d0d0d0d11869d
2986,QuantRiskLib.Options,BlackScholesTheta,00070d0d0d0d0d0d0d11869d
2987,QuantRiskLib.Options,BlackScholesRho,00070d0d0d0d0d0d0d11869d
2988,QuantRiskLib.Options,BlackScholesVega,00070d0d0d0d0d0d0d11869d
2989,QuantRiskLib.Options,BlackScholesPrice,00070d0d0d0d0d0d0d11869d
2990,QuantRiskLib.Options,BlackScholesGamma,00070d0d0d0d0d0d0d11869d
2991,System.Windows.Forms.ListView,get_SelectedIndices,20001286a5
2992,System.Windows.Forms.ListView,get_SelectedItems,20001286a9
2993,ListViewSubItemCollection,get_Item,200112869908
2994,System.Windows.Forms.ListView,.ctor,200001
2995,System.Windows.Forms.ColumnHeader,.ctor,200001
2996,System.Windows.Forms.ListView,get_Columns,20001286ad
2997,,.ctor,2002011c18
2998,,.ctor,2002011c18
2999,,Reverse,200001
3000,,get_Count,200008
3001,,get_Item,2001130008
3002,,ContainsKey,2001021300
3003,,Remove,2001021300
3004,,set_Item,20020113001301
3005,,get_Item,200113011300
3006,,.ctor,200001
3007,,.ctor,200001
3008,,.ctor,200001
3009,,get_Item,2001130008
3010,,AddRange,20010115128105011300
3011,,get_Count,200008
3012,,get_Count,200008
3013,,.ctor,2002011c18
3014,,Clear,200001
3015,,.ctor,200001
3016,,set_Item,20020113001301
3017,,get_Item,2001130008
3018,,get_Keys,2000151282450213001301
3019,,GetEnumerator,2000151182410213001301
3020,,get_Current,20001300
3021,,MoveNext,200002
3022,,Add,2001011300
3023,,get_Count,200008
3024,,.ctor,2002011c18
3025,,Reverse,200001
3026,,Clear,200001
3027,,Add,2001011300
3028,,.ctor,200001
3029,,set_Item,20020113001301
3030,,GetEnumerator,2000151182550213001301
3031,,get_Current,20001511811d0213001301
3032,,get_Value,20001301
3033,,get_Key,20001300
3034,,MoveNext,200002
3035,,.ctor,200001
3036,,.ctor,2002011c18
3037,,get_Values,2000151280fd0213001301
3038,,GetEnumerator,2000151182550213001301
3039,,get_Current,20001511811d0213001301
3040,,get_Value,20001301
3041,,get_Key,20001300
3042,,MoveNext,200002
3043,,.ctor,2002011c18
3044,,GetEnumerator,200015118151011300
3045,,get_Current,20001300
3046,,MoveNext,200002
3047,,.ctor,2002011c18
3048,,.ctor,2002011c18
3049,,RemoveAll,20010815128165011300
3050,,Clear,200001
3051,,Add,2001011300
3052,,.ctor,2002011c18
3053,,Reverse,200001
3054,,get_Count,200008
3055,,get_Item,2001130008
3056,,GetEnumerator,200015118151011300
3057,,get_Current,20001300
3058,,MoveNext,200002
3059,,.ctor,2002011c18
3060,,Find,2001130015128165011300
3061,System.Windows.Forms.ScrollEventHandler,.ctor,2002011c18
3062,,GetEnumerator,2000151281e5011300
3063,,get_Current,20001300
3064,,get_Count,200008
3065,,.ctor,200001
3066,,Add,2001011300
3067,,.ctor,200001
3068,,GetEnumerator,200015118151011300
3069,,get_Current,20001300
3070,,Contains,2001021300
3071,,MoveNext,200002
3072,,.ctor,2002011c18
3073,,Sort,200101151281ad011300
3074,,.ctor,200001
3075,,.ctor,200001
3076,,.ctor,200001
3077,,.ctor,200001
3078,,.ctor,200001
3079,,.ctor,200001
3080,,Clear,200001
3081,,Clear,200001
3082,,ContainsKey,2001021300
3083,,Remove,2001021300
3084,,get_Item,2001130008
3085,,get_Count,200008
3086,,get_Item,2001130008
3087,,set_Item,200201081300
3088,,get_Count,200008
3089,,get_Item,2001130008
3090,,get_Values,2000151280fd0213001301
3091,,GetEnumerator,20001511819d0213001301
3092,,get_Current,20001301
3093,,MoveNext,200002
3094,,TryGetValue,2002021300101301
3095,,.ctor,2002011c18
3096,,get_Count,200008
3097,,.ctor,2002011c18
3098,,get_Item,2001130008
3099,,get_Count,200008
3100,,.ctor,2002011c18
3101,,get_Count,200008
3102,,get_Item,2001130008
3103,,.ctor,2002011c18
3104,,get_Count,200008
3105,,get_Item,2001130008
3106,,.ctor,2002011c18
3107,,.ctor,2002011c18
3108,,get_Count,200008
3109,,get_Item,2001130008
3110,,.ctor,2002011c18
3111,,get_Count,200008
3112,,get_Item,2001130008
3113,System.DateTime,.ctor,20080108080808080808118215
3114,,.ctor,2002011c18
3115,,get_Count,200008
3116,,get_Item,2001130008
3117,,.ctor,2002011c18
3118,,get_Count,200008
3119,,get_Item,2001130008
3120,,.ctor,2002011c18
3121,,get_Count,200008
3122,,get_Item,2001130008
3123,,.ctor,2002011c18
3124,,.ctor,2002011c18
3125,,get_Count,200008
3126,,get_Item,2001130008
3127,,.ctor,200001
3128,,GetEnumerator,2000151182550213001301
3129,,get_Current,20001511811d0213001301
3130,,get_Key,20001300
3131,,get_Value,20001301
3132,,set_Item,20020113001301
3133,,MoveNext,200002
3134,,get_Count,200008
3135,,GetEnumerator,20001511823d0213001301
3136,,get_Current,20001511811d0213001301
3137,,MoveNext,200002
3138,,GetEnumerator,200015118151011300
3139,,get_Current,20001300
3140,,MoveNext,200002
3141,,GetEnumerator,200015118151011300
3142,,get_Current,20001300
3143,,MoveNext,200002
3144,Binance.Net.Objects.Spot.BinanceClientOptions,.ctor,200001
3145,CryptoExchange.Net.Authentication.ApiCredentials,.ctor,2002010e0e
3146,Binance.Net.BinanceClient,.ctor,2001011286bd
3147,,get_Data,20001300
3148,,.ctor,2002011c18
3149,,.ctor,2002011c18
3150,,.ctor,2002011c18
3151,,.ctor,2002011c18
3152,,Clear,200001
3153,,Add,2001011300
3154,,.ctor,200001
3155,,ContainsKey,2001021300
3156,,set_Item,20020113001301
3157,,get_Item,200113011300
3158,,get_Values,2000151280fd0213001301
3159,,.ctor,2002011c18
3160,,.ctor,2002011c18
3161,,.ctor,2002011c18
3162,,Reverse,200001
3163,,GetEnumerator,200015118151011300
3164,,get_Current,20001300
3165,,MoveNext,200002
3166,,.ctor,2002011c18
3167,,RemoveAt,20010108
3168,,FindAll,2001151280a101130015128165011300
3169,,Clear,200001
3170,,.ctor,200001
3171,,GetEnumerator,200015118151011300
3172,,get_Current,20001300
3173,,Add,2001011300
3174,,MoveNext,200002
3175,,.ctor,200001
3176,,.ctor,2002011c18
3177,,Add,2001011300
3178,,Clear,200001
3179,System.Windows.Forms.TrackBar,.ctor,200001
3180,,.ctor,2002011c18
3181,,get_Item,2001130008
3182,,.ctor,2002011c18
3183,,Reverse,200001
3184,,get_Count,200008
3185,,Clear,200001
3186,,.ctor,200001
3187,,ContainsKey,2001021300
3188,,set_Item,20020113001301
3189,,get_Item,200113011300
3190,,get_Count,200008
3191,,GetEnumerator,20001511823d0213001301
3192,,get_Current,20001511811d0213001301
3193,,get_Key,20001300
3194,,get_Value,20001301
3195,,MoveNext,200002
3196,System.Drawing.CharacterRange,.ctor,2002010808
3197,,Reverse,200001
3198,,.ctor,2002011c18
3199,,get_Count,200008
3200,,get_Item,2001130008
3201,,Clear,200001
3202,,.ctor,200001
3203,,Add,2001011300
3204,,get_Count,200008
3205,,.ctor,2002011c18
3206,,get_Item,2001130008
3207,,get_Item,2001130008
3208,,get_Values,2000151280fd0213001301
3209,,get_Count,200008
3210,,get_Item,2001130008
3211,,get_Values,2000151280fd0213001301
3212,,get_Count,200008
3213,,.ctor,2002011c18
3214,,.ctor,2002011c18
3215,,get_Item,2001130008
3216,,get_Values,2000151280fd0213001301
3217,,get_Count,200008
3218,,.ctor,2002011c18
3219,,.ctor,2002011c18
3220,,get_Item,2001130008
3221,,.ctor,200001
3222,,.ctor,2002011c18
3223,,get_Count,200008
3224,,.ctor,2002011c18
3225,,.ctor,2002011c18
3226,,get_Item,2001130008
3227,,get_Item,200113011300
3228,,get_Values,2000151280fd0213001301
3229,,.ctor,2002011c18
3230,,get_Count,200008
3231,,.ctor,2002011c18
3232,,GetEnumerator,200015118151011300
3233,,get_Current,20001300
3234,,MoveNext,200002
3235,,GetRange,2002151280a10113000808
3236,,Add,2001011300
3237,,get_Item,2001130008
3238,,.ctor,200001
3239,,Add,20020113001301
3240,,get_Item,2001130008
3241,,ContainsKey,2001021300
3242,,get_Item,200113011300
3243,,set_Item,20020113001301
3244,,get_Count,200008
3245,,Clear,200001
3246,,get_Values,2000151280fd0213001301
3247,,GetEnumerator,20001511819d0213001301
3248,,get_Current,20001301
3249,,Add,2001011300
3250,,MoveNext,200002
3251,,.ctor,2002011c18
3252,,Sort,200101151281ad011300
3253,,.ctor,200001
3254,,Add,20020113001301
3255,,.ctor,2002011c18
3256,,get_Count,200008
3257,,get_Item,2001130008
3258,,ContainsKey,2001021300
3259,,get_Item,200113011300
3260,,set_Item,20020113001301
3261,,get_Values,2000151280fd0213001301
3262,,GetEnumerator,20001511819d0213001301
3263,,get_Current,20001301
3264,,MoveNext,200002
3265,,GetEnumerator,200015118151011300
3266,,get_Current,20001300
3267,,MoveNext,200002
3268,,Clear,200001
3269,,Add,20020113001301
3270,,ContainsKey,2001021300
3271,,ContainsKey,2001021300
3272,,set_Item,20020113001301
3273,,get_Item,200113011300
3274,,GetEnumerator,20001511819d0213001301
3275,,get_Current,20001301
3276,,GetEnumerator,20001511819d0213001301
3277,,get_Current,20001301
3278,,MoveNext,200002
3279,,MoveNext,200002
3280,,Clear,200001
3281,,Add,2001011300
3282,,Clear,200001
3283,,Add,2001011300
3284,System.Windows.Forms.DataGridViewImageColumn,.ctor,200001
3285,,.ctor,200001
3286,,.ctor,200001
3287,,.ctor,200001
3288,,.ctor,200001
3289,,.ctor,200001
3290,,.ctor,200001
3291,,.ctor,200001
3292,,Clear,200001
3293,,get_Item,2001130008
3294,,ContainsKey,2001021300
3295,,set_Item,20020113001301
3296,,get_Item,200113011300
3297,,GetEnumerator,200015118151011300
3298,,get_Current,20001300
3299,,MoveNext,200002
3300,,get_Count,200008
3301,,Clear,200001
3302,,get_Item,2001130008
3303,,set_Item,20020113001301
3304,,get_Count,200008
3305,,ContainsKey,2001021300
3306,,get_Item,200113011300
3307,,get_Item,2001130008
3308,,.ctor,2002011c18
3309,,ForEach,200101151280b9011300
3310,,.ctor,2002011c18
3311,,get_Count,200008
3312,,get_Item,2001130008
3313,,Remove,2001021300
3314,System.Windows.Forms.SplitContainer,.ctor,200001
3315,,Create,00011512828101130012828d
3316,,Target,061300
3317,,Invoke,200301130013011302
3318,,Add,2001011300
3319,,Add,2001011300
3320,,.ctor,2002011c18
3321,,.ctor,2002011c18
3322,,ForEach,200101151280b9011300
3323,,get_Item,2001130008
3324,,.ctor,2002011c18
3325,,ForEach,200101151280b9011300
3326,,Clear,200001
3327,,.ctor,2002011c18
3328,,RemoveAll,20010815128165011300
3329,,RemoveAt,20010108
3330,,.ctor,2002011c18
3331,,.ctor,2002011c18
3332,,.ctor,2002011c18
3333,,get_Count,200008
3334,,.ctor,2002011c18
3335,,.ctor,2002011c18
3336,,.ctor,2002011c18
3337,,get_Count,200008
3338,,get_Item,2001130008
3339,,.ctor,2002011c18
3340,,.ctor,2002011c18
3341,,.ctor,2002011c18
3342,,get_Count,200008
3343,,get_Item,2001130008
3344,,.ctor,2002011c18
3345,,.ctor,2002011c18
3346,,get_Count,200008
3347,,get_Item,2001130008
3348,,.ctor,2002011c18
3349,,.ctor,2002011c18
3350,,get_Count,200008
3351,,get_Item,2001130008
3352,Microsoft.Win32.Registry,CurrentUser,061286ed
3353,Microsoft.Win32.Registry,LocalMachine,061286ed
3354,System.ApplicationException,.ctor,2001010e
3355,,.ctor,2002011c18
3356,System.Threading.Tasks.Task,Run,1001011512810d011e00151286fd011e00
3357,System.Windows.Forms.BindingSource,.ctor,2001011284b1
3358,System.Linq.Queryable,AsQueryable,10010115128701011e0015128105011e00
3359,System.String,Contains,2001020e
3360,System.String,ToLower,20000e
3361,System.String,ToUpper,20000e
3362,System.Linq.Expressions.Expression,Lambda,10010215128715011e001287111d128705
3363,System.Linq.Queryable,Where,10010215128701011e0015128701011e001512871501151280d1021e0002
3364,System.Windows.Forms.ListControl,get_SelectedValue,20001c
3365,System.Linq.Queryable,OrderBy,1002021512871d011e0015128701011e001512871501151280d1021e001e01
3366,System.Linq.Queryable,ThenBy,1002021512871d011e001512871d011e001512871501151280d1021e001e01
3367,System.Linq.Queryable,Select,10020215128701011e0115128701011e001512871501151280d1021e001e01
3368,,.ctor,200001
3369,System.Tuple,Create,10020215128725021e001e011e001e01
3370,,Add,2001011300
3371,,Create,000015118111011300
3372,,Start,30010101101e00
3373,,get_Task,20001512810d011300
3374,,Create,000015118111011300
3375,,Start,30010101101e00
3376,,get_Task,20001512810d011300
3377,System.Windows.Forms.NotifyIcon,.ctor,2001011284b1
3378,,get_Item1,20001300
3379,,get_Item2,20001301
3380,System.Linq.Enumerable,Concat,10010215128105011e0015128105011e0015128105011e00
3381,,.ctor,200001
3382,,Add,2001011300
3383,,AwaitUnsafeOnCompleted,30020201101e00101e01
3384,,SetException,2001011280ad
3385,,SetResult,2001011300
3386,,GetAwaiter,20001511812d011300
3387,,get_IsCompleted,200002
3388,,GetResult,20001300
3389,System.IO.DirectoryInfo,.ctor,2001010e
3390,,.ctor,2002011c18
3391,,GetAwaiter,20001511812d011300
3392,,get_IsCompleted,200002
3393,,GetResult,20001300
3394,,.ctor,2002011c18
3395,,AwaitUnsafeOnCompleted,30020201101e00101e01
3396,,SetException,2001011280ad
3397,,SetResult,2001011300
3398,,GetAwaiter,20001511812d011300
3399,,get_IsCompleted,200002
3400,,GetResult,20001300
3401,,.ctor,2002011c18
3402,,GetAwaiter,20001511812d011300
3403,,get_IsCompleted,200002
3404,,GetResult,20001300
3405,,GetEnumerator,200015118151011300
3406,,get_Current,20001300
3407,,MoveNext,200002
3408,,.ctor,2002011c18
3409,,.ctor,200001
3410,,ContainsKey,2001021300
3411,,get_Item,200113011300
3412,,.ctor,200001
3413,,set_Item,20020113001301
3414,,get_Keys,2000151282450213001301
3415,,Sort,200001
3416,,set_Item,20020113001301
3417,,get_Keys,2000151282450213001301
3418,,.ctor,200001
3419,,ContainsKey,2001021300
3420,,get_Item,200113011300
3421,,set_Item,20020113001301
3422,,get_Keys,2000151282450213001301
3423,,Add,2001011300
3424,,Add,2001011300
3425,,.ctor,200001
3426,,.ctor,200001
3427,,get_Item,2001130008
3428,,.ctor,2002011c18
3429,,.ctor,2002011c18
3430,,.ctor,2002011c18
3431,,get_Item,2001130008
3432,,.ctor,2002011c18
3433,,.ctor,2002011c18
3434,,.ctor,2002011c18
3435,,get_Item,2001130008
3436,,.ctor,2002011c18
3437,,.ctor,2002011c18
3438,,.ctor,2002011c18
3439,,.ctor,2002011c18
3440,,ForEach,200101151280b9011300
3441,,Clear,200001
3442,,.ctor,2002011c18
3443,,RemoveAll,20010815128165011300
3444,,RemoveAt,20010108
3445,,.ctor,2002011c18
3446,,ForEach,200101151280b9011300
3447,,Clear,200001
3448,,.ctor,2002011c18
3449,,RemoveAll,20010815128165011300
3450,,RemoveAt,20010108
3451,,Clear,200001
3452,,.ctor,2002011c18
3453,,RemoveAll,20010815128165011300
3454,,RemoveAt,20010108
3455,,GetEnumerator,200015118151011300
3456,,get_Current,20001300
3457,,MoveNext,200002
3458,,.ctor,2002011c18
3459,,get_Count,200008
3460,,Clear,200001
3461,,GetEnumerator,200015118151011300
3462,,get_Current,20001300
3463,,MoveNext,200002
3464,,.ctor,2002011c18
3465,,get_Count,200008
3466,,Clear,200001
3467,,Add,2001011300
3468,,get_Count,200008
3469,,.ctor,2002011c18
3470,,.ctor,2002011c18
3471,,get_Item,2001130008
3472,,get_Count,200008
3473,,get_Item,2001130008
3474,,get_Count,200008
3475,,GetEnumerator,200015118151011300
3476,,get_Current,20001300
3477,,MoveNext,200002
3478,,.ctor,2002011c18
3479,,Clear,200001
3480,,RemoveAt,20010108
3481,,Add,2001011300
3482,,Add,2001011300
3483,,.ctor,200001
3484,,get_Item,2001130008
3485,,ContainsKey,2001021300
3486,,.ctor,2002011c18
3487,,.ctor,2002011c18
3488,,.ctor,2002011c18
3489,,.ctor,2002011c18
3490,,Contains,2001021300
3491,,Add,2001011300
3492,,.ctor,2002011c18
3493,,RemoveAll,20010815128165011300
3494,,RemoveAt,20010108
3495,,.ctor,2002011c18
3496,,ForEach,200101151280b9011300
3497,,Clear,200001
3498,,Clear,200001
3499,,FindAll,2001151280a101130015128165011300
3500,,get_Count,200008
3501,,.ctor,2002011c18
3502,,.ctor,2002011c18
3503,,Clear,200001
3504,,GetEnumerator,200015118151011300
3505,,get_Current,20001300
3506,,set_Item,20020113001301
3507,,MoveNext,200002
3508,,Find,2001130015128165011300
3509,System.Drawing.Region,.ctor,2001011282f1
3510,System.Windows.Forms.ToolTip,.ctor,200001
3511,,.ctor,200001
3512,System.Timers.Timer,.ctor,200001
3513,,get_Values,2000151280fd0213001301
3514,,GetEnumerator,20001511819d0213001301
3515,,get_Current,20001301
3516,,MoveNext,200002
3517,,Enqueue,2001011300
3518,,ContainsKey,2001021300
3519,,get_Item,200113011300
3520,,set_Item,20020113001301
3521,,Clear,200001
3522,,Remove,2001021300
3523,,TryDequeue,200102101300
3524,,get_Count,200008
3525,,get_Item,2001130008
3526,,.ctor,2002011c18
3527,,get_Count,200008
3528,,get_Count,200008
3529,System.Threading.WaitCallback,.ctor,2002011c18
3530,,.ctor,200001
3531,,GetEnumerator,200015118151011300
3532,,get_Current,20001300
3533,,MoveNext,200002
3534,,get_Count,200008
3535,,get_Count,200008
3536,,.ctor,200001
3537,,.ctor,200001
3538,,GetEnumerator,200015118151011300
3539,,get_Current,20001300
3540,,set_Item,20020113001301
3541,,Add,2001011300
3542,,MoveNext,200002
3543,,ContainsKey,2001021300
3544,,get_Item,200113011300
3545,,get_Count,200008
3546,System.Text.RegularExpressions.Regex,.ctor,2001010e
3547,,GetEnumerator,2000151182550213001301
3548,,get_Current,20001511811d0213001301
3549,,get_Value,20001301
3550,,MoveNext,200002
3551,nsoftware.IPWorks.Ipdaemon,.ctor,2001011284b1
3552,OnDataInHandler,.ctor,2002011c18
3553,nsoftware.IPWorks.Ipdaemon,add_OnDataIn,20010112874d
3554,System.Windows.Forms.FormClosingEventHandler,.ctor,2002011c18
3555,,.ctor,200001
3556,,get_Count,200008
3557,,get_Item,2001130008
3558,,Clear,200001
3559,,Add,2001011300
3560,,.ctor,2002011c18
3561,,FindAll,2001151280a101130015128165011300
3562,,.ctor,2002011c18
3563,,.ctor,200001
3564,,ContainsKey,2001021300
3565,,set_Item,20020113001301
3566,,get_Item,200113011300
3567,,GetEnumerator,2000151182550213001301
3568,,get_Current,20001511811d0213001301
3569,,get_Value,20001301
3570,,get_Key,20001300
3571,,MoveNext,200002
3572,,.ctor,200001
3573,,get_Count,200008
3574,,Clear,200001
3575,,get_Values,2000151280fd0213001301
3576,,GetEnumerator,20001511819d0213001301
3577,,get_Current,20001301
3578,,Add,2001011300
3579,,MoveNext,200002
3580,,.ctor,2002011c18
3581,,.ctor,2002011c18
3582,,GetEnumerator,200015118151011300
3583,,get_Current,20001300
3584,,MoveNext,200002
3585,,ContainsKey,2001021300
3586,,get_Item,200113011300
3587,,get_Values,2000151280fd0213001301
3588,,.ctor,2002011c18
3589,,.ctor,2002011c18
3590,,get_Item,2001130008
3591,,get_Count,200008
3592,,GetEnumerator,2000151281e5011300
3593,,get_Current,20001300
3594,,.ctor,200001
3595,,get_Count,200008
3596,,Clear,200001
3597,,Add,20020113001301
3598,,ContainsKey,2001021300
3599,,set_Item,20020113001301
3600,,get_Item,200113011300
3601,,get_Count,200008
3602,,.ctor,200001
3603,System.Drawing.FontConverter,.ctor,200001
3604,,get_Count,200008
3605,,Clear,200001
3606,,Clear,200001
3607,,Add,2001011300
3608,,.ctor,2002011c18
3609,,get_Item,2001130008
3610,,TryGetValue,2002021300101301
3611,,TryAdd,20020213001301
3612,,.ctor,200001
3613,,.ctor,200001
3614,,.ctor,200001
3615,System.Windows.Forms.DataGridViewColumn,.ctor,200001
3616,System.Windows.Forms.DataGridViewTextBoxCell,.ctor,200001
3617,,Clear,200001
3618,,get_Values,2000151280fd0213001301
3619,,.ctor,2002011c18
3620,,get_Count,200008
3621,,GetEnumerator,200015118151011300
3622,,get_Current,20001300
3623,,MoveNext,200002
3624,,FindAll,2001151280a101130015128165011300
3625,,ContainsKey,2001021300
3626,,Add,20020113001301
3627,,get_Item,200113011300
3628,,get_Item,200113000e
3629,,.ctor,200001
3630,,.ctor,200001
3631,,.ctor,200001
3632,,Clear,200001
3633,,set_Item,20020113001301
3634,,ContainsKey,2001021300
3635,,get_Item,200113011300
3636,,get_Values,2000151280fd0213001301
3637,,.ctor,2002011c18
3638,,.ctor,2002011c18
3639,,Sort,200101151281ad011300
3640,,get_Item,2001130008
3641,,get_Count,200008
3642,,.ctor,2002011c18
3643,,Clear,200001
3644,,Add,2001011300
3645,,get_Count,200008
3646,,get_Item,2001130008
3647,,.ctor,2002011c18
3648,System.Windows.Forms.DataGridViewComboBoxColumn,.ctor,200001
3649,,Remove,2001021300
3650,System.Windows.Forms.ItemCheckEventHandler,.ctor,2002011c18
3651,,Reverse,200001
3652,,.ctor,2002011c18
3653,System.Linq.Enumerable,SelectMany,10020215128105011e0115128105011e00151280d1021e0015128105011e01
3654,,.ctor,2002011c18
3655,,GetRange,2002151280a10113000808
3656,,.ctor,2002011c18
3657,,RemoveAt,20010108
3658,,.ctor,200001
3659,,get_Count,200008
3660,,get_Item,2001130008
3661,,Clear,200001
3662,,Add,2001011300
3663,,.ctor,2002011c18
3664,System.Windows.Forms.MonthCalendar,.ctor,200001
3665,System.Windows.Forms.DateRangeEventHandler,.ctor,2002011c18
3666,,.ctor,200001
3667,,Clear,200001
3668,,Add,2001011300
3669,,get_Item,2001130008
3670,,get_Count,200008
3671,,Clear,200001
3672,,.ctor,200001
3673,,get_Values,2000151280fd0213001301
3674,,GetEnumerator,20001511819d0213001301
3675,,get_Current,20001301
3676,,Add,2001011300
3677,,MoveNext,200002
3678,,.ctor,2002011c18
3679,,get_Count,200008
3680,,get_Count,200008
3681,,get_Item,2001130008
3682,,Reverse,200001
3683,,ContainsKey,2001021300
3684,,set_Item,20020113001301
3685,,get_Item,200113011300
3686,,.ctor,200001
3687,,.ctor,200001
3688,,get_Item,2001130008
3689,,GetEnumerator,2000151281e5011300
3690,,get_Current,20001300
3691,,.ctor,2002011c18
3692,,.ctor,2002011c18
3693,,Reverse,200001
3694,,get_Count,200008
3695,,Add,2001011300
3696,,.ctor,200001
3697,,RemoveRange,2002010808
3698,,get_Count,200008
3699,,.ctor,2002011c18
3700,,.ctor,2002011c18
3701,,.ctor,200001
3702,,.ctor,2002011c18
3703,System.Linq.Enumerable,Except,10010215128105011e0015128105011e0015128105011e00
3704,,RemoveAt,20010108
3705,,get_Item,2001130008
3706,,.ctor,2002011c18
3707,,Exists,20010215128165011300
3708,,Add,2001011300
3709,,get_Item,2001130008
3710,,get_Count,200008
3711,,get_Count,200008
3712,,.ctor,200001
3713,,.ctor,200001
3714,,Add,2001011300
3715,,Add,2001011300
3716,,.ctor,200001
3717,,get_Count,200008
3718,,get_Item,2001130008
3719,,.ctor,2002011c18
3720,,.ctor,2002011c18
3721,,.ctor,2002011c18
3722,,Reverse,200001
3723,,.ctor,200001
3724,,Add,2001011300
3725,,get_Count,200008
3726,,.ctor,2002011c18
3727,,Add,2001011300
3728,,Set,20030108080e
3729,,Set,200301080811816d
3730,,Get,20020e0808
3731,,Get,200211816d0808
3732,,Address,200210080808
3733,System.Data.DataTable,.ctor,200001
3734,,get_Keys,2000151282450213001301
3735,,ContainsKey,2001021300
3736,,Remove,2001021300
3737,,set_Item,20020113001301
3738,,get_Item,200113011300
3739,,Clear,200001
3740,,Add,2001011300
3741,,get_Count,200008
3742,,get_Item,2001130008
3743,,.ctor,200001
3744,,get_Item,2001130008
3745,,get_Count,200008
3746,,get_Item,2001130008
3747,,Clear,200001
3748,,.ctor,2002011c18
3749,,Sort,200101151281ad011300
3750,,Reverse,200001
3751,,Add,2001011300
3752,,Contains,2001021300
3753,,.ctor,200001
3754,,get_Count,200008
3755,,get_Item,2001130008
3756,,.ctor,2002011c18
3757,,FindAll,2001151280a101130015128165011300
3758,,.ctor,2002011c18
3759,,.ctor,2002011c18
3760,,.ctor,2002011c18
3761,,Reverse,200001
3762,,Add,2001011300
3763,,.ctor,200001
3764,,get_Count,200008
3765,,get_Item,2001130008
3766,,Clear,200001
3767,,Add,2001011300
3768,,.ctor,2002011c18
3769,,.ctor,2002011c18
3770,,.ctor,2002011c18
3771,,get_Count,200008
3772,,.ctor,2002011c18
3773,,.ctor,2002011c18
3774,,get_Item,2001130008
3775,,get_Key,20001301
3776,,get_SourceCode,20001300
3777,,.ctor,20020113001301
3778,,.ctor,2002011c18
3779,,ContainsKey,2001021300
3780,,Remove,2001021300
3781,,get_Count,200008
3782,,get_Item,2001130008
3783,,.ctor,2002011c18
3784,,.ctor,2002011c18
3785,,RemoveAll,20010815128165011300
3786,,Add,2001011300
3787,,get_Item,2001130008
3788,,get_Count,200008
3789,,get_Values,2000151280fd0213001301
3790,,GetEnumerator,20001511819d0213001301
3791,,get_Current,20001301
3792,,Clear,200001
3793,,MoveNext,200002
3794,,GetEnumerator,200015118151011300
3795,,get_Current,20001300
3796,,MoveNext,200002
3797,,.ctor,2002011c18
3798,,FindAll,2001151280a101130015128165011300
3799,,.ctor,2002011c18
3800,,FindIndex,20010815128165011300
3801,,AddRange,20010115128105011300
3802,,.ctor,2002011c18
3803,,.ctor,2002011c18
3804,,Reverse,200001
3805,,.ctor,2002011c18
3806,,get_Key,20001300
3807,,get_Item,200113011300
3808,,Create,00011512828101130012828d
3809,,Target,061300
3810,,Invoke,2002130213001301
3811,,.ctor,200001
3812,,.ctor,200001
3813,,.ctor,200001
3814,,.ctor,200001
3815,,.ctor,200001
3816,,.ctor,200001
3817,,Clear,200001
3818,,Add,2001011300
3819,,Add,2001011300
3820,,.ctor,2002011c18
3821,System.Linq.Enumerable,All,1001020215128105011e00151280d1021e0002
3822,,.ctor,2002011c18
3823,,ForEach,200101151280b9011300
3824,,.ctor,2002011c18
3825,,get_Count,200008
3826,,RemoveAt,20010108
3827,,.ctor,2002011c18
3828,,Add,2001011300
3829,System.Drawing.Bitmap,.ctor,200301080811877d
3830,,Add,2001011300
3831,,Clear,200001
3832,,Add,20020113001301
3833,,.ctor,200001
3834,,set_Item,20020113001301
3835,,ContainsKey,2001021300
3836,,get_Item,200113011300
3837,,ContainsKey,2001021300
3838,,get_Item,200113011300
3839,,set_Item,20020113001301
3840,,Enqueue,2001011300
3841,,.ctor,200001
3842,,ContainsKey,2001021300
3843,,set_Item,20020113001301
3844,,get_Item,200113011300
3845,,get_Values,2000151284950213001301
3846,,get_Item,2001130008
3847,,get_Count,200008
3848,,set_Item,20020113001301
3849,,ContainsKey,2001021300
3850,,get_Item,200113011300
3851,,Add,2001011300
3852,,Enqueue,2001011300
3853,System.Media.SoundPlayer,.ctor,200001
3854,,Clear,200001
3855,,.ctor,2002011c18
3856,,Sort,200101151281ad011300
3857,,Add,2001011300
3858,,get_Item,2001130008
3859,,.ctor,20020113001301
3860,,Create,00011512828101130012828d
3861,,Target,061300
3862,,Invoke,2002130213001301
3863,,Get,20021c0808
3864,,.ctor,200001
3865,,ContainsKey,2001021300
3866,,get_Item,200113011300
3867,,set_Item,20020113001301
3868,,get_Count,200008
3869,,get_Values,2000151280fd0213001301
3870,,.ctor,2002011c18
3871,,Add,2001011300
3872,,GetEnumerator,200015118151011300
3873,,get_Current,20001300
3874,,MoveNext,200002
3875,,RemoveRange,2002010808
3876,System.Reflection.MethodBase,Invoke,20021c1c1d1c
3877,,Create,00011512828101130012828d
3878,,Target,061300
3879,,Invoke,2002130213001301
3880,,.ctor,200001
3881,,.ctor,200001
3882,,.ctor,200001
3883,System.Net.Mail.Attachment,.ctor,2001010e
3884,,Add,2001011300
3885,,AddRange,20010115128105011300
3886,,Find,2001130015128165011300
3887,,Add,2001011300
3888,,get_Item,2001130008
3889,,RemoveAll,20010815128165011300
3890,,Clear,200001
3891,,.ctor,2002011c18
3892,,ForEach,200101151280b9011300
3893,,.ctor,2002011c18
3894,,.ctor,2002011c18
3895,,Reverse,200001
3896,,get_Keys,2000151282450213001301
3897,,.ctor,2002011c18
3898,,get_Count,200008
3899,,.ctor,2002011c18
3900,,Clear,200001
3901,,.ctor,2002011c18
3902,,Sort,200101151281ad011300
3903,,get_Item,2001130008
3904,System.Windows.Forms.WebBrowserDocumentCompletedEventHandler,.ctor,2002011c18
3905,,get_Count,200008
3906,,Create,00011512828101130012828d
3907,,Target,061300
3908,,Invoke,20031303130013011302
3909,,Create,00011512828101130012828d
3910,,Target,061300
3911,,Invoke,2002130213001301
3912,,Create,00011512828101130012828d
3913,,Target,061300
3914,,Invoke,200301130013011302
3915,,.ctor,200001
3916,,get_Count,200008
3917,,get_Item,2001130008
3918,,.ctor,2002011c18
3919,,Sort,200101151281ad011300
3920,,Clear,200001
3921,,Add,2001011300
3922,,Reverse,200001
3923,,.ctor,200001
3924,,get_Count,200008
3925,,get_Item,2001130008
3926,,Clear,200001
3927,,Add,2001011300
3928,,.ctor,2002011c18
3929,,FindAll,2001151280a101130015128165011300
3930,,.ctor,2002011c18
3931,,.ctor,200001
3932,,get_Count,200008
3933,,get_Item,2001130008
3934,,Clear,200001
3935,,Add,2001011300
3936,,Reverse,200001
3937,,Clear,200001
3938,,GetEnumerator,200015118151011300
3939,,get_Current,20001300
3940,,Add,2001011300
3941,,MoveNext,200002
3942,,get_Item,2001130008
3943,,Clear,200001
3944,,GetEnumerator,200015118151011300
3945,,get_Current,20001300
3946,,Add,2001011300
3947,,MoveNext,200002
3948,,Clear,200001
3949,,GetEnumerator,200015118151011300
3950,,get_Current,20001300
3951,,Add,2001011300
3952,,MoveNext,200002
3953,,Clear,200001
3954,,Add,2001011300
3955,,get_Item,2001130008
3956,,get_Count,200008
3957,,GetEnumerator,200015118151011300
3958,,get_Current,20001300
3959,,MoveNext,200002
3960,,Clear,200001
3961,,Add,2001011300
3962,,.ctor,2002011c18
3963,,ForEach,200101151280b9011300
3964,,Contains,2001021300
3965,,Sort,200001
3966,,RemoveAll,20010815128165011300
3967,,.ctor,2002011c18
3968,,Sort,200101151281ad011300
3969,,Create,00011512828101130012828d
3970,,Target,061300
3971,,Invoke,200301130013011302
3972,,.ctor,2002011c18
3973,,.ctor,2002011c18
3974,,.ctor,2002011c18
3975,,get_Count,200008
3976,,get_Item,2001130008
3977,,Clear,200001
3978,,Clear,200001
3979,,get_Item,200113011300
3980,,.ctor,200001
3981,,get_Item,2001130008
3982,,get_Count,200008
3983,,Clear,200001
3984,,Add,2001011300
3985,,.ctor,2002011c18
3986,,Sort,200101151281ad011300
3987,,get_Count,200008
3988,,get_Item,2001130008
3989,,Create,00011512828101130012828d
3990,,Target,061300
3991,,Invoke,200301130013011302
3992,,.ctor,200001
3993,,Clear,200001
3994,,Add,2001011300
3995,,get_Item,2001130008
3996,,get_Count,200008
3997,,Reverse,200001
3998,System.ComponentModel.BackgroundWorker,.ctor,200001
3999,,.ctor,200001
4000,,get_Values,2000151280fd0213001301
4001,,.ctor,2002011c18
4002,,GetEnumerator,20001511819d0213001301
4003,,get_Current,20001301
4004,,Remove,2001021300
4005,,MoveNext,200002
4006,,Clear,200001
4007,,get_Item,200113011300
4008,,GetEnumerator,2000151182550213001301
4009,,get_Current,20001511811d0213001301
4010,,get_Value,20001301
4011,,MoveNext,200002
4012,,set_Item,20020113001301
4013,,get_Keys,2000151282450213001301
4014,,ContainsKey,2001021300
4015,,.ctor,2002011c18
4016,,GetEnumerator,200015118151011300
4017,,get_Current,20001300
4018,,MoveNext,200002
4019,,get_Count,200008
4020,,get_Item,2001130008
4021,,.ctor,200001
4022,,get_Count,200008
4023,,get_Item,2001130008
4024,,Clear,200001
4025,,Add,2001011300
4026,,Reverse,200001
4027,,Insert,200201081300
4028,,.ctor,2002011c18
4029,,Sort,200101151281ad011300
4030,,.ctor,200001
4031,,ContainsKey,2001021300
4032,,get_Item,200113011300
4033,,Clear,200001
4034,,.ctor,200001
4035,,Add,2001011300
4036,,.ctor,2002011c18
4037,,Sort,200101151281ad011300
4038,,Reverse,200001
4039,,get_Item,2001130008
4040,,set_Item,20020113001301
4041,,get_Count,200008
4042,,get_Key,20001300
4043,,get_Count,200008
4044,,get_Keys,2000151282450213001301
4045,,.ctor,2002011c18
4046,,Sort,200001
4047,,get_Item,2001130008
4048,System.Drawing.Printing.PrintDocument,.ctor,200001
4049,System.Windows.Forms.PrintDialog,.ctor,200001
4050,System.Windows.Forms.PrintPreviewDialog,.ctor,200001
4051,System.Drawing.Printing.PrintPageEventHandler,.ctor,2002011c18
4052,,Add,2001011300
4053,,.ctor,2002011c18
4054,,.ctor,2002011c18
4055,,.ctor,200001
4056,,.ctor,200001
4057,,get_Count,200008
4058,,Clear,200001
4059,,Add,20020113001301
4060,,get_Values,2000151280fd0213001301
4061,,GetEnumerator,20001511819d0213001301
4062,,get_Current,20001301
4063,,MoveNext,200002
4064,,.ctor,200001
4065,,Add,20020113001301
4066,,get_Values,2000151280fd0213001301
4067,,GetEnumerator,200015118151011300
4068,,get_Current,20001300
4069,,MoveNext,200002
4070,,get_Count,200008
4071,,get_Item,2001130008
4072,,.ctor,200001
4073,,ContainsKey,2001021300
4074,,get_Item,200113011300
4075,,get_Count,200008
4076,,get_Item,2001130008
4077,,Add,2001011300
4078,,.ctor,2002011c18
4079,,.ctor,2002011c18
4080,,.ctor,2002011c18
4081,,.ctor,2002011c18
4082,,GetEnumerator,200015118151011300
4083,,get_Current,20001300
4084,,MoveNext,200002
4085,,get_Count,200008
4086,,get_Item,2001130008
4087,,Reverse,200001
4088,,.ctor,200001
4089,,Add,2001011300
4090,,Add,20020113001301
4091,,get_Values,2000151280fd0213001301
4092,,GetEnumerator,20001511819d0213001301
4093,,get_Current,20001301
4094,,GetEnumerator,200015118151011300
4095,,get_Current,20001300
4096,,MoveNext,200002
4097,,MoveNext,200002
4098,System.Windows.Forms.TabControlEventHandler,.ctor,2002011c18
4099,,.ctor,200001
4100,,Clear,200001
4101,,set_Item,20020113001301
4102,,GetEnumerator,2000151182550213001301
4103,,get_Current,20001511811d0213001301
4104,,get_Value,20001301
4105,,get_Key,20001300
4106,,MoveNext,200002
4107,,.ctor,200001
4108,,.ctor,2002011c18
4109,,.ctor,2002011c18
4110,,.ctor,2002011c18
4111,,Reverse,200001
4112,,get_Count,200008
4113,,get_Item,2001130008
4114,System.Windows.Forms.MaskedTextBox,.ctor,200001
4115,,Add,2001011300
4116,,GetEnumerator,200015118151011300
4117,,get_Current,20001300
4118,,MoveNext,200002
4119,,GetEnumerator,200015118151011300
4120,,get_Current,20001300
4121,,MoveNext,200002
4122,,.ctor,200001
4123,,.ctor,200001
4124,,.ctor,200001
4125,,.ctor,200001
4126,,.ctor,200001
4127,,.ctor,200001
4128,,.ctor,200001
4129,,.ctor,200001
4130,,.ctor,200001
4131,,.ctor,200001
4132,,set_Item,20020113001301
4133,,get_Keys,2000151282450213001301
4134,,.ctor,2002011c18
4135,,Reverse,200001
4136,,Clear,200001
4137,,.ctor,200001
4138,,ContainsKey,2001021300
4139,,set_Item,20020113001301
4140,,get_Item,200113011300
4141,,get_Values,2000151280fd0213001301
4142,,GetEnumerator,20001511819d0213001301
4143,,get_Current,20001301
4144,,MoveNext,200002
4145,,get_Count,200008
4146,,get_Item,2001130008
4147,,.ctor,200001
4148,,Add,2001011300
4149,,.ctor,2002011c18
4150,,Sort,200101151281ad011300
4151,,get_Item,2001130008
4152,,get_Count,200008
4153,,Clear,200001
4154,,ContainsKey,2001021300
4155,,.ctor,200001
4156,,set_Item,20020113001301
4157,,get_Item,200113011300
4158,,ContainsKey,2001021300
4159,,set_Item,20020113001301
4160,,get_Item,200113011300
4161,,Clear,200001
4162,,GetEnumerator,2000151182550213001301
4163,,get_Current,20001511811d0213001301
4164,,get_Key,20001300
4165,,get_Value,20001301
4166,,.ctor,2002011c18
4167,,Add,2001011300
4168,,MoveNext,200002
4169,,.ctor,2002011c18
4170,,.ctor,2002011c18
4171,,GetEnumerator,200015118151011300
4172,,get_Current,20001300
4173,,MoveNext,200002
4174,,Clear,200001
4175,,ContainsKey,2001021300
4176,,.ctor,200001
4177,,set_Item,20020113001301
4178,,get_Item,200113011300
4179,,ContainsKey,2001021300
4180,,set_Item,20020113001301
4181,,get_Item,200113011300
4182,,Clear,200001
4183,,GetEnumerator,2000151182550213001301
4184,,get_Current,20001511811d0213001301
4185,,get_Key,20001300
4186,,get_Value,20001301
4187,,get_Values,2000151280fd0213001301
4188,,.ctor,2002011c18
4189,,.ctor,2002011c18
4190,,Add,2001011300
4191,,MoveNext,200002
4192,,.ctor,2002011c18
4193,,RemoveAll,20010815128165011300
4194,,.ctor,2002011c18
4195,,get_Item,2001130008
4196,,get_Count,200008
4197,,get_Count,200008
4198,,GetEnumerator,200015118151011300
4199,,get_Current,20001300
4200,,MoveNext,200002
4201,,.ctor,2002011c18
4202,,Sort,200101151281ad011300
4203,,get_Item,2001130008
4204,,Reverse,200001
4205,,.ctor,2002011c18
4206,,get_Count,200008
4207,,GetEnumerator,200015118151011300
4208,,get_Current,20001300
4209,,MoveNext,200002
4210,,.ctor,2002011c18
4211,,.ctor,2002011c18
4212,,Sort,200101151281ad011300
4213,,get_Item,2001130008
4214,,Reverse,200001
4215,,get_Count,200008
4216,,.ctor,2002011c18
4217,,Sort,200101151281ad011300
4218,,Reverse,200001
4219,,get_Item,2001130008
4220,,get_Values,2000151280fd0213001301
4221,,GetEnumerator,200015118151011300
4222,,get_Current,20001300
4223,,MoveNext,200002
4224,,.ctor,2002011c18
4225,,.ctor,2002011c18
4226,,.ctor,2002011c18
4227,,Sort,200101151281ad011300
4228,,get_Count,200008
4229,,get_Item,2001130008
4230,,.ctor,2002011c18
4231,,.ctor,2002011c18
4232,,.ctor,200001
4233,,Add,2001011300
4234,,Clear,200001
4235,,Add,2001011300
4236,,Add,2001011300
4237,,get_Count,200008
4238,,get_Item,2001130008
4239,,get_Count,200008
4240,,get_Item,2001130008
4241,,Clear,200001
4242,,get_Item,2001130008
4243,,Add,2001011300
4244,,get_Count,200008
4245,,set_Item,200201081300
4246,,.ctor,2002011c18
4247,,Sort,200101151281ad011300
4248,,.ctor,200001
4249,,Add,20020113001301
4250,,ContainsKey,2001021300
4251,,get_Item,200113011300
4252,,set_Item,20020113001301
4253,,get_Values,2000151280fd0213001301
4254,,GetEnumerator,20001511819d0213001301
4255,,get_Current,20001301
4256,,MoveNext,200002
4257,,GetEnumerator,200015118151011300
4258,,get_Current,20001300
4259,,MoveNext,200002
4260,,.ctor,200001
4261,,Add,20020113001301
4262,,ContainsKey,2001021300
4263,,get_Item,200113011300
4264,,set_Item,20020113001301
4265,,Clear,200001
4266,,get_Values,2000151280fd0213001301
4267,,GetEnumerator,20001511819d0213001301
4268,,get_Current,20001301
4269,,Add,2001011300
4270,,MoveNext,200002
4271,,.ctor,2002011c18
4272,,Sort,200101151281ad011300
4273,,.ctor,2002011c18
4274,,.ctor,200001
4275,,.ctor,200001
4276,,.ctor,200001
4277,,get_Count,200008
4278,,.ctor,2002011c18
4279,,get_Value,20001301
4280,,.ctor,200001
4281,,GetEnumerator,2000151281e5011300
4282,,get_Current,20001300
4283,,ContainsKey,2001021300
4284,,ContainsKey,2001021300
4285,,set_Item,20020113001301
4286,,get_Item,200113011300
4287,,get_Values,2000151280fd0213001301
4288,,GetEnumerator,20001511819d0213001301
4289,,get_Current,20001301
4290,,MoveNext,200002
4291,,.ctor,200001
4292,,GetEnumerator,200015118151011300
4293,,get_Current,20001300
4294,,ContainsKey,2001021300
4295,,set_Item,20020113001301
4296,,get_Item,200113011300
4297,,MoveNext,200002
4298,,get_Values,2000151280fd0213001301
4299,,GetEnumerator,20001511819d0213001301
4300,,get_Current,20001301
4301,,MoveNext,200002
4302,,.ctor,200001
4303,,get_Item,2001130008
4304,,get_Count,200008
4305,,set_Item,20020113001301
4306,,.ctor,2002011c18
4307,,.ctor,200001
4308,,get_Count,200008
4309,,Clear,200001
4310,,.ctor,200001
4311,,ContainsKey,2001021300
4312,,get_Item,200113011300
4313,,set_Item,20020113001301
4314,,get_Values,2000151280fd0213001301
4315,,GetEnumerator,200015118151011300
4316,,get_Current,20001300
4317,,MoveNext,200002
4318,,get_Item,2001130008
4319,,Reverse,200001
4320,,.ctor,2002011c18
4321,,Sort,200101151281ad011300
4322,System.ComponentModel.DoWorkEventHandler,.ctor,2002011c18
4323,System.ComponentModel.ProgressChangedEventHandler,.ctor,2002011c18
4324,System.ComponentModel.RunWorkerCompletedEventHandler,.ctor,2002011c18
4325,,.ctor,2002011c18
4326,,RemoveAll,20010815128165011300
4327,,.ctor,2002011c18
4328,,get_Keys,2000151282450213001301
4329,,.ctor,200001
4330,,.ctor,200001
4331,,get_Count,200008
4332,,get_Item,2001130008
4333,,Reverse,200001
4334,,Clear,200001
4335,,Clear,200001
4336,,Add,2001011300
4337,,.ctor,2002011c18
4338,,.ctor,2002011c18
4339,,Sort,200101151281ad011300
4340,,get_Count,200008
4341,,get_Item,2001130008
4342,,Add,2001011300
4343,,.ctor,200001
4344,,.ctor,200001
4345,,.ctor,200001
4346,,Clear,200001
4347,,Add,20020113001301
4348,,ContainsKey,2001021300
4349,,get_Item,200113011300
4350,,set_Item,20020113001301
4351,,Clear,200001
4352,,GetEnumerator,2000151182550213001301
4353,,get_Current,20001511811d0213001301
4354,,get_Value,20001301
4355,,Add,2001011300
4356,,MoveNext,200002
4357,,.ctor,2002011c18
4358,,Sort,200101151281ad011300
4359,,get_Count,200008
4360,,get_Item,2001130008
4361,,Clear,200001
4362,,Add,2001011300
4363,,.ctor,2002011c18
4364,,Sort,200101151281ad011300
4365,,get_Count,200008
4366,,get_Item,2001130008
4367,,.ctor,2002011c18
4368,,.ctor,2002011c18
4369,,Find,2001130015128165011300
4370,,get_Count,200008
4371,,get_Item,2001130008
4372,,Add,2001011300
4373,,GetEnumerator,200015118151011300
4374,,get_Current,20001300
4375,,MoveNext,200002
4376,,.ctor,2002011c18
4377,,FindAll,2001151280a101130015128165011300
4378,,.ctor,2002010808
4379,,.ctor,2002011c18
4380,,Address,20021011a1b80808
4381,,Get,200211a1b80808
4382,,Set,200301080811a1b8
4383,System.String,Equals,2001020e
4384,System.Reflection.MethodInfo,CreateDelegate,20021285491281c91c
4385,,ContainsKey,2001021300
4386,,set_Item,20020113001301
4387,,get_Item,200113011300
4388,System.Windows.Forms.OpenFileDialog,.ctor,200001
4389,,get_Key,20001300
4390,System.IntPtr,Zero,0618
4391,,RemoveAt,20010108
4392,,.ctor,2002011c18
4393,,ForEach,200101151280b9011300
4394,,get_Item,200113011300
4395,,GetEnumerator,2000151182550213001301
4396,,get_Current,20001511811d0213001301
4397,,get_Key,20001300
4398,,MoveNext,200002
4399,,TryDequeue,200102101300
4400,,GetEnumerator,200015118151011300
4401,,get_Current,20001300
4402,,MoveNext,200002
4403,,get_Count,200008
4404,,Dequeue,20001300
4405,,RemoveAt,20010108
4406,,.ctor,2002011c18
4407,,Exists,20010215128165011300
4408,,Clear,200001
4409,,get_Count,200008
4410,,TryDequeue,200102101300
4411,,.ctor,2002011c18
4412,,GetEnumerator,200015118151011300
4413,,get_Current,20001300
4414,,MoveNext,200002
4415,,GetEnumerator,2000151182550213001301
4416,,get_Current,20001511811d0213001301
4417,,get_Key,20001300
4418,,get_Value,20001301
4419,,.ctor,2002011c18
4420,,GetEnumerator,200015118151011300
4421,,get_Current,20001300
4422,,MoveNext,200002
4423,,MoveNext,200002
4424,,Find,2001130015128165011300
4425,,.ctor,200001
4426,,set_Item,20020113001301
4427,,ContainsKey,2001021300
4428,,get_Item,200113011300
4429,,Enqueue,2001011300
4430,,.ctor,2002011c18
4431,,.ctor,2002011c18
4432,,.ctor,2002011c18
4433,,.ctor,2002011c18
4434,,.ctor,2002011c18
4435,,.ctor,2002011c18
4436,,RemoveAll,20010815128165011300
4437,,.ctor,2002011c18
4438,,.ctor,2002011c18
4439,,.ctor,2002011c18
4440,,TryGetValue,2002021300101301
4441,,ContainsKey,2001021300
4442,,get_Item,200113011300
4443,,Remove,2001021300
4444,,AddRange,20010115128105011300
4445,,.ctor,2002011c18
4446,,GetEnumerator,2000151281e5011300
4447,,get_Current,20001300
4448,,ContainsKey,2001021300
4449,,get_Item,200113011300
4450,,Remove,2001021300
4451,,.ctor,20010108
4452,,.ctor,2002011c18
4453,,AddRange,20010115128105011300
4454,,Add,2001011300
4455,,.ctor,2002011c18
4456,,set_Item,200201081300
4457,,ContainsKey,2001021300
4458,,Remove,2001021300
4459,,set_Item,20020113001301
4460,,set_Item,20020113001301
4461,,AddRange,20010115128105011300
4462,,Clear,200001
4463,,set_Item,20020113001301
4464,,.ctor,2002011c18
4465,,RemoveAll,20010815128165011300
4466,,get_Count,200008
4467,System.Linq.Enumerable,SequenceEqual,1001020215128105011e0015128105011e00
4468,nsoftware.IPWorks.Ipport,.ctor,2001011284b1
4469,nsoftware.IPWorks.Ipinfo,.ctor,2001011284b1
4470,OnConnectedHandler,.ctor,2002011c18
4471,nsoftware.IPWorks.Ipport,add_OnConnected,2001011287f9
4472,OnDataInHandler,.ctor,2002011c18
4473,nsoftware.IPWorks.Ipport,add_OnDataIn,2001011287fd
4474,OnDisconnectedHandler,.ctor,2002011c18
4475,nsoftware.IPWorks.Ipport,add_OnDisconnected,200101128801
4476,OnReadyToSendHandler,.ctor,2002011c18
4477,nsoftware.IPWorks.Ipport,add_OnReadyToSend,200101128805
4478,OnConnectedHandler,.ctor,2002011c18
4479,nsoftware.IPWorks.Ipdaemon,add_OnConnected,200101128809
4480,OnErrorHandler,.ctor,2002011c18
4481,nsoftware.IPWorks.Ipport,add_OnError,20010112880d
4482,,.ctor,200001
4483,,.ctor,200001
4484,,.ctor,200001
4485,,.ctor,200001
4486,,.ctor,200001
4487,,Add,20020113001301
4488,,get_Item,200113011300
4489,,get_Item,2001130008
4490,,Insert,200201081300
4491,,RemoveAt,20010108
4492,,.ctor,2002011c18
4493,,RemoveAll,20010815128165011300
4494,,get_Count,200008
4495,,Clear,200001
4496,,Add,2001011300
4497,,.ctor,2002011c18
4498,,ForEach,200101151280b9011300
4499,,.ctor,2002011c18
4500,,ForEach,200101151280b9011300
4501,,RemoveAt,20010108
4502,,Insert,200201081300
4503,,RemoveAt,20010108
4504,,get_Count,200008
4505,,get_Item,2001130008
4506,,get_Count,200008
4507,,.ctor,2002011c18
4508,,Add,2001011300
4509,,get_Item,2001130008
4510,,FindAll,2001151280a101130015128165011300
4511,,get_Count,200008
4512,,get_Count,200008
4513,,GetEnumerator,200015118151011300
4514,,get_Current,20001300
4515,,MoveNext,200002
4516,,GetEnumerator,200015118151011300
4517,,get_Current,20001300
4518,,MoveNext,200002
4519,,get_Count,200008
4520,,get_Item,2001130008
4521,,GetEnumerator,200015118151011300
4522,,get_Current,20001300
4523,,.ctor,200001
4524,,Add,2001011300
4525,,MoveNext,200002
4526,,GetEnumerator,200015118151011300
4527,,get_Current,20001300
4528,,MoveNext,200002
4529,,get_Count,200008
4530,,get_Item,2001130008
4531,,get_Item,2001130008
4532,,Remove,2001021300
4533,,.ctor,2002011c18
4534,,FindIndex,20010815128165011300
4535,,get_Count,200008
4536,,Add,2001011300
4537,,.ctor,2002011c18
4538,,Clear,200001
4539,,ContainsValue,2001021301
4540,,.ctor,2002011c18
4541,,Clear,200001
4542,,get_Count,200008
4543,,.ctor,200001
4544,,Add,2001011300
4545,,get_Item,2001130008
4546,,GetEnumerator,2000151182550213001301
4547,,get_Current,20001511811d0213001301
4548,,get_Key,20001300
4549,,GetEnumerator,200015118151011300
4550,,get_Current,20001300
4551,,MoveNext,200002
4552,,get_Count,200008
4553,,MoveNext,200002
4554,,Clear,200001
4555,,Clear,200001
4556,,.ctor,2002011c18
4557,,.ctor,2002011c18
4558,,set_Item,200201081300
4559,,get_Count,200008
4560,,Clear,200001
4561,,GetEnumerator,200015118151011300
4562,,get_Current,20001300
4563,,MoveNext,200002
4564,,Remove,2001021300
4565,,.ctor,200001
4566,,set_Item,20020113001301
4567,,ContainsKey,2001021300
4568,,get_Item,200113011300
4569,,Insert,200201081300
4570,,Clear,200001
4571,,Clear,200001
4572,,ContainsKey,2001021300
4573,,set_Item,20020113001301
4574,,get_Item,200113011300
4575,,GetEnumerator,2000151182550213001301
4576,,get_Current,20001511811d0213001301
4577,,get_Value,20001301
4578,,get_Key,20001300
4579,,Add,2001011300
4580,,MoveNext,200002
4581,,get_Count,200008
4582,,get_Keys,2000151282450213001301
4583,,.ctor,2002011c18
4584,,Sort,200101151281ad011300
4585,,.ctor,2002011c18
4586,,get_Item,2001130008
4587,,GetEnumerator,2000151182550213001301
4588,,get_Current,20001511811d0213001301
4589,,MoveNext,200002
4590,,.ctor,200001
4591,System.Drawing.Font,.ctor,2004010e0c1182691184c5
4592,System.Windows.Forms.ToolStripDropDownClosedEventHandler,.ctor,2002011c18
4593,System.Threading.ThreadExceptionEventHandler,.ctor,2002011c18
4594,System.UnhandledExceptionEventHandler,.ctor,2002011c18
4595,System.Drawing.Bitmap,.ctor,2001011280f1
4596,,.ctor,2002011c18
4597,,GetEnumerator,200015118151011300
4598,,get_Current,20001300
4599,,get_Key,20001300
4600,,MoveNext,200002
4601,,.ctor,200001
4602,,Add,2001011300
4603,,get_Item,2001130008
4604,,get_Count,200008
4605,,.ctor,2002011c18
4606,,get_Item,2001130008
4607,,get_Count,200008
4608,,.ctor,200001
4609,,Add,2001011300
4610,,.ctor,2002011c18
4611,,GetEnumerator,200015118151011300
4612,,get_Current,20001300
4613,,MoveNext,200002
4614,,Clear,200001
4615,,Add,2001011300
4616,,.ctor,2002011c18
4617,,.ctor,2002011c18
4618,,get_Item,2001130008
4619,,get_kullanimFiyati,20001300
4620,,get_Count,200008
4621,,GetEnumerator,200015118151011300
4622,,get_Current,20001300
4623,,get_vade,20001300
4624,,MoveNext,200002
4625,,.ctor,200001
4626,,.ctor,2001011300
4627,,.ctor,2001011300
4628,System.Resources.ResourceManager,.ctor,2002010e1285d5
4629,System.Configuration.ApplicationSettingsBase,.ctor,200001
4630,,.ctor,200001
4631,,get_Count,200008
4632,,.ctor,2002011c18
4633,,Sort,200101151281ad011300
4634,,get_Item,2001130008
4635,,Reverse,200001
4636,,Add,2001011300
4637,,.ctor,2002011c18
4638,System.Windows.Forms.FlowLayoutPanel,.ctor,200001
4639,System.Windows.Forms.ColumnStyle,.ctor,200001
4640,,.ctor,200001
4641,,ContainsKey,2001021300
4642,,set_Item,20020113001301
4643,,get_Item,200113011300
4644,,get_Values,2000151280fd0213001301
4645,,.ctor,2002011c18
4646,,ForEach,200101151280b9011300
4647,,.ctor,2002011c18
4648,System.Windows.Forms.DataVisualization.Charting.VerticalLineAnnotation,.ctor,200001
4649,System.Windows.Forms.DataVisualization.Charting.HorizontalLineAnnotation,.ctor,200001
4650,,Add,2001011300
4651,,get_Count,200008
4652,,.ctor,2002011c18
4653,,ForEach,200101151280b9011300
4654,,get_Count,200008
4655,,.ctor,2002011c18
4656,,ForEach,200101151280b9011300
4657,,get_Count,200008
4658,,.ctor,2002011c18
4659,,ForEach,200101151280b9011300
4660,,get_Count,200008
4661,,.ctor,200001
4662,,Add,2001011300
4663,,.ctor,2002011c18
4664,,ForEach,200101151280b9011300
4665,,get_Item,2001130008
4666,,GetEnumerator,2000151281e5011300
4667,,get_Current,20001300
4668,System.Windows.Forms.Control,.ctor,200001
4669,,.ctor,200001
4670,,.ctor,200001
4671,,.ctor,200001
4672,,get_Count,200008
4673,,get_Item,2001130008
4674,,Clear,200001
4675,,Add,2001011300
4676,,.ctor,200001
4677,,Add,2001011300
4678,,.ctor,2002011c18
4679,,ForEach,200101151280b9011300
4680,,get_Item,2001130008
4681,,get_Item,2001130008
4682,,get_Count,200008
4683,,Clear,200001
4684,,Add,2001011300
4685,,Clear,200001
4686,,Add,2001011300
4687,nsoftware.IPWorks.Ipdaemon,.ctor,200001
4688,System.Type,GetTypeFromHandle,00011281c9118855
4689,System.Type,get_Assembly,20001285d5
4690,System.Runtime.CompilerServices.RuntimeHelpers,InitializeArray,00020112825911885d
4691,System.Collections.SortedList,.ctor,200001
4692,System.Collections.Hashtable,.ctor,200001
4693,System.Security.Cryptography.RSACryptoServiceProvider,set_UseMachineKeyStore,00010102
4694,System.BitConverter,GetBytes,00011d0509
4695,System.Array,Copy,000501128259081282590808
4696,System.Security.Cryptography.AesCryptoServiceProvider,.ctor,200001
4697,System.Security.Cryptography.RijndaelManaged,.ctor,200001
4698,System.Activator,CreateInstance,00021288790e0e
4699,System.Runtime.Remoting.ObjectHandle,Unwrap,20001c
4700,System.Security.Cryptography.CryptoConfig,get_AllowOnlyFipsAlgorithms,000002
4701,System.Security.Cryptography.MD5CryptoServiceProvider,.ctor,200001
4702,System.Security.Cryptography.HashAlgorithm,ComputeHash,20011d051d05
4703,System.IO.Stream,Read,2003081d050808
4704,System.Security.Cryptography.HashAlgorithm,TransformBlock,2005081d0508081d0508
4705,System.IO.BinaryReader,get_BaseStream,20001280f1
4706,System.IO.Stream,set_Position,2001010a
4707,System.IO.BinaryReader,ReadUInt32,200009
4708,System.Security.Cryptography.RSACryptoServiceProvider,.ctor,200001
4709,System.Threading.Monitor,Enter,0002011c1002
4710,System.Reflection.Assembly,GetManifestResourceStream,20011280f10e
4711,System.IO.Stream,get_Length,20000a
4712,System.IO.BinaryReader,ReadBytes,20011d0508
4713,System.IO.BinaryReader,Close,200001
4714,,Add,20020113001301
4715,System.Threading.Monitor,Exit,0001011c
4716,System.Type,GetFields,20011d128279118899
4717,System.Reflection.MemberInfo,get_MetadataToken,200008
4718,,get_Item,200113011300
4719,System.Type,get_Module,2000128845
4720,System.Type,GetGenericArguments,20001d1281c9
4721,System.Reflection.Module,ResolveMethod,2003128785081d1281c91d1281c9
4722,System.Reflection.MethodBase,get_IsStatic,200002
4723,System.Reflection.FieldInfo,get_FieldType,20001281c9
4724,System.Delegate,CreateDelegate,00021285491281c912870d
4725,System.Reflection.FieldInfo,SetValue,2002011c1c
4726,System.Reflection.MethodBase,GetParameters,20001d128889
4727,System.Reflection.MemberInfo,get_DeclaringType,20001281c9
4728,System.Type,get_IsValueType,200002
4729,System.Type,MakeByRefType,20001281c9
4730,System.Reflection.ParameterInfo,get_ParameterType,20001281c9
4731,System.Reflection.MethodInfo,get_ReturnType,20001281c9
4732,System.Reflection.Emit.DynamicMethod,.ctor,2005010e1281c91d1281c91281c902
4733,System.Reflection.Emit.DynamicMethod,GetILGenerator,2000128891
4734,System.Reflection.Emit.OpCodes,Ldarg_0,0611889d
4735,System.Reflection.Emit.ILGenerator,Emit,20010111889d
4736,System.Reflection.Emit.OpCodes,Ldarg_1,0611889d
4737,System.Reflection.Emit.OpCodes,Ldarg_2,0611889d
4738,System.Reflection.Emit.OpCodes,Ldarg_3,0611889d
4739,System.Reflection.Emit.OpCodes,Ldarg_S,0611889d
4740,System.Reflection.Emit.ILGenerator,Emit,20020111889d08
4741,System.Reflection.Emit.OpCodes,Tailcall,0611889d
4742,System.Reflection.Emit.OpCodes,Call,0611889d
4743,System.Reflection.Emit.OpCodes,Callvirt,0611889d
4744,System.Reflection.Emit.ILGenerator,Emit,20020111889d12870d
4745,System.Reflection.Emit.OpCodes,Ret,0611889d
4746,System.Reflection.Emit.DynamicMethod,CreateDelegate,20011285491281c9
4747,System.String,get_Length,200008
4748,System.Diagnostics.Debugger,get_IsAttached,000002
4749,System.String,Trim,20000e
4750,System.Convert,FromBase64String,00011d050e
4751,System.Text.Encoding,get_Unicode,000012813d
4752,System.Text.Encoding,GetString,20030e1d050808
4753,System.IntPtr,get_Size,000008
4754,System.Runtime.InteropServices.Marshal,ReadInt32,0002081808
4755,System.Runtime.InteropServices.Marshal,ReadInt64,00020a1808
4756,System.Collections.Hashtable,get_Item,20011c1c
4757,System.Runtime.InteropServices.Marshal,AllocCoTaskMem,00011808
4758,System.Runtime.InteropServices.Marshal,Copy,0004011d05081808
4759,System.Runtime.InteropServices.Marshal,WriteIntPtr,000301180818
4760,System.Runtime.InteropServices.Marshal,WriteInt32,000301180808
4761,System.Type,GetMethod,200212870d0e1d1281c9
4762,System.IntPtr,.ctor,2001010a
4763,System.IntPtr,ToInt64,20000a
4764,System.IntPtr,ToInt32,200008
4765,System.IntPtr,.ctor,2001010f01
4766,System.Type,GetField,20021282790e118899
4767,System.Object,GetType,20001281c9
4768,System.Version,.ctor,20040108080808
4769,System.Collections.Hashtable,.ctor,20010108
4770,System.Reflection.Assembly,get_Location,20000e
4771,System.IO.File,Exists,0001020e
4772,System.Reflection.Assembly,GetName,20001288c1
4773,System.Reflection.AssemblyName,get_CodeBase,20000e
4774,System.String,Replace,20020e0e0e
4775,System.Type,GetProperty,20011281d90e
4776,System.Reflection.PropertyInfo,GetValue,20021c1c1d1c
4777,System.String,Concat,00020e0e0e
4778,System.Runtime.InteropServices.Marshal,GetDelegateForFunctionPointer,0002128549181281c9
4779,System.String,Concat,00030e0e0e0e
4780,System.IntPtr,op_Equality,0002021818
4781,System.IO.MemoryStream,ToArray,20001d05
4782,System.Security.Cryptography.SymmetricAlgorithm,set_Key,2001011d05
4783,System.Security.Cryptography.SymmetricAlgorithm,set_IV,2001011d05
4784,System.Security.Cryptography.SymmetricAlgorithm,CreateDecryptor,200012830d
4785,System.IO.Stream,Write,2003011d050808
4786,System.IO.Stream,Close,200001
4787,System.Security.Cryptography.SHA1,Create,00001288c5
4788,System.Security.Cryptography.CryptoConfig,MapNameToOID,00010e0e
4789,System.Security.Cryptography.SymmetricAlgorithm,set_Mode,2001011188c9
4790,System.Security.Cryptography.SymmetricAlgorithm,CreateDecryptor,200212830d1d051d05
4791,System.Security.Cryptography.CryptoStream,FlushFinalBlock,200001
4792,System.Text.Encoding,get_UTF8,000012813d
4793,System.Text.Encoding,GetString,20010e1d05
4794,System.Security.Cryptography.AsymmetricAlgorithm,FromXmlString,2001010e
4795,System.IO.BinaryReader,ReadUInt16,200007
4796,System.IO.Stream,get_Position,20000a
4797,System.Math,Min,00020a0a0a
4798,System.Security.Cryptography.HashAlgorithm,TransformFinalBlock,20031d051d050808
4799,System.Array,Reverse,000101128259
4800,System.Security.Cryptography.HashAlgorithm,get_Hash,20001d05
4801,System.Security.Cryptography.RSACryptoServiceProvider,VerifyHash,2003021d050e1d05
4802,System.Reflection.AssemblyName,get_Name,20000e
4803,System.Runtime.InteropServices.Marshal,ReadIntPtr,0002181808
4804,System.Runtime.InteropServices.Marshal,WriteInt64,00030118080a
4805,System.Diagnostics.Process,GetCurrentProcess,00001282ed
4806,System.Diagnostics.Process,get_MainModule,20001288b5
4807,System.Diagnostics.ProcessModule,get_BaseAddress,200018
4808,System.IntPtr,op_Inequality,0002021818
4809,System.Type,GetType,00021281c90e02
4810,System.Type,op_Inequality,0002021281c91281c9
4811,System.Diagnostics.Process,get_Modules,20001288ad
4812,System.Collections.ReadOnlyCollectionBase,GetEnumerator,2000128275
4813,System.Diagnostics.ProcessModule,get_ModuleName,20000e
4814,System.String,op_Equality,0002020e0e
4815,System.Diagnostics.ProcessModule,get_FileVersionInfo,2000128819
4816,System.Diagnostics.FileVersionInfo,get_ProductMajorPart,200008
4817,System.Diagnostics.FileVersionInfo,get_ProductMinorPart,200008
4818,System.Diagnostics.FileVersionInfo,get_ProductBuildPart,200008
4819,System.Diagnostics.FileVersionInfo,get_ProductPrivatePart,200008
4820,System.Version,op_GreaterThanOrEqual,0002021288b11288b1
4821,System.Version,op_LessThan,0002021288b11288b1
4822,System.Reflection.AssemblyName,GetPublicKeyToken,20001d05
4823,System.Array,Clear,0003011282590808
4824,System.Reflection.Assembly,GetModules,20001d128845
4825,System.Runtime.InteropServices.Marshal,GetHINSTANCE,000118128845
4826,System.Diagnostics.Process,get_Id,200008
4827,System.BitConverter,GetBytes,00011d0508
4828,System.Runtime.InteropServices.Marshal,WriteInt32,0002011808
4829,System.Collections.Hashtable,Add,2002011c1c
4830,System.Convert,ToInt32,0001080a
4831,System.Runtime.InteropServices.Marshal,ReadInt32,00010818
4832,System.Runtime.InteropServices.Marshal,ReadInt64,00010a18
4833,System.Runtime.InteropServices.Marshal,GetFunctionPointerForDelegate,000118128549
4834,System.Diagnostics.ProcessModule,get_ModuleMemorySize,200008
4835,System.Reflection.Assembly,get_EntryPoint,200012870d
4836,System.Reflection.MethodInfo,op_Inequality,00020212870d12870d
4837,System.Delegate,get_Method,200012870d
4838,System.Reflection.Assembly,get_ManifestModule,2000128845
4839,System.Reflection.Module,get_ModuleHandle,20001188b9
4840,System.Reflection.FieldInfo,GetValue,20011c1c
4841,System.BitConverter,GetBytes,00011d050a
4842,System.Runtime.CompilerServices.RuntimeHelpers,PrepareDelegate,000101128549
4843,System.Reflection.MethodBase,get_MethodHandle,20001188d9
4844,System.Runtime.CompilerServices.RuntimeHelpers,PrepareMethod,0001011188d9
4845,System.Runtime.InteropServices.Marshal,WriteIntPtr,0002011818
4846,System.Text.Encoding,GetBytes,20011d050e
4847,System.Security.Cryptography.SymmetricAlgorithm,CreateEncryptor,200012830d
4848,System.Convert,ToBase64String,00010e1d05
4849,System.IO.BinaryReader,Read,2003081d050808
4850,System.IO.BinaryReader,ReadInt32,200008
4851,System.ModuleHandle,GetRuntimeTypeHandleFromMetadataToken,200111885508
4852,System.ModuleHandle,GetRuntimeFieldHandleFromMetadataToken,200111885d08
4853,System.String,Format,00030e1288dd0e1d1c
4854,System.DateTime,get_Now,00001180a9
4855,System.DateTime,ToShortTimeString,20000e
4856,System.Threading.Tasks.Task,get_Factory,00001288e1
4857,System.Threading.Tasks.TaskFactory,StartNew,20011280bd1280b1
4858,System.Threading.Tasks.Task,ContinueWith,20011280bd151280b9011280bd
4859,System.Exception,get_Message,20000e
4860,System.Threading.Thread,Start,200001
4861,CryptoExchange.Net.SocketClient,UnsubscribeAll,20001280bd
4862,System.Text.StringBuilder,AppendLine,20011280c90e
4863,System.DateTime,get_Today,00001180a9
4864,System.DateTime,ToString,20010e0e
4865,System.String,Concat,00040e0e0e0e0e
4866,System.IO.File,AppendAllText,0002010e0e
4867,System.Net.Http.HttpClient,get_DefaultRequestHeaders,20001288e5
4868,System.Net.Http.Headers.HttpHeaders,Add,2002010e0e
4869,System.BitConverter,ToString,00010e1d05
4870,System.DateTime,get_Year,200008
4871,System.DateTime,get_Month,200008
4872,System.DateTime,get_Day,200008
4873,System.DateTime,get_Hour,200008
4874,System.DateTime,get_Minute,200008
4875,System.Math,DivRem,00030808081008
4876,System.DateTime,AddHours,20011180a90d
4877,System.String,Substring,20020e0808
4878,System.String,IndexOf,2001080e
4879,System.IO.FileInfo,get_Length,20000a
4880,System.IO.BinaryReader,ReadSingle,20000c
4881,System.Decimal,op_Explicit,00011180ed0c
4882,System.Decimal,op_Equality,0002021180ed1180ed
4883,System.Math,Max,00021180ed1180ed1180ed
4884,System.Math,Min,00021180ed1180ed1180ed
4885,System.Decimal,op_Subtraction,00021180ed1180ed1180ed
4886,System.Decimal,op_Multiply,00021180ed1180ed1180ed
4887,System.Decimal,op_LessThanOrEqual,0002021180ed1180ed
4888,System.Decimal,op_GreaterThanOrEqual,0002021180ed1180ed
4889,System.Decimal,op_GreaterThan,0002021180ed1180ed
4890,System.Decimal,op_Division,00021180ed1180ed1180ed
4891,System.Decimal,op_Explicit,00010c1180ed
4892,System.Decimal,op_Addition,00021180ed1180ed1180ed
4893,System.Math,Max,00020c0c0c
4894,System.Math,Min,00020c0c0c
4895,System.Decimal,op_Implicit,00011180ed08
4896,System.Decimal,op_LessThan,0002021180ed1180ed
4897,System.DateTime,get_Second,200008
4898,System.DateTime,op_GreaterThan,0002021180a91180a9
4899,System.DateTime,op_LessThanOrEqual,0002021180a91180a9
4900,System.String,op_Inequality,0002020e0e
4901,System.DateTime,get_DayOfWeek,20001188e9
4902,System.DateTime,op_Equality,0002021180a91180a9
4903,System.DateTime,op_GreaterThanOrEqual,0002021180a91180a9
4904,System.DateTime,op_LessThan,0002021180a91180a9
4905,System.Object,MemberwiseClone,20001c
4906,System.IO.File,ReadAllText,00010e0e
4907,System.String,Split,20011d0e1d03
4908,System.Drawing.ColorTranslator,FromHtml,000111816d0e
4909,System.Byte,ToString,20000e
4910,System.Text.StringBuilder,Append,20011280c90e
4911,System.Int32,ToString,20000e
4912,System.Drawing.ColorTranslator,ToHtml,00010e11816d
4913,System.String,Join,00020e0e1d0e
4914,System.IO.File,WriteAllText,0002010e0e
4915,System.Drawing.Color,get_Red,000011816d
4916,System.Drawing.Color,get_White,000011816d
4917,System.Drawing.Color,get_Salmon,000011816d
4918,System.Drawing.Color,get_LimeGreen,000011816d
4919,System.Drawing.Color,get_Green,000011816d
4920,System.Drawing.Color,get_DarkGreen,000011816d
4921,System.Drawing.Color,get_LightSeaGreen,000011816d
4922,System.Drawing.Color,get_LightSkyBlue,000011816d
4923,System.Drawing.Color,get_Blue,000011816d
4924,System.Drawing.Color,get_DarkBlue,000011816d
4925,System.Drawing.Color,get_Cyan,000011816d
4926,System.Drawing.Color,get_DarkMagenta,000011816d
4927,System.Drawing.Color,get_Black,000011816d
4928,System.Drawing.Color,FromArgb,000311816d080808
4929,System.Drawing.Color,get_Gold,000011816d
4930,System.Drawing.Color,get_MediumSpringGreen,000011816d
4931,System.Single,ToString,20010e0e
4932,System.Single,ToString,20000e
4933,System.String,Concat,00010e1d0e
4934,System.Linq.Enumerable,Sum,00010c15128105010c
4935,System.Math,Abs,00010c0c
4936,System.Linq.Enumerable,Average,00010c15128105010c
4937,System.Math,Sqrt,00010d0d
4938,System.Linq.Enumerable,Max,00010c15128105010c
4939,System.Linq.Enumerable,Min,00010c15128105010c
4940,System.Environment,get_TickCount,000008
4941,System.Math,Abs,00010808
4942,System.Math,Pow,00020d0d0d
4943,System.Math,Exp,00010d0d
4944,System.Math,Max,00020d0d0d
4945,System.Convert,ToSingle,00010c0d
4946,System.Math,Abs,00011180ed1180ed
4947,System.Decimal,op_Inequality,0002021180ed1180ed
4948,System.DateTime,get_Date,20001180a9
4949,System.Math,Log,00010d0d
4950,System.Drawing.Color,get_Teal,000011816d
4951,System.Drawing.Color,get_Gray,000011816d
4952,System.Drawing.Color,get_Orange,000011816d
4953,System.Drawing.Color,get_MediumTurquoise,000011816d
4954,System.Drawing.Color,get_HotPink,000011816d
4955,System.Drawing.Color,get_SkyBlue,000011816d
4956,System.Drawing.Color,get_Purple,000011816d
4957,System.Drawing.Color,get_Magenta,000011816d
4958,System.Drawing.Color,get_Yellow,000011816d
4959,System.IO.File,ReadAllLines,00011d0e0e
4960,System.String,Substring,20010e08
4961,System.IO.File,WriteAllLines,0002010e1d0e
4962,System.Runtime.Serialization.Formatters.Binary.BinaryFormatter,Serialize,2002011280f11c
4963,System.Runtime.Serialization.Formatters.Binary.BinaryFormatter,Deserialize,20011c1280f1
4964,System.Drawing.Color,get_Silver,000011816d
4965,NDde.Server.DdeServer,Advise,2002010e0e
4966,NDde.Server.DdeServer,Register,200001
4967,NDde.Server.DdeServer,Unregister,200001
4968,System.Text.Encoding,get_ASCII,000012813d
4969,System.Decimal,ToString,20000e
4970,System.Double,ToString,20000e
4971,System.Double,ToString,20010e0e
4972,nsoftware.IPWorks.Ipport,get_Connected,200002
4973,System.Guid,NewGuid,00001181cd
4974,System.Globalization.CultureInfo,get_InvariantCulture,00001281c5
4975,System.Guid,ToString,20020e0e1288dd
4976,System.Guid,Parse,00011181cd0e
4977,System.String,EndsWith,2001020e
4978,System.Guid,TryParse,0002020e101181cd
4979,System.String,IsNullOrEmpty,0001020e
4980,nsoftware.IPWorks.Ipport,set_DataToSendB,2001011d05
4981,System.DateTime,ToString,20020e0e1288dd
4982,System.DateTime,ParseExact,00031180a90e0e1288dd
4983,System.String,IndexOf,20010803
4984,System.Globalization.CultureInfo,CreateSpecificCulture,00011281c50e
4985,System.Reflection.MemberInfo,get_Name,20000e
4986,System.Type,GetProperties,20001d1281d9
4987,System.Reflection.PropertyInfo,GetValue,20011c1c
4988,System.String,Format,00020e0e1d1c
4989,System.Text.StringBuilder,get_Length,200008
4990,System.Text.StringBuilder,Insert,20021280c9080e
4991,System.Text.StringBuilder,Append,20011280c903
4992,System.Int32,Parse,0001080e
4993,System.Reflection.PropertyInfo,op_Equality,0002021281d91281d9
4994,System.Reflection.PropertyInfo,get_PropertyType,20001281c9
4995,System.Reflection.PropertyInfo,SetValue,2002011c1c
4996,System.GC,SuppressFinalize,0001011c
4997,System.StringComparer,get_OrdinalIgnoreCase,00001288ed
4998,System.Type,op_Equality,0002021281c91281c9
4999,System.Int32,TryParse,0004020e1188f11288dd1008
5000,System.Decimal,TryParse,0004020e1188f11288dd101180ed
5001,System.Double,TryParse,0004020e1188f11288dd100d
5002,System.Single,TryParse,0004020e1188f11288dd100c
5003,System.String,Equals,2002020e1188f5
5004,System.Type,get_IsEnum,200002
5005,System.Int32,TryParse,0002020e1008
5006,System.String,get_Chars,20010308
5007,System.Enum,ToObject,00021c1281c908
5008,System.Enum,IsDefined,0002021281c91c
5009,System.Char,ToString,20000e
5010,System.String,Join,00020e0e15128105010e
5011,System.String,PadLeft,20020e0803
5012,System.Boolean,ToString,20000e
5013,System.Double,ToString,20010e1288dd
5014,System.Decimal,ToString,20010e1288dd
5015,System.Single,ToString,20010e1288dd
5016,System.Int32,ToString,20010e1288dd
5017,System.DateTime,ToString,20010e1288dd
5018,System.Enum,GetUnderlyingType,00011281c91281c9
5019,System.Convert,ChangeType,00021c1c1281c9
5020,System.Char,IsLetter,00010203
5021,System.Net.WebRequest,Create,00011283a50e
5022,System.Net.WebRequest,GetResponse,2000128319
5023,System.Net.WebResponse,GetResponseStream,20001280f1
5024,System.IO.TextReader,ReadToEnd,20000e
5025,System.Runtime.CompilerServices.AsyncVoidMethodBuilder,Create,00001181f1
5026,System.Threading.Tasks.Task,GetAwaiter,20001181f9
5027,System.Net.Http.HttpClient,GetAsync,20011512810d011281250e
5028,System.Net.Http.HttpResponseMessage,get_StatusCode,20001181f5
5029,System.Console,WriteLine,0001011c
5030,System.Net.Http.HttpResponseMessage,get_Content,20001282e1
5031,System.Net.Http.HttpContent,ReadAsStringAsync,20001512810d010e
5032,Newtonsoft.Json.JsonSerializerSettings,set_ContractResolver,2001011288f9
5033,System.Net.WebClient,DownloadString,20010e0e
5034,System.Convert,ToDateTime,00011180a90e
5035,System.DateTime,ToUniversalTime,20001180a9
5036,System.DateTime,op_Subtraction,000211820d1180a91180a9
5037,System.TimeSpan,get_TotalMilliseconds,20000d
5038,System.Convert,ToInt64,00010a0d
5039,System.Int64,ToString,20000e
5040,System.Convert,ToInt32,0001080e
5041,System.Threading.Tasks.Task,get_CompletedTask,00001280bd
5042,System.String,Split,20021d0e1d031188fd
5043,System.Convert,ToString,00010e1c
5044,System.Convert,ToInt16,0001061c
5045,System.Convert,ToInt32,0001081c
5046,System.Convert,ToInt64,00010a1c
5047,System.Convert,ToDouble,00010d1c
5048,System.String,Format,00020e0e1c
5049,System.Convert,ToDateTime,00011180a91c
5050,System.Convert,ToByte,0001051c
5051,System.Convert,ToDecimal,00011180ed1c
5052,System.DateTime,get_UtcNow,00001180a9
5053,System.DateTime,Subtract,200111820d1180a9
5054,System.DateTime,AddMilliseconds,20011180a90d
5055,System.DateTime,get_Ticks,20000a
5056,System.Web.Script.Serialization.JavaScriptSerializer,set_MaxJsonLength,20010108
5057,System.String,LastIndexOf,2001080e
5058,System.String,Remove,20020e0808
5059,System.String,Split,20021d0e1d0e1188fd
5060,System.String,LastIndexOf,20010803
5061,nsoftware.IPWorks.Ipport,Connect,2002010e08
5062,nsoftware.IPWorks.Ipport,set_Connected,20010102
5063,System.Windows.Forms.MessageBox,Show,00041186d50e0e118901118905
5064,System.Random,Next,2002080808
5065,nsoftware.IPWorks.Ipport,get_Firewall,2000128909
5066,nsoftware.IPWorks.Firewall,set_AutoDetect,20010102
5067,nsoftware.IPWorks.Firewall,set_FirewallType,20010111890d
5068,nsoftware.IPWorks.Firewall,set_Host,2001010e
5069,nsoftware.IPWorks.Firewall,set_Port,20010108
5070,nsoftware.IPWorks.Firewall,set_Password,2001010e
5071,nsoftware.IPWorks.Firewall,set_User,2001010e
5072,nsoftware.IPWorks.Firewall,get_FirewallType,200011890d
5073,nsoftware.IPWorks.Ipport,Disconnect,200001
5074,nsoftware.IPWorks.Ipport,DoEvents,200001
5075,nsoftware.IPWorks.Ipport,Interrupt,200001
5076,nsoftware.IPWorks.Ipport,set_InvokeThrough,20010112808d
5077,System.Diagnostics.Stopwatch,get_ElapsedMilliseconds,20000a
5078,System.Byte,Parse,0001050e
5079,System.Math,Max,0002080808
5080,System.Byte,ToString,20010e0e
5081,System.Windows.Forms.Control,Show,200001
5082,System.Media.SystemSounds,get_Asterisk,0000128911
5083,System.Media.SystemSound,Play,200001
5084,System.DateTime,get_TimeOfDay,200011820d
5085,System.TimeSpan,op_GreaterThan,00020211820d11820d
5086,System.TimeSpan,op_LessThan,00020211820d11820d
5087,System.Int32,ToString,20010e0e
5088,System.Windows.Forms.Control,set_Text,2001010e
5089,System.Windows.Forms.Control,set_Visible,20010102
5090,System.Text.StringBuilder,Append,20021280c90308
5091,System.Text.StringBuilder,set_Chars,2002010803
5092,System.Media.SystemSounds,get_Hand,0000128911
5093,System.Random,Next,20010808
5094,nsoftware.IPWorks.Ipport,set_DataToSend,2001010e
5095,System.Environment,get_MachineName,00000e
5096,System.Environment,get_NewLine,00000e
5097,System.Environment,Exit,00010108
5098,System.Windows.Forms.MessageBox,Show,00021186d50e0e
5099,System.Text.StringBuilder,Clear,20001280c9
5100,System.Text.Encoding,get_Default,000012813d
5101,System.IO.File,WriteAllBytes,0002010e1d05
5102,System.IO.File,Delete,0001010e
5103,System.Windows.Forms.Control,BringToFront,200001
5104,System.TimeSpan,op_LessThanOrEqual,00020211820d11820d
5105,System.Windows.Forms.Form,set_MdiParent,200101127d
5106,nsoftware.IPWorks.Ipdaemon,get_Connections,2000128915
5107,nsoftware.IPWorks.ConnectionMap,get_Values,20001512839901128225
5108,nsoftware.IPWorks.Connection,get_Connected,200002
5109,nsoftware.IPWorks.Connection,set_DataToSend,2001010e
5110,System.TimeSpan,get_Days,200008
5111,System.Math,Round,00020d0d08
5112,System.Decimal,op_Explicit,00010d1180ed
5113,System.Convert,ToChar,00010303
5114,System.Decimal,ToString,20010e0e
5115,System.DateTime,TryParseExact,0005020e0e1288dd118919101180a9
5116,System.TimeSpan,get_TotalDays,20000d
5117,System.Windows.Forms.AutoCompleteStringCollection,get_Count,200008
5118,System.Windows.Forms.AutoCompleteStringCollection,AddRange,2001011d0e
5119,System.IO.File,ReadAllLines,00021d0e0e12813d
5120,System.IO.File,WriteAllLines,0002010e15128105010e
5121,System.IO.Directory,GetFiles,00021d0e0e0e
5122,System.IO.Path,GetFileNameWithoutExtension,00010e0e
5123,System.BitConverter,ToInt32,0002081d0508
5124,System.BitConverter,ToSingle,00020c1d0508
5125,System.IO.File,ReadAllBytes,00011d050e
5126,System.Array,CopyTo,20020112825908
5127,System.BitConverter,GetBytes,00011d050c
5128,System.IO.BinaryWriter,Write,20010108
5129,System.IO.BinaryWriter,Write,2001010c
5130,System.IO.Path,GetDirectoryName,00010e0e
5131,System.IO.Directory,Exists,0001020e
5132,System.IO.File,Copy,0003010e0e02
5133,System.Drawing.Font,get_Name,20000e
5134,System.Drawing.Font,get_Size,20000c
5135,System.Drawing.Font,get_Bold,200002
5136,System.Xml.Serialization.XmlSerializer,Serialize,2002011280f11c
5137,System.IO.Directory,CreateDirectory,00011287310e
5138,System.Diagnostics.StackTrace,GetFrame,200112891d08
5139,System.Diagnostics.StackFrame,GetFileLineNumber,200008
5140,System.Exception,get_Source,20000e
5141,System.Exception,get_StackTrace,20000e
5142,System.IO.File,AppendAllLines,0002010e15128105010e
5143,Microsoft.CSharp.RuntimeBinder.Binder,Convert,000312828d1189211281c91281c9
5144,Microsoft.CSharp.RuntimeBinder.CSharpArgumentInfo,Create,00021282911189250e
5145,Microsoft.CSharp.RuntimeBinder.Binder,InvokeMember,000512828d1189210e15128105011281c91281c91512810501128291
5146,System.Reflection.FieldInfo,GetRawConstantValue,20001c
5147,System.Xml.XmlNode,SelectSingleNode,20011282990e
5148,System.Xml.XmlNode,get_InnerText,20000e
5149,System.Type,GetProperty,20021281d90e118899
5150,System.Reflection.PropertyInfo,SetValue,2003011c1c1d1c
5151,System.Windows.Forms.RadioButton,get_Checked,200002
5152,System.Windows.Forms.Control,get_Text,20000e
5153,System.Windows.Forms.RadioButton,set_Checked,20010102
5154,System.Windows.Forms.Control,get_Name,20000e
5155,System.Windows.Forms.DataGridViewColumn,set_Name,2001010e
5156,System.Windows.Forms.DataGridViewColumn,set_HeaderText,2001010e
5157,System.Windows.Forms.DataGridViewColumn,set_Width,20010108
5158,System.Windows.Forms.DataGridViewBand,get_DefaultCellStyle,2000128501
5159,System.Windows.Forms.DataGridViewCellStyle,set_Alignment,2001011182a9
5160,System.Windows.Forms.DataGridViewColumn,set_SortMode,200101118929
5161,System.Windows.Forms.DataGridView,get_Columns,200012892d
5162,System.Windows.Forms.DataGridViewColumnCollection,Add,2001081284e5
5163,System.Windows.Forms.DataGridViewTextBoxColumn,set_SortMode,200101118929
5164,System.Windows.Forms.DataGridViewBand,set_Visible,20010102
5165,System.Windows.Forms.DataGridView,get_Rows,2000128931
5166,System.Windows.Forms.DataGridViewRowCollection,get_Count,200008
5167,System.Windows.Forms.DataGridView,get_ColumnCount,200008
5168,System.Windows.Forms.DataGridViewColumnCollection,get_Item,20011284e508
5169,System.Windows.Forms.DataGridViewColumn,get_HeaderText,20000e
5170,System.Windows.Forms.DataGridView,get_Item,20021282b90808
5171,System.Windows.Forms.DataGridViewCell,get_Value,20001c
5172,System.Windows.Forms.DataGridViewCell,get_FormattedValue,20001c
5173,System.Windows.Forms.DataGridView,get_ColumnHeadersVisible,200002
5174,System.Array,GetLength,20010808
5175,System.Windows.Forms.DataGridView,get_ColumnHeadersDefaultCellStyle,2000128501
5176,System.Windows.Forms.DataGridViewCellStyle,set_Font,200101128175
5177,System.Windows.Forms.DataGridView,get_DefaultCellStyle,2000128501
5178,System.Windows.Forms.DataGridView,get_RowTemplate,2000128449
5179,System.Windows.Forms.DataGridViewRow,set_Height,20010108
5180,System.Windows.Forms.DataGridView,set_CurrentCell,2001011282b9
5181,System.Windows.Forms.DataGridViewColumn,get_Width,200008
5182,System.Windows.Forms.Control,set_Width,20010108
5183,System.Windows.Forms.BaseCollection,get_Count,200008
5184,System.Windows.Forms.DataGridViewRowCollection,get_Item,200112844908
5185,System.Windows.Forms.DataGridViewRow,get_Cells,2000128935
5186,System.Windows.Forms.BaseCollection,GetEnumerator,2000128275
5187,ObjectCollection,Clear,200001
5188,ObjectCollection,Add,2001081c
5189,System.Windows.Forms.Control,get_Width,200008
5190,System.Windows.Forms.Control,get_Height,200008
5191,System.Drawing.Image,get_Size,20001182d5
5192,System.Windows.Forms.Control,DrawToBitmap,20020112824d11818d
5193,System.Drawing.Imaging.ImageFormat,get_Bmp,0000128939
5194,System.Drawing.Image,Save,2002010e128939
5195,System.Diagnostics.ProcessStartInfo,set_FileName,2001010e
5196,System.Diagnostics.Process,Start,00011282ed1282d1
5197,System.Windows.Forms.Clipboard,SetImage,0001011285e5
5198,System.Drawing.Imaging.ImageFormat,get_Jpeg,0000128939
5199,System.Windows.Forms.Control,CreateGraphics,20001282d9
5200,System.Diagnostics.Process,Start,00011282ed0e
5201,System.Net.Http.MultipartFormDataContent,Add,2002011282e10e
5202,System.Net.Http.HttpContent,get_Headers,200012893d
5203,System.Net.Http.Headers.ContentDispositionHeaderValue,set_Name,2001010e
5204,System.IO.Path,GetFileName,00010e0e
5205,System.Net.Http.Headers.ContentDispositionHeaderValue,set_FileName,2001010e
5206,System.Net.Http.Headers.HttpContentHeaders,set_ContentDisposition,2001011282e5
5207,System.Net.Http.MultipartContent,Add,2001011282e1
5208,System.Net.Http.HttpClient,PostAsync,20021512810d011281251281fd1282e1
5209,System.Diagnostics.Process,get_StartInfo,20001282d1
5210,System.Diagnostics.ProcessStartInfo,set_Verb,2001010e
5211,System.Diagnostics.Process,Start,200002
5212,System.Windows.Forms.Form,get_IsMdiChild,200002
5213,System.Windows.Forms.Form,get_MdiParent,2000127d
5214,System.Windows.Forms.Control,get_ClientRectangle,200011818d
5215,System.Drawing.Rectangle,get_Width,200008
5216,System.Windows.Forms.Control,get_Left,200008
5217,System.Windows.Forms.Control,set_Left,20010108
5218,System.Drawing.Rectangle,get_Height,200008
5219,System.Windows.Forms.Control,get_Top,200008
5220,System.Windows.Forms.Control,set_Top,20010108
5221,System.Drawing.Rectangle,get_X,200008
5222,System.Drawing.Rectangle,get_Right,200008
5223,System.Drawing.Rectangle,get_Y,200008
5224,System.Drawing.Rectangle,get_Bottom,200008
5225,System.Drawing.Drawing2D.GraphicsPath,AddLine,20040108080808
5226,System.Drawing.Drawing2D.GraphicsPath,CloseFigure,200001
5227,System.Drawing.Graphics,DrawPath,2002011282f51282f1
5228,System.Drawing.Graphics,DrawLine,2005011282f508080808
5229,System.Drawing.Graphics,FillPath,2002011285311282f1
5230,System.Drawing.Graphics,FillRectangle,20020112853111818d
5231,System.Drawing.Color,FromArgb,000211816d0811816d
5232,System.Drawing.Graphics,DrawRectangle,2002011282f511818d
5233,System.Drawing.Rectangle,get_Left,200008
5234,System.Drawing.Rectangle,get_Top,200008
5235,System.Drawing.Drawing2D.LinearGradientBrush,SetBlendTriangularShape,2001010c
5236,System.Drawing.Graphics,DrawString,2005010e1281751285310c0c
5237,System.Drawing.Color,FromArgb,000411816d08080808
5238,System.Drawing.Drawing2D.LinearGradientBrush,SetSigmaBellShape,2001010c
5239,System.Drawing.Drawing2D.GraphicsPath,AddCurve,2001011d118189
5240,System.Drawing.Drawing2D.PathGradientBrush,set_CenterColor,20010111816d
5241,System.Drawing.Drawing2D.PathGradientBrush,set_SurroundColors,2001011d11816d
5242,System.Drawing.Pen,set_Width,2001010c
5243,System.Drawing.Graphics,DrawCurve,2002011282f51d118189
5244,System.Drawing.Point,get_X,200008
5245,System.Drawing.Point,get_Y,200008
5246,System.Drawing.Drawing2D.GraphicsPath,AddPolygon,2001011d118189
5247,System.Drawing.Graphics,DrawPolygon,2002011282f51d118189
5248,System.Uri,get_Host,20000e
5249,System.Uri,get_Scheme,20000e
5250,System.Uri,get_PathAndQuery,20000e
5251,System.String,PadRight,20010e08
5252,System.Byte,TryParse,0002020e1005
5253,System.String,Replace,20020e0303
5254,System.Double,TryParse,0002020e100d
5255,System.Text.StringBuilder,get_Chars,20010308
5256,System.String,ToUpperInvariant,20000e
5257,System.String,ToUpper,20010e1281c5
5258,System.Single,TryParse,0002020e100c
5259,System.Decimal,TryParse,0002020e101180ed
5260,System.Int64,TryParse,0002020e100a
5261,System.Security.Cryptography.SymmetricAlgorithm,set_Padding,200101118941
5262,System.Security.Cryptography.ICryptoTransform,TransformFinalBlock,20031d051d050808
5263,System.Security.Cryptography.SymmetricAlgorithm,Clear,200001
5264,System.Web.HttpUtility,UrlDecode,00010e0e
5265,System.Convert,ToBase64String,00030e1d050808
5266,System.Net.ServicePointManager,get_ServerCertificateValidationCallback,000012831d
5267,System.Delegate,Combine,0002128549128549128549
5268,System.Net.ServicePointManager,set_ServerCertificateValidationCallback,00010112831d
5269,System.Net.CredentialCache,get_DefaultCredentials,0000128945
5270,System.Net.WebProxy,set_Credentials,200101128945
5271,System.Net.WebProxy,set_BypassProxyOnLocal,20010102
5272,System.Net.WebRequest,set_Proxy,200101128949
5273,System.Net.HttpWebRequest,set_AllowAutoRedirect,20010102
5274,System.Net.WebRequest,set_ContentType,2001010e
5275,System.Net.WebRequest,set_Method,2001010e
5276,System.Net.WebRequest,set_Timeout,20010108
5277,System.Net.HttpWebRequest,set_CookieContainer,200101128311
5278,System.Text.Encoding,GetEncoding,000112813d0e
5279,System.Convert,ToInt64,00010a0e
5280,System.DateTime,AddDays,20011180a90d
5281,System.Math,Ceiling,00010d0d
5282,System.DateTime,AddMonths,20011180a908
5283,System.Windows.Forms.Control,get_Handle,200018
5284,System.Windows.Forms.TextBoxBase,get_TextLength,200008
5285,System.Windows.Forms.TextBoxBase,set_SelectionStart,20010108
5286,System.Windows.Forms.TextBoxBase,set_SelectionLength,20010108
5287,System.Windows.Forms.RichTextBox,set_SelectionColor,20010111816d
5288,System.Windows.Forms.RichTextBox,set_SelectionFont,200101128175
5289,System.Windows.Forms.TextBoxBase,AppendText,2001010e
5290,ObjectCollection,get_Item,20011c08
5291,System.Windows.Forms.ListBox,SetSelected,2002010802
5292,ObjectCollection,get_Count,200008
5293,System.Windows.Forms.Control,get_InvokeRequired,200002
5294,System.Windows.Forms.Control,BeginInvoke,2001128455128549
5295,System.Drawing.Color,get_R,200005
5296,System.Drawing.Color,get_G,200005
5297,System.Drawing.Color,get_B,200005
5298,System.Threading.Thread,get_IsAlive,200002
5299,System.Threading.Thread,Abort,200001
5300,System.IO.Stream,CopyTo,2001011280f1
5301,System.IO.Path,GetExtension,00010e0e
5302,System.Security.Cryptography.Aes,Create,000012834d
5303,System.Security.Cryptography.SymmetricAlgorithm,get_KeySize,200008
5304,System.Security.Cryptography.SymmetricAlgorithm,get_BlockSize,200008
5305,System.Security.Cryptography.DeriveBytes,GetBytes,20011d0508
5306,System.CodeDom.Compiler.CompilerParameters,set_GenerateInMemory,20010102
5307,System.CodeDom.Compiler.CompilerParameters,set_GenerateExecutable,20010102
5308,System.CodeDom.Compiler.CompilerParameters,set_TreatWarningsAsErrors,20010102
5309,System.CodeDom.Compiler.CompilerParameters,get_ReferencedAssemblies,200012894d
5310,System.Collections.Specialized.StringCollection,Add,2001080e
5311,System.CodeDom.Compiler.CodeDomProvider,CompileAssemblyFromSource,200212835d1283611d0e
5312,System.Random,Next,200008
5313,System.Double,Parse,00010d0e
5314,System.IO.Stream,Seek,20020a0a118951
5315,System.Buffer,BlockCopy,000501128259081282590808
5316,System.IO.Compression.ZipFile,ExtractToDirectory,0002010e0e
5317,System.IO.File,ReadAllText,00020e0e12813d
5318,System.IO.BinaryReader,ReadDouble,20000d
5319,System.Windows.Forms.Control,Invalidate,200001
5320,System.Delegate,Remove,0002128549128549128549
5321,System.Windows.Forms.Control,set_BackColor,20010111816d
5322,System.Windows.Forms.ButtonBase,get_FlatAppearance,2000128955
5323,System.Windows.Forms.FlatButtonAppearance,set_BorderColor,20010111816d
5324,System.Windows.Forms.Timer,set_Interval,20010108
5325,System.Windows.Forms.Timer,add_Tick,200101128371
5326,System.Windows.Forms.Control,set_Enabled,20010102
5327,System.Windows.Forms.Timer,Start,200001
5328,System.Windows.Forms.Timer,Stop,200001
5329,System.Math,Sin,00010d0d
5330,System.Windows.Forms.ButtonBase,OnPaint,20010112837d
5331,System.Windows.Forms.PaintEventArgs,get_Graphics,20001282d9
5332,System.Drawing.Graphics,set_SmoothingMode,200101118959
5333,System.Drawing.Color,get_DodgerBlue,000011816d
5334,System.Drawing.Graphics,FillEllipse,2005011285310c0c0c0c
5335,System.Math,Cos,00010d0d
5336,System.ComponentModel.Component,Dispose,200001
5337,System.Windows.Forms.ButtonBase,Dispose,20010102
5338,System.IO.Directory,GetDirectories,00011d0e0e
5339,System.IO.Directory,Delete,0002010e02
5340,System.Windows.Forms.Control,set_Font,200101128175
5341,System.Drawing.Color,get_Name,20000e
5342,nsoftware.IPWorks.Ipdaemon,set_LocalPort,20010108
5343,nsoftware.IPWorks.Ipdaemon,Config,20010e0e
5344,nsoftware.IPWorks.Ipdaemon,set_InvokeThrough,20010112808d
5345,nsoftware.IPWorks.Ipdaemon,set_Listening,20010102
5346,System.Drawing.Color,get_Aqua,000011816d
5347,System.DateTime,AddYears,20011180a908
5348,System.Windows.Forms.Form,ShowDialog,20001186d5
5349,System.Drawing.Color,get_DarkSlateGray,000011816d
5350,System.Drawing.Color,get_DarkRed,000011816d
5351,System.Drawing.Color,get_LawnGreen,000011816d
5352,System.Drawing.Color,get_LightPink,000011816d
5353,System.Drawing.Color,get_CornflowerBlue,000011816d
5354,System.String,CompareTo,2001080e
5355,System.IO.Directory,GetFiles,00011d0e0e
5356,System.Threading.Thread,Sleep,00010108
5357,System.Windows.Forms.Form,set_WindowState,20010111895d
5358,System.Enum,GetName,00020e1281c91c
5359,System.Decimal,op_Explicit,0001081180ed
5360,System.Decimal,op_Explicit,00011180ed0d
5361,System.Windows.Forms.Control,Refresh,200001
5362,System.String,TrimEnd,20010e1d03
5363,System.IO.BinaryWriter,Write,20010105
5364,System.IO.BinaryWriter,Write,2001010d
5365,System.BitConverter,ToDouble,00020d1d0508
5366,System.DateTime,AddSeconds,20011180a90d
5367,System.DateTime,AddMinutes,20011180a90d
5368,System.IO.BinaryWriter,Write,2001011d05
5369,System.Math,Abs,00010d0d
5370,System.IO.Directory,EnumerateFiles,000115128105010e0e
5371,System.TimeSpan,get_TotalSeconds,20000d
5372,System.Console,WriteLine,0001010e
5373,System.Threading.Tasks.Task,Start,200001
5374,System.IO.File,ReadLines,000115128105010e0e
5375,System.Drawing.Color,get_Gainsboro,000011816d
5376,System.Drawing.Color,get_WhiteSmoke,000011816d
5377,System.Drawing.Color,get_Fuchsia,000011816d
5378,System.Windows.Forms.MessageBox,Show,00031186d50e0e118901
5379,System.Security.Cryptography.SHA256,Create,000012839d
5380,System.Drawing.StringFormat,set_Alignment,200101118961
5381,System.Drawing.StringFormat,set_LineAlignment,200101118961
5382,System.Drawing.Rectangle,Contains,200102118189
5383,System.Windows.Forms.Control,get_MouseButtons,0000118965
5384,System.Windows.Forms.DataGridViewCellMouseEventArgs,get_ColumnIndex,200008
5385,System.Windows.Forms.DataGridViewRowCollection,RemoveAt,20010108
5386,System.Windows.Forms.DataGridView,Sort,2002011284e511844d
5387,System.Windows.Forms.DataGridViewCell,set_Value,2001011c
5388,System.Windows.Forms.DataGridViewRowCollection,Insert,20020108128449
5389,System.Drawing.Graphics,MeasureString,200211845d0e128175
5390,System.Drawing.SizeF,get_Width,20000c
5391,System.Windows.Forms.Control,get_Cursor,2000128185
5392,System.Windows.Forms.Cursors,get_SizeWE,0000128185
5393,System.Windows.Forms.Cursor,op_Inequality,000202128185128185
5394,System.Windows.Forms.Control,set_Cursor,200101128185
5395,System.Windows.Forms.Cursors,get_Arrow,0000128185
5396,System.Windows.Forms.MouseEventArgs,get_Button,2000118965
5397,System.Windows.Forms.MouseEventArgs,get_X,200008
5398,System.Windows.Forms.MouseEventArgs,get_Y,200008
5399,System.Windows.Forms.MouseEventArgs,get_Delta,200008
5400,System.Drawing.Color,get_Crimson,000011816d
5401,System.Windows.Forms.ToolStrip,get_Items,2000128969
5402,System.Windows.Forms.Layout.ArrangedElementCollection,GetEnumerator,2000128275
5403,System.Windows.Forms.ToolStripItem,set_BackColor,20010111816d
5404,System.Windows.Forms.ToolStripItem,set_ForeColor,20010111816d
5405,System.Drawing.RectangleF,get_Location,2000118179
5406,System.Drawing.Graphics,DrawArc,2004011282f511846d0c0c
5407,System.Convert,ToInt32,00010808
5408,System.Drawing.RectangleF,get_Right,20000c
5409,System.Drawing.RectangleF,set_X,2001010c
5410,System.Drawing.RectangleF,get_Bottom,20000c
5411,System.Drawing.RectangleF,set_Y,2001010c
5412,System.Drawing.RectangleF,get_Left,20000c
5413,System.Windows.Forms.ToolStripRenderer,InitializeItem,200101128471
5414,System.Drawing.Color,get_DarkSlateBlue,000011816d
5415,System.Windows.Forms.ToolStripRenderer,Initialize,200101128475
5416,System.Windows.Forms.ToolStrip,set_ForeColor,20010111816d
5417,System.Windows.Forms.ToolStripProfessionalRenderer,OnRenderImageMargin,200101128479
5418,System.Windows.Forms.ToolStripRenderEventArgs,get_AffectedBounds,200011818d
5419,System.Windows.Forms.ToolStripRenderEventArgs,get_ToolStrip,2000128475
5420,System.Drawing.Pens,get_Silver,00001282f5
5421,System.Windows.Forms.ToolStripRenderEventArgs,get_Graphics,20001282d9
5422,System.Windows.Forms.ToolStripProfessionalRenderer,OnRenderItemCheck,20010112847d
5423,System.Windows.Forms.ToolStripItemRenderEventArgs,get_Item,2000128471
5424,System.Windows.Forms.ToolStripItem,get_Selected,200002
5425,System.Windows.Forms.ToolStripItemRenderEventArgs,get_Graphics,20001282d9
5426,System.Windows.Forms.ToolStripItemImageRenderEventArgs,get_Image,20001285e5
5427,System.Drawing.Graphics,DrawImage,2002011285e5118189
5428,System.Windows.Forms.ToolStripProfessionalRenderer,OnRenderSeparator,200101128481
5429,System.Windows.Forms.ToolStripItem,get_Width,200008
5430,System.Windows.Forms.ToolStripArrowRenderEventArgs,set_ArrowColor,20010111816d
5431,System.Windows.Forms.ToolStripProfessionalRenderer,OnRenderArrow,200101128485
5432,System.Windows.Forms.ToolStripProfessionalRenderer,OnRenderMenuItemBackground,200101128489
5433,System.Windows.Forms.ToolStripItem,get_Enabled,200002
5434,System.Windows.Forms.ToolStripItem,get_IsOnDropDown,200002
5435,System.Windows.Forms.ToolStripItem,get_Size,20001182d5
5436,System.Windows.Forms.Application,get_OpenForms,000012896d
5437,System.Windows.Forms.Control,get_Tag,20001c
5438,System.Windows.Forms.Form,Close,200001
5439,System.Windows.Forms.Form,set_Owner,200101127d
5440,System.Windows.Forms.Form,set_TopMost,20010102
5441,System.Windows.Forms.Cursor,get_Position,0000118189
5442,System.Runtime.InteropServices.Marshal,GetActiveObject,00011c0e
5443,ObjectCollection,AddRange,2001011d1c
5444,System.Runtime.InteropServices.Marshal,GetTypeFromCLSID,00011281c91181cd
5445,System.Activator,CreateInstance,00011c1281c9
5446,System.Drawing.Color,get_Lime,000011816d
5447,System.Drawing.Color,get_RoyalBlue,000011816d
5448,System.Drawing.Color,get_DarkOrange,000011816d
5449,System.Drawing.Color,get_Coral,000011816d
5450,System.Drawing.Color,get_DarkOrchid,000011816d
5451,System.Windows.Forms.Control,set_Height,20010108
5452,System.Windows.Forms.Form,get_MdiChildren,20001d127d
5453,System.Windows.Forms.Form,set_Location,200101118189
5454,System.Windows.Forms.MessageBox,Show,00011186d50e
5455,System.Diagnostics.ProcessStartInfo,set_Arguments,2001010e
5456,System.Drawing.Color,get_Navy,000011816d
5457,System.Drawing.Color,get_DeepPink,000011816d
5458,System.Collections.Specialized.NameValueCollection,set_Item,2002010e0e
5459,System.Net.WebClient,UploadValues,20031d050e0e12849d
5460,System.Windows.Forms.TextBox,set_AutoCompleteCustomSource,200101128249
5461,System.Windows.Forms.CheckBox,set_Checked,20010102
5462,System.Windows.Forms.KeyEventArgs,get_KeyData,200011848d
5463,System.Windows.Forms.KeyEventArgs,set_Handled,20010102
5464,System.Windows.Forms.ContainerControl,set_ActiveControl,20010112808d
5465,System.Windows.Forms.CheckBox,get_Checked,200002
5466,System.Windows.Forms.KeyPressEventArgs,get_KeyChar,200003
5467,System.Char,ToUpperInvariant,00010303
5468,System.Windows.Forms.KeyPressEventArgs,set_KeyChar,20010103
5469,System.Windows.Forms.KeyEventArgs,get_KeyCode,200011848d
5470,System.Windows.Forms.TextBoxBase,SelectAll,200001
5471,System.Windows.Forms.Form,Dispose,20010102
5472,System.Windows.Forms.Control,SuspendLayout,200001
5473,System.Windows.Forms.Panel,set_BorderStyle,200101118971
5474,ControlCollection,Add,20010112808d
5475,System.Windows.Forms.Control,set_Dock,200101118975
5476,System.Windows.Forms.Control,set_Location,200101118189
5477,System.Windows.Forms.Control,set_Name,2001010e
5478,System.Windows.Forms.Control,set_Size,2001011182d5
5479,System.Windows.Forms.Control,set_TabIndex,20010108
5480,System.Windows.Forms.Control,set_AutoSize,20010102
5481,System.Drawing.Color,get_Transparent,000011816d
5482,System.Windows.Forms.Control,set_ForeColor,20010111816d
5483,System.Windows.Forms.RadioButton,set_TabStop,20010102
5484,System.Windows.Forms.ButtonBase,set_UseVisualStyleBackColor,20010102
5485,System.Windows.Forms.GroupBox,set_TabStop,20010102
5486,System.Windows.Forms.TextBox,set_AutoCompleteMode,200101118979
5487,System.Windows.Forms.TextBox,set_AutoCompleteSource,20010111897d
5488,System.Windows.Forms.TextBox,set_TextAlign,200101118981
5489,System.Windows.Forms.Label,set_TextAlign,200101118985
5490,System.Windows.Forms.Control,add_Click,200101128371
5491,System.Windows.Forms.Cursors,get_Hand,0000128185
5492,System.Windows.Forms.TextBoxBase,set_ReadOnly,20010102
5493,System.Drawing.Color,get_CadetBlue,000011816d
5494,System.Windows.Forms.Control,add_MouseDown,2001011284c9
5495,System.Windows.Forms.ListControl,set_FormattingEnabled,20010102
5496,System.Windows.Forms.ComboBox,add_SelectionChangeCommitted,200101128371
5497,System.Windows.Forms.Control,add_KeyDown,2001011284cd
5498,System.Windows.Forms.Control,add_KeyPress,2001011284d1
5499,System.Windows.Forms.Control,add_Leave,200101128371
5500,System.Windows.Forms.ContainerControl,set_AutoScaleMode,200101118989
5501,System.Windows.Forms.Form,set_ClientSize,2001011182d5
5502,System.Windows.Forms.Control,set_DoubleBuffered,20010102
5503,System.Windows.Forms.Form,set_FormBorderStyle,20010111898d
5504,System.Windows.Forms.Form,set_KeyPreview,20010102
5505,System.Windows.Forms.Form,set_MaximizeBox,20010102
5506,System.Windows.Forms.Form,set_MinimizeBox,20010102
5507,System.Windows.Forms.Form,set_ShowIcon,20010102
5508,System.Windows.Forms.Form,set_ShowInTaskbar,20010102
5509,System.Windows.Forms.Form,set_StartPosition,200101118991
5510,System.Windows.Forms.Form,add_Load,200101128371
5511,System.Windows.Forms.Control,ResumeLayout,20010102
5512,System.Windows.Forms.Control,PerformLayout,200001
5513,System.Windows.Forms.DataGridViewColumnCollection,Clear,200001
5514,System.Windows.Forms.DataGridViewCellStyle,set_Padding,2001011184e1
5515,System.Windows.Forms.DataGridView,get_RowsDefaultCellStyle,2000128501
5516,System.Windows.Forms.DataGridViewColumn,get_HeaderCell,2000128995
5517,System.Windows.Forms.DataGridViewCell,get_Style,2000128501
5518,TabPageCollection,Contains,2001021284d5
5519,TabPageCollection,Remove,2001011284d5
5520,System.Windows.Forms.Control,get_DisplayRectangle,200011818d
5521,System.Windows.Forms.MouseEventArgs,get_Location,2000118189
5522,System.Windows.Forms.Form,get_ClientSize,20001182d5
5523,System.Drawing.Size,get_Width,200008
5524,System.Drawing.Size,get_Height,200008
5525,System.Windows.Forms.Cursors,get_SizeNWSE,0000128185
5526,System.Windows.Forms.Cursors,get_SizeNESW,0000128185
5527,System.Windows.Forms.Cursors,get_SizeNS,0000128185
5528,System.Windows.Forms.TabControl,set_SelectedTab,2001011284d5
5529,System.Windows.Forms.ComboBox,get_SelectedItem,20001c
5530,System.Windows.Forms.DataGridViewCellFormattingEventArgs,get_RowIndex,200008
5531,System.Windows.Forms.DataGridViewCellFormattingEventArgs,get_ColumnIndex,200008
5532,System.Windows.Forms.DataGridView,get_CurrentCell,20001282b9
5533,System.Windows.Forms.DataGridViewCell,get_RowIndex,200008
5534,System.Windows.Forms.DataGridViewCellStyle,set_BackColor,20010111816d
5535,System.Windows.Forms.DataGridViewCellStyle,set_ForeColor,20010111816d
5536,System.Windows.Forms.DataGridViewCellStyle,get_BackColor,200011816d
5537,System.Windows.Forms.DataGridViewCellStyle,get_ForeColor,200011816d
5538,System.Windows.Forms.DataGridViewCellFormattingEventArgs,get_CellStyle,2000128501
5539,System.Windows.Forms.DataGridViewCellStyle,set_SelectionBackColor,20010111816d
5540,System.Windows.Forms.DataGridViewCellStyle,set_SelectionForeColor,20010111816d
5541,System.Windows.Forms.DataGridViewColumnEventArgs,get_Column,20001284e5
5542,System.Windows.Forms.DataGridViewBand,get_Index,200008
5543,System.Windows.Forms.DataGridViewCellMouseEventArgs,get_RowIndex,200008
5544,System.Windows.Forms.DataGridView,get_Item,20021282b90e08
5545,System.Windows.Forms.DataGridViewCellCollection,get_Item,20011282b908
5546,System.Windows.Forms.ToolStripMenuItem,set_ShortcutKeyDisplayString,2001010e
5547,System.Windows.Forms.ToolStripDropDown,Show,200101118189
5548,System.Windows.Forms.NumericUpDown,get_Value,20001180ed
5549,System.Windows.Forms.FontDialog,set_Font,200101128175
5550,System.Windows.Forms.CommonDialog,ShowDialog,20001186d5
5551,System.Windows.Forms.FontDialog,get_Font,2000128175
5552,System.Windows.Forms.DrawItemEventArgs,get_Index,200008
5553,System.Windows.Forms.TabControl,get_SelectedIndex,200008
5554,System.Windows.Forms.DrawItemEventArgs,get_Graphics,20001282d9
5555,System.Windows.Forms.DrawItemEventArgs,get_Bounds,200011818d
5556,System.Drawing.SystemBrushes,get_Control,0000128531
5557,TabPageCollection,get_Item,20011284d508
5558,System.Windows.Forms.Control,get_Font,2000128175
5559,System.Drawing.SystemBrushes,get_ControlText,0000128531
5560,System.Drawing.Point,op_Implicit,0001118179118189
5561,System.Drawing.Graphics,DrawString,2004010e128175128531118179
5562,System.DateTime,op_Inequality,0002021180a91180a9
5563,System.Windows.Forms.TabControl,get_SelectedTab,20001284d5
5564,System.Windows.Forms.DataGridViewColumnCollection,get_Item,20011284e50e
5565,System.Windows.Forms.DataGridViewBand,set_Frozen,20010102
5566,System.Windows.Forms.DataGridViewColumn,set_MinimumWidth,20010108
5567,System.Windows.Forms.DataGridView,set_GridColor,20010111816d
5568,System.Windows.Forms.DataGridView,set_RowCount,20010108
5569,System.Windows.Forms.DataGridViewCellCollection,get_Item,20011282b90e
5570,System.Windows.Forms.DataGridView,get_RowCount,200008
5571,System.Windows.Forms.NumericUpDown,set_Value,2001011180ed
5572,System.Windows.Forms.Control,get_Right,200008
5573,TabPageCollection,GetEnumerator,2000128275
5574,System.Windows.Forms.DataGridView,set_BackgroundColor,20010111816d
5575,System.ComponentModel.ISupportInitialize,BeginInit,200001
5576,System.Windows.Forms.TabControl,set_DrawMode,200101118999
5577,System.Windows.Forms.TabControl,set_ItemSize,2001011182d5
5578,System.Windows.Forms.TabControl,set_SelectedIndex,20010108
5579,System.Windows.Forms.TabControl,set_SizeMode,20010111899d
5580,System.Windows.Forms.TabControl,add_DrawItem,200101128509
5581,System.Windows.Forms.TabControl,add_SelectedIndexChanged,200101128371
5582,System.Windows.Forms.TabPage,set_Location,200101118189
5583,System.Windows.Forms.Control,set_Padding,2001011184e1
5584,System.Windows.Forms.TabPage,set_TabIndex,20010108
5585,System.Windows.Forms.TabPage,set_UseVisualStyleBackColor,20010102
5586,System.Windows.Forms.Control,set_AllowDrop,20010102
5587,System.Windows.Forms.DataGridView,set_AllowUserToAddRows,20010102
5588,System.Windows.Forms.DataGridView,set_AllowUserToDeleteRows,20010102
5589,System.Windows.Forms.DataGridView,set_AllowUserToResizeRows,20010102
5590,System.Windows.Forms.DataGridView,set_BorderStyle,200101118971
5591,System.Windows.Forms.DataGridView,set_ColumnHeadersBorderStyle,2001011189a1
5592,System.Drawing.SystemColors,get_Highlight,000011816d
5593,System.Drawing.SystemColors,get_HighlightText,000011816d
5594,System.Windows.Forms.DataGridViewCellStyle,set_WrapMode,2001011189a5
5595,System.Windows.Forms.DataGridView,set_ColumnHeadersDefaultCellStyle,200101128501
5596,System.Windows.Forms.DataGridView,set_ColumnHeadersHeight,20010108
5597,System.Windows.Forms.DataGridView,set_ColumnHeadersHeightSizeMode,2001011189a9
5598,System.Windows.Forms.DataGridViewColumnCollection,AddRange,2001011d1284e5
5599,System.Windows.Forms.DataGridView,set_EditMode,2001011189ad
5600,System.Windows.Forms.DataGridView,set_EnableHeadersVisualStyles,20010102
5601,System.Windows.Forms.DataGridView,set_MultiSelect,20010102
5602,System.Windows.Forms.DataGridView,set_ReadOnly,20010102
5603,System.Windows.Forms.DataGridView,set_RowHeadersVisible,20010102
5604,System.Windows.Forms.DataGridView,set_RowHeadersWidthSizeMode,2001011189b1
5605,System.Windows.Forms.DataGridView,set_RowsDefaultCellStyle,200101128501
5606,System.Windows.Forms.DataGridView,add_CellFormatting,20010112850d
5607,System.Windows.Forms.DataGridView,add_CellMouseDoubleClick,200101128511
5608,System.Windows.Forms.DataGridView,add_CellMouseDown,200101128511
5609,System.Windows.Forms.DataGridView,add_ColumnWidthChanged,200101128515
5610,System.Windows.Forms.DataGridViewBand,set_DefaultCellStyle,200101128501
5611,System.Windows.Forms.DataGridViewBand,set_ReadOnly,20010102
5612,System.Drawing.SystemColors,get_Window,000011816d
5613,System.Windows.Forms.DataGridView,set_DefaultCellStyle,200101128501
5614,System.Drawing.SystemColors,get_Control,000011816d
5615,System.Drawing.SystemColors,get_WindowText,000011816d
5616,System.Windows.Forms.DataGridView,set_RowHeadersDefaultCellStyle,200101128501
5617,System.Windows.Forms.DataGridView,add_CellMouseClick,200101128511
5618,System.Windows.Forms.DataGridView,set_AllowUserToResizeColumns,20010102
5619,System.Windows.Forms.TextBoxBase,set_MaxLength,20010108
5620,System.Windows.Forms.Control,set_Margin,2001011184e1
5621,System.Windows.Forms.NumericUpDown,set_Maximum,2001011180ed
5622,System.Windows.Forms.NumericUpDown,set_Minimum,2001011180ed
5623,System.Windows.Forms.UpDownBase,set_TextAlign,200101118981
5624,System.Windows.Forms.Timer,set_Enabled,20010102
5625,System.Windows.Forms.DataGridView,set_ColumnHeadersVisible,20010102
5626,System.Windows.Forms.DataGridView,set_ScrollBars,2001011189b5
5627,System.Windows.Forms.ToolStrip,set_BackColor,20010111816d
5628,System.Windows.Forms.ToolStripItemCollection,AddRange,2001011d128471
5629,System.Windows.Forms.ToolStripDropDownMenu,set_ShowCheckMargin,20010102
5630,System.Windows.Forms.ToolStripDropDownMenu,set_ShowImageMargin,20010102
5631,System.Windows.Forms.ToolStripItem,set_Name,2001010e
5632,System.Windows.Forms.ToolStripItem,set_Size,2001011182d5
5633,System.Windows.Forms.ToolStripItem,set_Text,2001010e
5634,System.Windows.Forms.ToolStripItem,add_Click,200101128371
5635,System.Drawing.Color,get_LightGray,000011816d
5636,System.Drawing.Color,get_Firebrick,000011816d
5637,System.Windows.Forms.Control,add_Paint,200101128519
5638,System.Drawing.Color,get_DimGray,000011816d
5639,System.Windows.Forms.Form,set_ControlBox,20010102
5640,System.Windows.Forms.Form,add_Activated,200101128371
5641,System.Windows.Forms.Form,add_FormClosed,20010112851d
5642,System.Windows.Forms.Control,add_SizeChanged,200101128371
5643,System.Windows.Forms.Control,add_MouseMove,2001011284c9
5644,System.Windows.Forms.Control,add_Resize,200101128371
5645,System.ComponentModel.ISupportInitialize,EndInit,200001
5646,System.Windows.Forms.Screen,FromPoint,0001128521118189
5647,System.Windows.Forms.Screen,get_WorkingArea,200011818d
5648,System.Windows.Forms.Control,get_Bottom,200008
5649,ObjectCollection,Contains,2001021c
5650,System.TimeSpan,TryParse,0002020e1011820d
5651,System.TimeSpan,op_GreaterThanOrEqual,00020211820d11820d
5652,System.Windows.Forms.Control,SetBounds,20040108080808
5653,System.Windows.Forms.Screen,FromControl,000112852112808d
5654,System.Windows.Forms.Form,get_WindowState,200011895d
5655,System.Windows.Forms.Form,Activate,200001
5656,System.Windows.Forms.DataGridViewCellEventArgs,get_RowIndex,200008
5657,System.Windows.Forms.DataGridViewCellEventArgs,get_ColumnIndex,200008
5658,System.Windows.Forms.DataGridViewColumn,get_Name,20000e
5659,System.Timers.Timer,Start,200001
5660,System.Drawing.Color,get_DarkGray,000011816d
5661,System.Drawing.Rectangle,get_Size,20001182d5
5662,System.Windows.Forms.DataGridView,add_CellDoubleClick,20010112852d
5663,System.Windows.Forms.DataGridView,add_ColumnHeaderMouseClick,200101128511
5664,System.Drawing.Color,get_Turquoise,000011816d
5665,System.Windows.Forms.RadioButton,add_CheckedChanged,200101128371
5666,ObjectCollection,AddRange,2001011d1c
5667,System.Windows.Forms.ListBox,get_SelectedItem,20001c
5668,System.Windows.Forms.ListControl,set_SelectedIndex,20010108
5669,System.Windows.Forms.ListBox,set_IntegralHeight,20010102
5670,System.Windows.Forms.ListBox,set_Sorted,20010102
5671,System.Windows.Forms.FlatButtonAppearance,set_BorderSize,20010108
5672,System.Windows.Forms.ButtonBase,set_FlatStyle,2001011189b9
5673,System.Windows.Forms.Control,add_TextChanged,200101128371
5674,System.Windows.Forms.Label,set_BorderStyle,200101118971
5675,System.Windows.Forms.CheckBox,set_CheckState,2001011189bd
5676,System.Drawing.Graphics,Clear,20010111816d
5677,System.Drawing.RectangleF,op_Implicit,000111846d11818d
5678,System.Drawing.Graphics,DrawString,2005010e12817512853111846d128265
5679,System.Drawing.Graphics,FillRectangle,20050112853108080808
5680,System.Drawing.Graphics,FillEllipse,20020112853111818d
5681,System.Drawing.Pens,get_DarkGreen,00001282f5
5682,System.Drawing.Graphics,DrawEllipse,2002011282f511818d
5683,System.Math,Min,0002080808
5684,System.Drawing.Graphics,DrawLine,2005011282f50c0c0c0c
5685,System.Drawing.Graphics,DrawEllipse,2005011282f50c0c0c0c
5686,System.Drawing.Rectangle,get_Location,2000118189
5687,System.Drawing.Drawing2D.GraphicsPath,AddArc,20030111818d0c0c
5688,System.Drawing.Rectangle,set_X,20010108
5689,System.Drawing.Rectangle,set_Y,20010108
5690,System.Drawing.Color,get_Lavender,000011816d
5691,System.Windows.Forms.Control,add_MouseWheel,2001011284c9
5692,System.Diagnostics.Stopwatch,Start,200001
5693,System.Windows.Forms.ToolTip,GetToolTip,20010e12808d
5694,System.Windows.Forms.ToolTip,Hide,2001011289c1
5695,System.Windows.Forms.ToolTip,Show,2005010e1289c1080808
5696,System.Drawing.SolidBrush,set_Color,20010111816d
5697,System.Windows.Forms.Control,get_ModifierKeys,000011848d
5698,System.Convert,ToChar,00010308
5699,System.Windows.Forms.ContainerControl,get_ActiveControl,200012808d
5700,System.Char,IsDigit,00010203
5701,System.Char,IsControl,00010203
5702,System.Windows.Forms.Control,get_Visible,200002
5703,System.Windows.Forms.SendKeys,Send,0001010e
5704,System.Windows.Forms.Form,ProcessCmdKey,2002021011853911848d
5705,System.Drawing.Pen,set_Color,20010111816d
5706,System.Drawing.Rectangle,set_Width,20010108
5707,System.Windows.Forms.DragEventArgs,get_Data,20001289c5
5708,System.Windows.Forms.IDataObject,GetData,20011c0e
5709,System.Windows.Forms.IDataObject,GetDataPresent,2001020e
5710,System.Windows.Forms.DragEventArgs,set_Effect,20010111856d
5711,System.Windows.Forms.Control,PointToClient,2001118189118189
5712,System.Windows.Forms.SystemInformation,get_DragSize,00001182d5
5713,System.Windows.Forms.Control,DoDragDrop,200211856d1c11856d
5714,System.Windows.Forms.PaintEventArgs,get_ClipRectangle,200011818d
5715,System.Drawing.Rectangle,Contains,20010211818d
5716,System.Drawing.Rectangle,set_Height,20010108
5717,System.Drawing.Brushes,get_Gainsboro,0000128531
5718,System.Drawing.Brushes,get_White,0000128531
5719,System.Drawing.Brushes,get_Black,0000128531
5720,System.Char,ToUpper,00010303
5721,System.Windows.Forms.Form,get_Owner,2000127d
5722,System.Windows.Forms.Control,Invalidate,20010111818d
5723,System.Windows.Forms.Control,Update,200001
5724,System.Windows.Forms.Control,set_MinimumSize,2001011182d5
5725,System.Windows.Forms.ToolStripItem,set_Visible,20010102
5726,System.Windows.Forms.ToolStripMenuItem,set_Checked,20010102
5727,System.Windows.Forms.ToolStripDropDown,Show,20020112808d118189
5728,System.Windows.Forms.ToolStripComboBox,set_Sorted,20010102
5729,System.Drawing.Color,get_MediumBlue,000011816d
5730,Microsoft.VisualBasic.Interaction,InputBox,00050e0e0e0e0808
5731,System.Windows.Forms.TextBox,set_CharacterCasing,2001011189c9
5732,System.Windows.Forms.Control,add_MouseUp,2001011284c9
5733,System.Windows.Forms.Control,add_DragDrop,20010112854d
5734,System.Windows.Forms.Control,add_DragEnter,20010112854d
5735,System.Windows.Forms.Control,add_MouseDoubleClick,2001011284c9
5736,System.Drawing.Color,get_MistyRose,000011816d
5737,System.Windows.Forms.ToolTip,set_AutomaticDelay,20010108
5738,System.Drawing.Color,get_LightGoldenrodYellow,000011816d
5739,System.Windows.Forms.ToolTip,set_BackColor,20010111816d
5740,System.Windows.Forms.ToolTip,set_ForeColor,20010111816d
5741,System.Windows.Forms.ToolTip,set_UseAnimation,20010102
5742,System.Windows.Forms.ToolTip,set_UseFading,20010102
5743,System.Windows.Forms.ToolTip,SetToolTip,20020112808d0e
5744,System.Windows.Forms.ContainerControl,set_AutoValidate,2001011189cd
5745,System.Windows.Forms.Control,set_Tag,2001011c
5746,System.Windows.Forms.Form,add_Deactivate,200101128371
5747,System.Windows.Forms.ToolStripComboBox,get_SelectedIndex,200008
5748,System.Windows.Forms.ToolStripComboBox,get_SelectedItem,20001c
5749,System.Windows.Forms.ToolStripDropDown,Close,200001
5750,System.Windows.Forms.ToolStripItem,set_AutoSize,20010102
5751,System.Windows.Forms.ToolStripComboBox,set_DropDownWidth,20010108
5752,System.Windows.Forms.ToolStripItem,set_Font,200101128175
5753,System.Drawing.SystemColors,get_ControlText,000011816d
5754,System.Windows.Forms.ToolStripComboBox,add_DropDownClosed,200101128371
5755,System.Windows.Forms.ToolStripDropDownItem,get_DropDownItems,2000128969
5756,System.Windows.Forms.ContainerControl,set_AutoScaleDimensions,20010111845d
5757,System.Windows.Forms.ComboBox,set_Sorted,20010102
5758,System.Windows.Forms.Control,get_MousePosition,0000118189
5759,System.Windows.Forms.DataGridViewColumnCollection,Contains,2001020e
5760,System.Windows.Forms.Form,ShowDialog,20011186d51289c1
5761,System.Xml.XmlDocument,LoadXml,2001010e
5762,System.Xml.XmlNode,SelectNodes,20011283c10e
5763,System.Xml.XmlNodeList,GetEnumerator,2000128275
5764,System.Xml.XmlNode,get_Attributes,20001289d1
5765,System.Xml.XmlAttributeCollection,get_ItemOf,20011289d50e
5766,System.Xml.XmlNode,get_Value,20000e
5767,System.DateTime,ToString,20000e
5768,System.Int64,ToString,20010e0e
5769,System.DateTime,ToLongTimeString,20000e
5770,System.Xml.XmlNode,get_ChildNodes,20001283c1
5771,System.Timers.Timer,get_Enabled,200002
5772,System.Timers.Timer,Stop,200001
5773,System.Decimal,op_UnaryNegation,00011180ed1180ed
5774,System.Windows.Forms.DataGridViewCell,get_EditedFormattedValue,20001c
5775,System.Windows.Forms.ListControl,get_SelectedIndex,200008
5776,System.String,Format,00030e0e1c1c
5777,System.Windows.Forms.DataGridView,set_AutoSizeRowsMode,2001011189d9
5778,System.Windows.Forms.ComboBox,set_DropDownStyle,2001011189dd
5779,System.TimeSpan,FromSeconds,000111820d0d
5780,System.Windows.Forms.ToolStrip,set_Renderer,2001011289e1
5781,System.Windows.Forms.ToolStripItem,get_Tag,20001c
5782,System.Windows.Forms.ToolStripItem,set_Tag,2001011c
5783,ObjectCollection,Insert,200201081c
5784,System.Windows.Forms.ComboBox,set_SelectedItem,2001011c
5785,ObjectCollection,Clear,200001
5786,System.Windows.Forms.ListBox,set_ItemHeight,20010108
5787,System.Windows.Forms.ListControl,add_SelectedValueChanged,200101128371
5788,System.Windows.Forms.Cursors,get_WaitCursor,0000128185
5789,System.Windows.Forms.Cursor,set_Current,000101128185
5790,System.Windows.Forms.DateTimePicker,set_Value,2001011180a9
5791,TabPageCollection,ContainsKey,2001020e
5792,System.Windows.Forms.TabControl,SelectTab,2001010e
5793,System.Windows.Forms.DateTimePicker,get_Value,20001180a9
5794,System.Windows.Forms.DataGridViewCell,get_ColumnIndex,200008
5795,System.Windows.Forms.Form,get_Location,2000118189
5796,System.Drawing.Font,get_Height,200008
5797,System.Windows.Forms.ToolStripMenuItem,get_ShortcutKeyDisplayString,20000e
5798,System.Windows.Forms.ToolStripItem,get_Name,20000e
5799,System.Windows.Forms.Control,PointToScreen,2001118189118189
5800,System.Windows.Forms.Control,get_Location,2000118189
5801,System.Windows.Forms.DataVisualization.Charting.Chart,get_Series,20001289e5
5802,System.Windows.Forms.DataVisualization.Charting.Series,get_Points,20001289e9
5803,System.Drawing.Pen,set_DashStyle,200101118171
5804,System.Drawing.Graphics,DrawString,2006010e1281751285310c0c128265
5805,System.Drawing.Graphics,FillRectangle,20020112853111846d
5806,System.Drawing.PointF,set_Y,2001010c
5807,System.Drawing.Pen,get_Color,200011816d
5808,System.Drawing.Graphics,FillPolygon,2002011285311d118179
5809,System.Drawing.Graphics,FillRectangle,2005011285310c0c0c0c
5810,System.Math,Round,00010d0d
5811,System.Windows.Forms.KeyEventArgs,set_SuppressKeyPress,20010102
5812,System.Windows.Forms.Control,Select,200001
5813,System.Windows.Forms.DataGridViewRow,SetValues,2001021d1c
5814,System.Windows.Forms.DataVisualization.Charting.DataPointCollection,AddY,2001081d1c
5815,System.Windows.Forms.DataVisualization.Charting.DataPointCustomProperties,set_Color,20010111816d
5816,System.Windows.Forms.DataGridView,get_CurrentRow,2000128449
5817,System.Math,Min,00020d0d0d
5818,System.Windows.Forms.DataGridView,set_AutoSizeColumnsMode,2001011189ed
5819,System.Windows.Forms.ToolStripItem,set_Enabled,20010102
5820,ObjectCollection,get_Item,20011c08
5821,System.Linq.Enumerable,Sum,00010d15128105010d
5822,System.Windows.Forms.TextBox,set_UseSystemPasswordChar,20010102
5823,System.Drawing.Color,get_IndianRed,000011816d
5824,System.Windows.Forms.ToolStrip,set_ImageScalingSize,2001011182d5
5825,System.Windows.Forms.DataGridViewCellStyle,set_Format,2001010e
5826,System.Windows.Forms.DataGridViewCellStyle,set_NullValue,2001011c
5827,System.Windows.Forms.DataGridView,set_RowHeadersWidth,20010108
5828,System.Windows.Forms.DataGridView,set_SelectionMode,2001011189f1
5829,System.Windows.Forms.DataGridView,set_ShowCellErrors,20010102
5830,System.Windows.Forms.DataGridView,set_ShowCellToolTips,20010102
5831,System.Windows.Forms.DataGridView,set_ShowRowErrors,20010102
5832,System.Windows.Forms.DateTimePicker,set_Format,2001011189f5
5833,System.Windows.Forms.DateTimePicker,add_CloseUp,200101128371
5834,System.Drawing.Color,get_Pink,000011816d
5835,System.Windows.Forms.DataGridViewBand,set_Resizable,2001011189a5
5836,System.Drawing.Color,get_LavenderBlush,000011816d
5837,System.Windows.Forms.ComboBox,set_DropDownHeight,20010108
5838,System.Windows.Forms.ComboBox,set_IntegralHeight,20010102
5839,System.Windows.Forms.ComboBox,set_ItemHeight,20010108
5840,System.Windows.Forms.ComboBox,add_DropDownClosed,200101128371
5841,System.Windows.Forms.DataGridView,set_ShowEditingIcon,20010102
5842,System.Windows.Forms.DataGridView,add_CellEndEdit,20010112852d
5843,System.Windows.Forms.DateTimePicker,set_CalendarFont,200101128175
5844,System.Windows.Forms.CheckBox,add_CheckedChanged,200101128371
5845,System.Windows.Forms.TabControl,set_Padding,200101118189
5846,System.Windows.Forms.DataGridView,add_CellClick,20010112852d
5847,System.Drawing.Color,get_SeaGreen,000011816d
5848,System.Drawing.Color,get_OldLace,000011816d
5849,System.Windows.Forms.DataVisualization.Charting.Chart,set_BorderlineColor,20010111816d
5850,System.Windows.Forms.DataVisualization.Charting.Chart,set_BorderlineDashStyle,2001011189f9
5851,System.Windows.Forms.DataVisualization.Charting.Chart,set_BorderlineWidth,20010108
5852,System.Windows.Forms.DataVisualization.Charting.ChartArea,get_AxisX,2000128841
5853,System.Windows.Forms.DataVisualization.Charting.Axis,set_IsLabelAutoFit,20010102
5854,System.Windows.Forms.DataVisualization.Charting.Axis,get_LabelStyle,20001289fd
5855,System.Windows.Forms.DataVisualization.Charting.LabelStyle,set_Font,200101128175
5856,System.Windows.Forms.DataVisualization.Charting.LabelStyle,set_ForeColor,20010111816d
5857,System.Windows.Forms.DataVisualization.Charting.Axis,get_MajorGrid,2000128a01
5858,System.Drawing.Color,get_LightSalmon,000011816d
5859,System.Windows.Forms.DataVisualization.Charting.Grid,set_LineColor,20010111816d
5860,System.Windows.Forms.DataVisualization.Charting.Axis,get_MajorTickMark,2000128a05
5861,System.Windows.Forms.DataVisualization.Charting.TickMark,set_Size,2001010c
5862,System.Windows.Forms.DataVisualization.Charting.Axis,set_TitleFont,200101128175
5863,System.Windows.Forms.DataVisualization.Charting.Axis,set_TitleForeColor,20010111816d
5864,System.Windows.Forms.DataVisualization.Charting.ChartArea,get_AxisY,2000128841
5865,System.Windows.Forms.DataVisualization.Charting.Grid,set_LineDashStyle,2001011189f9
5866,System.Windows.Forms.DataVisualization.Charting.ChartArea,get_AxisY2,2000128841
5867,System.Windows.Forms.DataVisualization.Charting.ChartArea,set_BackColor,20010111816d
5868,System.Windows.Forms.DataVisualization.Charting.ChartArea,set_BackGradientStyle,200101118a09
5869,System.Windows.Forms.DataVisualization.Charting.ChartArea,set_BackHatchStyle,200101118a0d
5870,System.Windows.Forms.DataVisualization.Charting.ChartArea,set_BackSecondaryColor,20010111816d
5871,System.Windows.Forms.DataVisualization.Charting.ChartArea,set_BorderColor,20010111816d
5872,System.Windows.Forms.DataVisualization.Charting.ChartNamedElement,set_Name,2001010e
5873,System.Windows.Forms.DataVisualization.Charting.Chart,get_ChartAreas,2000128a11
5874,System.Windows.Forms.DataVisualization.Charting.DataPointCustomProperties,set_BackSecondaryColor,20010111816d
5875,System.Windows.Forms.DataVisualization.Charting.DataPointCustomProperties,set_BorderColor,20010111816d
5876,System.Windows.Forms.DataVisualization.Charting.Series,set_ChartArea,2001010e
5877,System.Windows.Forms.DataVisualization.Charting.Series,set_ChartType,200101118a15
5878,System.Windows.Forms.DataVisualization.Charting.DataPointCustomProperties,set_CustomProperties,2001010e
5879,System.Windows.Forms.DataVisualization.Charting.DataPointCustomProperties,set_Font,200101128175
5880,System.Windows.Forms.DataVisualization.Charting.DataPointCustomProperties,set_LabelBackColor,20010111816d
5881,System.Windows.Forms.DataVisualization.Charting.DataPointCustomProperties,set_LabelBorderColor,20010111816d
5882,System.Windows.Forms.DataVisualization.Charting.DataPointCustomProperties,set_MarkerStyle,200101118a19
5883,System.Windows.Forms.DataVisualization.Charting.Series,set_ShadowColor,20010111816d
5884,System.Windows.Forms.DataVisualization.Charting.Series,get_SmartLabelStyle,2000128a1d
5885,System.Windows.Forms.DataVisualization.Charting.SmartLabelStyle,set_AllowOutsidePlotArea,200101118a21
5886,System.Windows.Forms.DataVisualization.Charting.Series,set_YValuesPerPoint,20010108
5887,System.Windows.Forms.DataVisualization.Charting.Chart,set_Size,2001011182d5
5888,System.Windows.Forms.Control,set_MaximumSize,2001011182d5
5889,System.Windows.Forms.Control,add_MouseLeave,200101128371
5890,System.Drawing.Color,get_Olive,000011816d
5891,System.Windows.Forms.Screen,get_Bounds,200011818d
5892,System.Windows.Forms.DataGridView,DisplayedRowCount,20010802
5893,System.Windows.Forms.DataGridView,set_FirstDisplayedScrollingRowIndex,20010108
5894,System.Drawing.Rectangle,op_Inequality,00020211818d11818d
5895,System.Drawing.Rectangle,Contains,2002020808
5896,System.Windows.Forms.DragEventArgs,get_X,200008
5897,System.Windows.Forms.DragEventArgs,get_Y,200008
5898,HitTestInfo,get_RowIndex,200008
5899,HitTestInfo,get_ColumnIndex,200008
5900,System.Windows.Forms.DragEventArgs,get_Effect,200011856d
5901,System.Diagnostics.Stopwatch,Restart,200001
5902,System.Windows.Forms.TextBoxBase,DeselectAll,200001
5903,System.Windows.Forms.DataGridView,get_FirstDisplayedScrollingRowIndex,200008
5904,System.Drawing.Color,get_YellowGreen,000011816d
5905,System.Windows.Forms.DataGridViewRowCollection,Clear,200001
5906,System.Windows.Forms.Cursors,get_IBeam,0000128185
5907,System.Windows.Forms.DataGridView,set_CellBorderStyle,200101118a25
5908,System.Windows.Forms.DataGridView,add_CellMouseUp,200101128511
5909,System.Windows.Forms.Control,add_DragOver,20010112854d
5910,System.Windows.Forms.Control,set_Anchor,200101118a29
5911,System.Timers.Timer,add_Elapsed,200101128579
5912,System.Windows.Forms.TextBoxBase,set_BorderStyle,200101118971
5913,System.Windows.Forms.TextBoxBase,set_Multiline,20010102
5914,System.Windows.Forms.TextBox,set_ScrollBars,2001011189b5
5915,System.Net.WebClient,add_DownloadFileCompleted,200101128585
5916,System.Net.WebClient,add_DownloadProgressChanged,200101128589
5917,System.Drawing.Image,FromFile,00021285e50e02
5918,System.Windows.Forms.ToolStripItem,set_Image,2001011285e5
5919,nsoftware.IPWorks.Http,set_AuthScheme,200101118a2d
5920,nsoftware.IPWorks.HttpTransferEventArgs,get_PercentDone,200008
5921,System.Net.WebClient,get_IsBusy,200002
5922,System.Net.WebRequest,get_DefaultWebProxy,0000128949
5923,System.Net.WebClient,set_Proxy,200101128949
5924,System.Net.WebClient,get_Proxy,2000128949
5925,System.Net.IWebProxy,set_Credentials,200101128945
5926,System.Net.WebClient,DownloadFileAsync,2002011281fd0e
5927,nsoftware.IPWorks.Http,get_Idle,200002
5928,nsoftware.IPWorks.Http,set_LocalFile,2001010e
5929,nsoftware.IPWorks.Http,Get,2001010e
5930,System.ComponentModel.ProgressChangedEventArgs,get_ProgressPercentage,200008
5931,System.ComponentModel.AsyncCompletedEventArgs,get_Error,20001280ad
5932,nsoftware.IPWorks.Http,set_About,2001010e
5933,nsoftware.IPWorks.Http,set_FollowRedirects,200101118a31
5934,nsoftware.IPWorks.Http,set_TransferredDataLimit,2001010a
5935,System.Windows.Forms.ComboBox,add_SelectedIndexChanged,200101128371
5936,System.Drawing.Color,get_PaleGreen,000011816d
5937,System.IO.TextWriter,WriteLine,2001010e
5938,System.Runtime.InteropServices.GCHandle,Alloc,00021185a51c118a35
5939,System.Runtime.InteropServices.GCHandle,AddrOfPinnedObject,200018
5940,System.Runtime.InteropServices.Marshal,Copy,000401181d050808
5941,System.Runtime.InteropServices.GCHandle,Free,200001
5942,System.Windows.Forms.WebBrowser,set_ScriptErrorsSuppressed,20010102
5943,System.Windows.Forms.WebBrowser,set_DocumentText,2001010e
5944,System.Drawing.Color,get_MidnightBlue,000011816d
5945,TabPageCollection,get_Item,20011284d50e
5946,ObjectCollection,get_Count,200008
5947,System.Drawing.Color,get_Snow,000011816d
5948,System.Windows.Forms.DrawItemEventArgs,get_State,2000118a39
5949,System.Windows.Forms.DrawItemEventArgs,get_Font,2000128175
5950,System.Drawing.Color,get_BlanchedAlmond,000011816d
5951,System.Drawing.Rectangle,Offset,2002010808
5952,System.Windows.Forms.Control,get_ForeColor,200011816d
5953,System.Windows.Forms.TextRenderer,DrawText,000501128a3d0e12817511818d11816d
5954,System.Runtime.CompilerServices.AsyncTaskMethodBuilder,Create,00001185b5
5955,System.Runtime.CompilerServices.AsyncTaskMethodBuilder,get_Task,20001280bd
5956,System.Drawing.Color,get_LightGreen,000011816d
5957,System.Drawing.Color,get_Moccasin,000011816d
5958,System.Windows.Forms.DataGridViewColumn,set_ToolTipText,2001010e
5959,System.Windows.Forms.Form,get_Size,20001182d5
5960,System.Windows.Forms.Control,SendToBack,200001
5961,System.Windows.Forms.Form,set_MaximizedBounds,20010111818d
5962,System.Windows.Forms.Form,get_TopMost,200002
5963,System.Windows.Forms.Form,get_ActiveMdiChild,2000127d
5964,System.Object,Equals,2001021c
5965,System.Drawing.Color,get_Maroon,000011816d
5966,System.Drawing.Color,get_Brown,000011816d
5967,System.Windows.Forms.Control,remove_MouseWheel,2001011284c9
5968,System.Drawing.Graphics,DrawRectangle,2005011282f508080808
5969,System.Drawing.Color,get_MediumOrchid,000011816d
5970,System.Windows.Forms.Control,add_DoubleClick,200101128371
5971,System.Windows.Forms.ButtonBase,set_TextAlign,200101118985
5972,System.Windows.Forms.Control,set_CausesValidation,20010102
5973,System.Windows.Forms.TextBoxBase,set_HideSelection,20010102
5974,System.Math,Round,00021180ed1180ed08
5975,ObjectCollection,Add,2001081c
5976,System.Convert,ToInt32,0001081180ed
5977,System.Windows.Forms.ContainerControl,Dispose,20010102
5978,System.Windows.Forms.UserControl,add_Load,200101128371
5979,System.Windows.Forms.NumericUpDown,add_ValueChanged,200101128371
5980,System.Drawing.Color,get_LightYellow,000011816d
5981,System.Windows.Forms.ToolStripDropDown,Show,20030112808d0808
5982,System.Windows.Forms.DataGridView,BeginEdit,20010202
5983,System.Windows.Forms.DataGridView,get_SelectedRows,2000128a41
5984,System.Windows.Forms.DataGridViewSelectedRowCollection,get_Item,200112844908
5985,System.Drawing.Color,get_SeaShell,000011816d
5986,System.Drawing.Color,get_Cornsilk,000011816d
5987,System.Drawing.Color,get_LightCyan,000011816d
5988,System.Windows.Forms.ListBox,add_SelectedIndexChanged,200101128371
5989,System.Windows.Forms.Control,add_Enter,200101128371
5990,System.Windows.Forms.Control,set_ContextMenuStrip,200101128465
5991,System.Resources.ResourceManager,GetObject,20011c0e
5992,System.Windows.Forms.Form,set_Icon,2001011285c5
5993,System.Math,Floor,00010d0d
5994,System.Enum,GetNames,00011d0e1281c9
5995,System.Enum,GetValues,00011282591281c9
5996,System.Array,GetValue,20011c08
5997,System.Windows.Forms.ListBox,FindString,2001080e
5998,System.Windows.Forms.DataGridViewRowCollection,Add,200008
5999,ObjectCollection,Remove,2001011c
6000,System.Drawing.Color,get_Indigo,000011816d
6001,System.Windows.Forms.ColorDialog,set_Color,20010111816d
6002,System.Windows.Forms.ColorDialog,set_AnyColor,20010102
6003,System.Windows.Forms.ColorDialog,set_AllowFullOpen,20010102
6004,System.Windows.Forms.ColorDialog,set_FullOpen,20010102
6005,System.Windows.Forms.ColorDialog,get_Color,200011816d
6006,System.Drawing.Point,set_X,20010108
6007,System.Windows.Forms.Control,Focus,200002
6008,System.Drawing.Pens,get_Black,00001282f5
6009,System.Drawing.Pens,get_DarkGray,00001282f5
6010,System.Type,Equals,2001021281c9
6011,System.Drawing.Pens,get_Gainsboro,00001282f5
6012,System.Drawing.Color,get_OrangeRed,000011816d
6013,System.Drawing.Graphics,FillPie,20040112853111818d0c0c
6014,System.Drawing.Graphics,DrawPie,2004011282f511818d0c0c
6015,System.Diagnostics.Process,GetProcesses,00001d1282ed
6016,System.Diagnostics.Process,get_ProcessName,20000e
6017,System.Diagnostics.ProcessStartInfo,set_WindowStyle,200101118a45
6018,System.Reflection.Assembly,LoadFrom,00011285d50e
6019,System.Reflection.Assembly,GetType,20011281c90e
6020,System.Windows.Forms.WebBrowser,Navigate,2001010e
6021,System.Windows.Forms.WebBrowser,set_IsWebBrowserContextMenuEnabled,20010102
6022,System.Windows.Forms.WebBrowser,set_WebBrowserShortcutsEnabled,20010102
6023,System.Windows.Forms.Cursors,get_Default,0000128185
6024,System.Drawing.Brushes,get_DarkGreen,0000128531
6025,System.Drawing.Pens,get_LimeGreen,00001282f5
6026,ObjectCollection,Contains,2001021c
6027,System.CodeDom.Compiler.CompilerResults,get_Errors,2000128a49
6028,System.CodeDom.Compiler.CompilerErrorCollection,get_HasErrors,200002
6029,System.Collections.CollectionBase,GetEnumerator,2000128275
6030,System.IO.File,AppendAllText,0003010e0e12813d
6031,System.Diagnostics.Process,Start,00021282ed0e0e
6032,System.CodeDom.Compiler.CompilerResults,get_CompiledAssembly,20001285d5
6033,System.Reflection.Assembly,GetTypes,20001d1281c9
6034,System.Timers.Timer,set_Interval,2001010d
6035,System.Windows.Forms.ProgressBar,set_Minimum,20010108
6036,System.Windows.Forms.ProgressBar,set_Maximum,20010108
6037,System.Windows.Forms.ProgressBar,set_Value,20010108
6038,System.Decimal,op_Increment,00011180ed1180ed
6039,System.Linq.Enumerable,Max,00011180ed15128105011180ed
6040,System.Linq.Enumerable,Min,00011180ed15128105011180ed
6041,System.Windows.Forms.Control,get_BackColor,200011816d
6042,ObjectCollection,Remove,2001011c
6043,System.Windows.Forms.Label,set_ImageAlign,200101118985
6044,System.Windows.Forms.ProgressBar,set_Style,200101118a4d
6045,System.Drawing.Color,get_SlateGray,000011816d
6046,System.Windows.Forms.PictureBox,set_Image,2001011285e5
6047,System.Windows.Forms.PictureBox,set_SizeMode,200101118a51
6048,System.Windows.Forms.PictureBox,set_TabIndex,20010108
6049,System.Windows.Forms.PictureBox,set_TabStop,20010102
6050,System.Windows.Forms.FileDialog,set_InitialDirectory,2001010e
6051,System.Windows.Forms.FileDialog,get_FileName,20000e
6052,CheckedItemCollection,get_Item,20011c08
6053,CheckedItemCollection,get_Count,200008
6054,CheckedItemCollection,GetEnumerator,2000128275
6055,System.Drawing.Brushes,get_SpringGreen,0000128531
6056,System.Drawing.Brushes,get_Magenta,0000128531
6057,System.Drawing.Brushes,get_Gold,0000128531
6058,System.Windows.Forms.CheckedListBox,SetItemCheckState,200201081189bd
6059,System.Windows.Forms.ListBox,set_BorderStyle,200101118971
6060,System.Windows.Forms.ListBox,set_ColumnWidth,20010108
6061,System.Windows.Forms.Control,set_ImeMode,200101118a55
6062,System.Windows.Forms.CheckedListBox,set_ThreeDCheckBoxes,20010102
6063,System.Windows.Forms.CheckedListBox,set_UseCompatibleTextRendering,20010102
6064,System.Windows.Forms.DataGridView,add_CellEnter,20010112852d
6065,System.Drawing.SystemColors,get_ControlLight,000011816d
6066,SelectedObjectCollection,get_Count,200008
6067,SelectedObjectCollection,get_Item,20011c08
6068,System.Windows.Forms.ListBox,set_HorizontalScrollbar,20010102
6069,System.Threading.CancellationToken,get_None,0000118239
6070,System.Net.WebSockets.WebSocket,CloseAsync,20031280bd118a590e118239
6071,System.Windows.Forms.ToolStripItem,get_Text,20000e
6072,Binance.Net.Objects.BinanceOrderBookEntry,get_Price,20001180ed
6073,Binance.Net.Objects.BinanceOrderBookEntry,get_Quantity,20001180ed
6074,Binance.Net.BinanceClient,get_Spot,2000128a5d
6075,Binance.Net.Interfaces.SubClients.Spot.IBinanceClientSpot,get_Market,2000128a61
6076,Binance.Net.Interfaces.SubClients.IBinanceClientMarket,GetOrderBook,200315128231011286010e151181d10108118239
6077,Binance.Net.Interfaces.SubClients.IBinanceClientMarket,GetSymbolTrades,2003151282310115128105011286050e151181d10108118239
6078,CryptoExchange.Net.Objects.CallResult,get_Success,200002
6079,Binance.Net.Interfaces.IBinanceRecentTrade,get_TradeTime,20001180a9
6080,System.DateTime,ToLocalTime,20001180a9
6081,Binance.Net.Interfaces.IBinanceRecentTrade,get_OrderId,20000a
6082,Binance.Net.Interfaces.IBinanceRecentTrade,get_Price,20001180ed
6083,Binance.Net.Interfaces.IBinanceRecentTrade,get_BaseQuantity,20001180ed
6084,Binance.Net.Interfaces.IBinanceRecentTrade,get_BuyerIsMaker,200002
6085,Binance.Net.Objects.Spot.MarketData.BinanceOrderBook,get_Bids,200015128105011285cd
6086,Binance.Net.Objects.Spot.MarketData.BinanceOrderBook,get_Asks,200015128105011285cd
6087,Binance.Net.BinanceSocketClient,get_Spot,2000128a65
6088,Binance.Net.Interfaces.SocketSubClient.IBinanceSocketClientSpot,SubscribeToPartialOrderBookUpdates,2004151280f5011280f90e08151181d10108151280b901128609
6089,Binance.Net.Interfaces.SocketSubClient.IBinanceSocketClientSpot,SubscribeToTradeUpdates,2002151280f5011280f90e151280b90112860d
6090,Binance.Net.Objects.Spot.MarketStream.BinanceStreamTrade,get_TradeTime,20001180a9
6091,Binance.Net.Objects.Spot.MarketStream.BinanceStreamTrade,get_Symbol,20000e
6092,Binance.Net.Objects.Spot.MarketStream.BinanceStreamTrade,get_OrderId,20000a
6093,Binance.Net.Objects.Spot.MarketStream.BinanceStreamTrade,get_Price,20001180ed
6094,Binance.Net.Objects.Spot.MarketStream.BinanceStreamTrade,get_Quantity,20001180ed
6095,Binance.Net.Objects.Spot.MarketStream.BinanceStreamTrade,get_BuyerIsMaker,200002
6096,Binance.Net.Objects.Spot.MarketStream.BinanceStreamTrade,get_BuyerOrderId,20000a
6097,Binance.Net.Objects.Spot.MarketStream.BinanceStreamTrade,get_SellerOrderId,20000a
6098,System.Windows.Forms.ToolStripMenuItem,get_Checked,200002
6099,System.Windows.Forms.ToolStripDropDownItem,ShowDropDown,200001
6100,System.Windows.Forms.ToolStripDropDownItem,get_DropDown,2000128a69
6101,System.Windows.Forms.Layout.ArrangedElementCollection,get_Count,200008
6102,System.Windows.Forms.ToolStripItemCollection,Clear,200001
6103,System.Windows.Forms.ToolStripMenuItem,set_CheckState,2001011189bd
6104,System.Windows.Forms.ToolStripMenuItem,set_CheckOnClick,20010102
6105,System.Windows.Forms.ToolStripItemCollection,Add,200108128471
6106,System.Windows.Forms.ToolStripComboBox,add_SelectedIndexChanged,200101128371
6107,System.Windows.Forms.ToolStripItem,set_DoubleClickEnabled,20010102
6108,System.Windows.Forms.Form,set_DialogResult,2001011186d5
6109,System.Windows.Forms.ButtonBase,set_AutoEllipsis,20010102
6110,System.Windows.Forms.KeyPressEventArgs,set_Handled,20010102
6111,System.Windows.Forms.DataGridViewCell,set_Selected,20010102
6112,Binance.Net.BinanceHelpers,ClampQuantity,00041180ed1180ed1180ed1180ed1180ed
6113,System.Windows.Forms.Control,add_KeyUp,2001011284cd
6114,System.Convert,ToDouble,00010d0e
6115,System.Windows.Forms.ComboBox,set_DropDownWidth,20010108
6116,System.Windows.Forms.ToolStripItemClickedEventArgs,get_ClickedItem,2000128471
6117,System.Windows.Forms.ToolStrip,add_ItemClicked,200101128621
6118,System.Windows.Forms.Control,get_Size,20001182d5
6119,System.Convert,ToDecimal,00011180ed0e
6120,System.Windows.Forms.DataGridViewCell,set_ReadOnly,20010102
6121,System.Drawing.Color,get_SpringGreen,000011816d
6122,System.Windows.Forms.Control,set_Parent,20010112808d
6123,System.Windows.Forms.DataGridView,set_ColumnCount,20010108
6124,System.Drawing.StringFormat,set_Trimming,200101118a6d
6125,System.Windows.Forms.HandledMouseEventArgs,set_Handled,20010102
6126,System.Windows.Forms.DataGridView,get_ColumnHeadersHeight,200008
6127,System.Windows.Forms.DataGridViewRowCollection,Add,2001081d1c
6128,System.Convert,ToChar,0001030e
6129,System.Drawing.SystemColors,get_ActiveCaptionText,000011816d
6130,System.Windows.Forms.Control,add_MouseHover,200101128371
6131,System.Drawing.Color,get_Beige,000011816d
6132,System.Drawing.SystemColors,get_ButtonFace,000011816d
6133,System.Drawing.Color,get_LightSteelBlue,000011816d
6134,System.Drawing.Color,get_Goldenrod,000011816d
6135,System.Windows.Forms.DataGridView,add_CellBeginEdit,20010112862d
6136,System.Xml.XmlDocument,get_NameTable,2000128635
6137,System.Xml.XmlNamespaceManager,AddNamespace,2002010e0e
6138,System.Xml.XmlNode,SelectSingleNode,20021282990e128631
6139,System.Net.HttpWebRequest,set_Accept,2001010e
6140,System.Net.WebRequest,GetRequestStream,20001280f1
6141,System.Xml.XmlDocument,Save,2001011280f1
6142,System.Net.WebRequest,set_ContentLength,2001010a
6143,System.Windows.Forms.Form,add_Shown,200101128371
6144,System.DateTime,get_Millisecond,200008
6145,System.Web.Script.Serialization.JavaScriptSerializer,Serialize,20010e1c
6146,System.IO.TextWriter,Write,2001010e
6147,System.Net.ServicePointManager,set_SecurityProtocol,000101118a71
6148,System.Net.HttpWebRequest,set_KeepAlive,20010102
6149,System.Net.HttpWebRequest,get_ServicePoint,20001283a1
6150,System.Net.ServicePoint,set_Expect100Continue,20010102
6151,System.Threading.CancellationToken,get_IsCancellationRequested,200002
6152,Binance.Net.Interfaces.SubClients.IBinanceClientMarket,GetKlines,2006151282310115128105011282350e11822d151181d1011180a9151181d1011180a9151181d10108118239
6153,Binance.Net.Interfaces.IBinanceKline,get_Open,20001180ed
6154,Binance.Net.Interfaces.IBinanceKline,get_High,20001180ed
6155,Binance.Net.Interfaces.IBinanceKline,get_Low,20001180ed
6156,Binance.Net.Interfaces.IBinanceKline,get_Close,20001180ed
6157,Binance.Net.Interfaces.IBinanceKline,get_TakerBuyQuoteVolume,20001180ed
6158,Binance.Net.Interfaces.IBinanceKline,get_QuoteVolume,20001180ed
6159,Binance.Net.Interfaces.IBinanceKline,get_OpenTime,20001180a9
6160,System.Threading.CancellationTokenSource,Cancel,200001
6161,nsoftware.IPWorks.HttpRedirectEventArgs,set_Accept,20010102
6162,nsoftware.IPWorks.HttpRedirectEventArgs,get_Location,20000e
6163,nsoftware.IPWorks.HttpErrorEventArgs,get_ErrorCode,200008
6164,nsoftware.IPWorks.HttpErrorEventArgs,get_Description,20000e
6165,System.Drawing.Color,op_Equality,00020211816d11816d
6166,System.Windows.Forms.DateTimePicker,set_CustomFormat,2001010e
6167,System.Windows.Forms.PictureBox,set_ErrorImage,2001011285e5
6168,System.Windows.Forms.PictureBox,set_InitialImage,2001011285e5
6169,System.Windows.Forms.Control,set_BackgroundImageLayout,200101118a75
6170,System.Windows.Forms.DataVisualization.Charting.DataPointCustomProperties,set_IsValueShownAsLabel,20010102
6171,System.TimeSpan,ToString,20010e0e
6172,System.Windows.Forms.DataVisualization.Charting.DataPointCollection,AddXY,2002081c1d1c
6173,System.Windows.Forms.DataVisualization.Charting.DataPointCustomProperties,set_LegendText,2001010e
6174,System.Windows.Forms.LinkLabel,set_LinkVisited,20010102
6175,System.Windows.Forms.DataVisualization.Charting.ToolTipEventArgs,get_HitTestResult,2000128735
6176,System.Windows.Forms.DataVisualization.Charting.HitTestResult,get_ChartElementType,2000118665
6177,System.Windows.Forms.DataVisualization.Charting.HitTestResult,get_Series,200012855d
6178,System.Windows.Forms.DataVisualization.Charting.HitTestResult,get_PointIndex,200008
6179,System.Windows.Forms.DataVisualization.Charting.DataPoint,get_YValues,20001d0d
6180,System.Windows.Forms.DataVisualization.Charting.ToolTipEventArgs,set_Text,2001010e
6181,System.Windows.Forms.DataVisualization.Charting.DataPointCustomProperties,get_LegendText,20000e
6182,System.Windows.Forms.LinkLabel,set_TabStop,20010102
6183,System.Windows.Forms.LinkLabel,add_LinkClicked,200101128671
6184,System.Windows.Forms.TableLayoutPanel,set_ColumnCount,20010108
6185,System.Windows.Forms.TableLayoutPanel,get_ColumnStyles,2000128a79
6186,System.Windows.Forms.TableLayoutColumnStyleCollection,Add,200108128675
6187,System.Windows.Forms.TableLayoutPanel,get_Controls,2000128a7d
6188,System.Windows.Forms.TableLayoutControlCollection,Add,20030112808d0808
6189,System.Windows.Forms.TableLayoutPanel,set_RowCount,20010108
6190,System.Windows.Forms.TableLayoutPanel,get_RowStyles,2000128a81
6191,System.Windows.Forms.TableLayoutRowStyleCollection,Add,20010812867d
6192,System.Windows.Forms.DataVisualization.Charting.ChartArea,get_Area3DStyle,2000128a85
6193,System.Windows.Forms.DataVisualization.Charting.ChartArea3DStyle,set_Enable3D,20010102
6194,System.Windows.Forms.DataVisualization.Charting.ChartArea3DStyle,set_Inclination,20010108
6195,System.Windows.Forms.DataVisualization.Charting.ChartArea3DStyle,set_IsRightAngleAxes,20010102
6196,System.Windows.Forms.DataVisualization.Charting.Legend,set_Alignment,200101118961
6197,System.Windows.Forms.DataVisualization.Charting.Legend,set_BackColor,20010111816d
6198,System.Windows.Forms.DataVisualization.Charting.Legend,set_Docking,200101118a89
6199,System.Windows.Forms.DataVisualization.Charting.Legend,set_Font,200101128175
6200,System.Windows.Forms.DataVisualization.Charting.Legend,set_IsTextAutoFit,20010102
6201,System.Windows.Forms.DataVisualization.Charting.Chart,get_Legends,2000128a8d
6202,System.Windows.Forms.DataVisualization.Charting.Series,set_Legend,2001010e
6203,System.Windows.Forms.DataVisualization.Charting.Title,set_Font,200101128175
6204,System.Windows.Forms.DataVisualization.Charting.Title,set_ForeColor,20010111816d
6205,System.Windows.Forms.DataVisualization.Charting.Title,set_Text,2001010e
6206,System.Windows.Forms.DataVisualization.Charting.Chart,get_Titles,2000128a91
6207,System.Windows.Forms.DataVisualization.Charting.Chart,add_GetToolTipText,2001011512868101128661
6208,System.Windows.Forms.DataVisualization.Charting.LabelStyle,set_Format,2001010e
6209,System.Windows.Forms.DataVisualization.Charting.Axis,set_LineColor,20010111816d
6210,System.Windows.Forms.DataVisualization.Charting.DataPointCustomProperties,set_BorderWidth,20010108
6211,System.Drawing.Color,get_SteelBlue,000011816d
6212,System.Windows.Forms.DataVisualization.Charting.DataPointCustomProperties,set_LabelForeColor,20010111816d
6213,System.Windows.Forms.ToolTip,set_IsBalloon,20010102
6214,System.Windows.Forms.ToolStripComboBox,get_ComboBox,20001282c1
6215,System.Windows.Forms.ComboBox,set_DroppedDown,20010102
6216,System.Convert,ToInt32,0001080d
6217,System.Windows.Forms.ComboBox,set_MaxDropDownItems,20010108
6218,System.Windows.Forms.ToolStripComboBox,set_DropDownStyle,2001011189dd
6219,System.Windows.Forms.ToolStripComboBox,set_FlatStyle,2001011189b9
6220,System.Windows.Forms.TextRenderer,MeasureText,00021182d50e128175
6221,System.Drawing.Pens,get_White,00001282f5
6222,System.Drawing.Color,get_LightSlateGray,000011816d
6223,Microsoft.CSharp.RuntimeBinder.Binder,GetMember,000412828d1189210e1281c91512810501128291
6224,System.Drawing.Color,get_Linen,000011816d
6225,System.Windows.Forms.FlatButtonAppearance,set_CheckedBackColor,20010111816d
6226,System.Windows.Forms.Form,set_Opacity,2001010d
6227,System.Windows.Forms.ScrollableControl,set_AutoScroll,20010102
6228,System.Windows.Forms.ScrollableControl,get_HorizontalScroll,2000128a95
6229,System.Windows.Forms.ScrollProperties,set_Enabled,20010102
6230,System.Windows.Forms.ScrollProperties,set_Visible,20010102
6231,System.Windows.Forms.TableLayoutPanel,set_CellBorderStyle,200101118a99
6232,System.Windows.Forms.TableLayoutPanel,SetColumnSpan,20020112808d08
6233,System.Windows.Forms.TableLayoutColumnStyleCollection,get_Item,200112867508
6234,System.Windows.Forms.ColumnStyle,set_Width,2001010c
6235,System.Windows.Forms.TableLayoutPanel,get_ColumnCount,200008
6236,System.Windows.Forms.Control,ResumeLayout,200001
6237,System.Windows.Forms.Panel,set_AutoSizeMode,200101118a9d
6238,System.Windows.Forms.DataGridViewRowCollection,Add,20010808
6239,ListViewItemCollection,Clear,200001
6240,System.Windows.Forms.CheckBox,get_CheckState,20001189bd
6241,ListViewItemCollection,get_Count,200008
6242,ListViewItemCollection,get_Item,200112869108
6243,System.Windows.Forms.ListViewItem,set_Selected,20010102
6244,System.Windows.Forms.ListViewItem,set_Text,2001010e
6245,ListViewItemCollection,Add,2001128691128691
6246,System.Windows.Forms.DataVisualization.Charting.Series,set_IsXValueIndexed,20010102
6247,System.Windows.Forms.DataVisualization.Charting.DataPointCollection,AddXY,2002080d0d
6248,SelectedIndexCollection,get_Count,200008
6249,SelectedListViewItemCollection,get_Item,200112869108
6250,ListViewSubItem,get_Text,20000e
6251,System.DateTime,ToShortDateString,20000e
6252,System.Windows.Forms.DataVisualization.Charting.Chart,set_BackSecondaryColor,20010111816d
6253,System.Windows.Forms.DataVisualization.Charting.Chart,get_BorderSkin,2000128aa1
6254,System.Windows.Forms.DataVisualization.Charting.BorderSkin,set_BackColor,20010111816d
6255,System.Windows.Forms.DataVisualization.Charting.ChartArea,get_Position,2000128aa5
6256,System.Windows.Forms.DataVisualization.Charting.ElementPosition,set_Auto,20010102
6257,System.Windows.Forms.DataVisualization.Charting.ElementPosition,set_Height,2001010c
6258,System.Windows.Forms.DataVisualization.Charting.ElementPosition,set_Width,2001010c
6259,System.Windows.Forms.DataVisualization.Charting.ElementPosition,set_Y,2001010c
6260,System.Windows.Forms.DataVisualization.Charting.Legend,set_IsDockedInsideChartArea,20010102
6261,System.Windows.Forms.DataVisualization.Charting.DataPointCustomProperties,set_ToolTip,2001010e
6262,ColumnHeaderCollection,AddRange,2001011d128689
6263,System.Windows.Forms.ListView,set_FullRowSelect,20010102
6264,System.Windows.Forms.ListView,set_GridLines,20010102
6265,System.Windows.Forms.ListView,set_HideSelection,20010102
6266,System.Windows.Forms.ListView,set_LabelEdit,20010102
6267,System.Windows.Forms.ListView,set_MultiSelect,20010102
6268,System.Windows.Forms.ListView,set_UseCompatibleStateImageBehavior,20010102
6269,System.Windows.Forms.ListView,set_View,200101118aa9
6270,System.Windows.Forms.ListView,add_SelectedIndexChanged,200101128371
6271,System.Windows.Forms.ColumnHeader,set_Text,2001010e
6272,System.Windows.Forms.ColumnHeader,set_Width,20010108
6273,System.Windows.Forms.DataGridView,set_AllowUserToOrderColumns,20010102
6274,System.Drawing.Color,get_AliceBlue,000011816d
6275,System.Windows.Forms.DataGridView,GetColumnDisplayRectangle,200211818d0802
6276,System.Drawing.Color,get_Bisque,000011816d
6277,System.Drawing.Color,get_FloralWhite,000011816d
6278,System.Linq.Enumerable,Sum,00011180ed15128105011180ed
6279,System.Drawing.Color,get_DeepSkyBlue,000011816d
6280,System.Windows.Forms.DataGridView,add_CurrentCellChanged,200101128371
6281,System.Windows.Forms.DataGridView,add_CellMouseMove,200101128511
6282,System.Windows.Forms.DataGridView,add_Scroll,2001011286b5
6283,System.Windows.Forms.TrackBar,set_Value,20010108
6284,System.Windows.Forms.ConvertEventArgs,set_Value,2001011c
6285,System.Drawing.Color,get_ForestGreen,000011816d
6286,System.Windows.Forms.CheckBox,set_CheckAlign,200101118985
6287,System.Windows.Forms.TrackBar,get_Value,200008
6288,System.Windows.Forms.DataGridViewColumn,set_AutoSizeMode,200101118aad
6289,System.Xml.XmlNodeList,get_Count,200008
6290,System.Xml.XmlNodeList,get_ItemOf,200112829908
6291,CryptoExchange.Net.Objects.ClientOptions,set_ApiCredentials,2001011286c1
6292,Binance.Net.Interfaces.SubClients.Spot.IBinanceClientSpot,get_UserStream,2000128ab1
6293,Binance.Net.Interfaces.SubClients.IBinanceClientUserStream,StartUserStream,200115128231010e118239
6294,CryptoExchange.Net.Objects.CallResult,get_Error,2000128ab5
6295,Binance.Net.Interfaces.SocketSubClient.IBinanceSocketClientSpot,SubscribeToUserDataUpdates,2005151280f5011280f90e151280b9011286c5151280b9011286c9151280b9011286cd151280b9011286d1
6296,TabPageCollection,Clear,200001
6297,TabPageCollection,Add,2001011284d5
6298,System.Windows.Forms.Control,get_ClientSize,20001182d5
6299,System.Windows.Forms.MouseEventArgs,get_Clicks,200008
6300,System.Drawing.Color,get_GreenYellow,000011816d
6301,ObjectCollection,GetEnumerator,2000128275
6302,System.Drawing.Color,get_DarkCyan,000011816d
6303,System.Threading.Tasks.Task,Delay,00011280bd08
6304,System.Windows.Forms.TrackBar,set_LargeChange,20010108
6305,System.Windows.Forms.TrackBar,set_Maximum,20010108
6306,System.Windows.Forms.TrackBar,add_Scroll,200101128371
6307,System.Windows.Forms.TrackBar,add_ValueChanged,200101128371
6308,System.Windows.Forms.GroupBox,set_FlatStyle,2001011189b9
6309,System.Drawing.Graphics,DrawLines,2002011282f51d118179
6310,System.String,IndexOf,2003080e081188f5
6311,System.Drawing.StringFormat,SetMeasurableCharacterRanges,2001011d1186dd
6312,System.Drawing.Graphics,MeasureCharacterRanges,20041d1286e10e12817511846d128265
6313,System.Drawing.Region,GetBounds,200111846d1282d9
6314,System.Drawing.RectangleF,get_Y,20000c
6315,System.Drawing.RectangleF,get_Height,20000c
6316,System.Drawing.RectangleF,set_Height,2001010c
6317,nsoftware.IPWorks.Http,set_ContentType,2001010e
6318,nsoftware.IPWorks.Http,Interrupt,200001
6319,nsoftware.IPWorks.Http,set_InvokeThrough,20010112808d
6320,System.Drawing.Color,get_DarkSeaGreen,000011816d
6321,System.Threading.Tasks.TaskScheduler,FromCurrentSynchronizationContext,0000128ab9
6322,System.Threading.Tasks.Task,ContinueWith,20021280bd151280b9011280bd128ab9
6323,System.Windows.Forms.DataVisualization.Charting.DataPointCollection,AddY,2001080d
6324,System.Windows.Forms.DataVisualization.Charting.DataPointCustomProperties,set_AxisLabel,2001010e
6325,System.Windows.Forms.DataVisualization.Charting.Legend,set_LegendStyle,200101118abd
6326,System.Windows.Forms.DataVisualization.Charting.Legend,set_TitleFont,200101128175
6327,System.Windows.Forms.DataVisualization.Charting.Legend,set_Title,2001010e
6328,System.Windows.Forms.DataVisualization.Charting.Axis,set_IntervalOffset,2001010d
6329,System.Windows.Forms.DataVisualization.Charting.Axis,set_IntervalType,200101118ac1
6330,System.Windows.Forms.DataVisualization.Charting.Axis,set_Interval,2001010d
6331,System.Windows.Forms.DataVisualization.Charting.LabelStyle,set_Angle,20010108
6332,System.Windows.Forms.DataVisualization.Charting.Axis,set_Minimum,2001010d
6333,System.Windows.Forms.DataVisualization.Charting.Axis,set_Maximum,2001010d
6334,System.Windows.Forms.DataVisualization.Charting.ChartArea,RecalculateAxesScale,200001
6335,System.Windows.Forms.DataVisualization.Charting.DataPointCustomProperties,set_IsVisibleInLegend,20010102
6336,System.Windows.Forms.DataVisualization.Charting.SmartLabelStyle,set_Enabled,20010102
6337,System.Drawing.Graphics,FromImage,00011282d91285e5
6338,System.Drawing.Graphics,set_InterpolationMode,200101118ac5
6339,System.Windows.Forms.Label,set_AutoEllipsis,20010102
6340,System.Drawing.Color,get_GhostWhite,000011816d
6341,System.Windows.Forms.DateTimePicker,add_ValueChanged,200101128371
6342,System.Windows.Forms.DataGridViewColumn,set_FillWeight,2001010c
6343,System.Windows.Forms.DataGridView,add_SelectionChanged,200101128371
6344,System.Drawing.Color,get_PaleTurquoise,000011816d
6345,System.Drawing.Color,get_NavajoWhite,000011816d
6346,System.Windows.Forms.DataVisualization.Charting.DataPointCustomProperties,set_BackGradientStyle,200101118a09
6347,nsoftware.IPWorks.Http,get_Proxy,2000128ac9
6348,nsoftware.IPWorks.Proxy,set_AuthScheme,200101118acd
6349,System.Windows.Forms.DataGridViewImageColumn,set_ImageLayout,200101118ad1
6350,System.Windows.Forms.Control,get_Parent,200012808d
6351,System.Drawing.Color,get_LemonChiffon,000011816d
6352,System.Windows.Forms.SplitContainer,get_Panel1,2000128ad5
6353,System.Windows.Forms.SplitContainer,get_Panel2,2000128ad5
6354,System.Windows.Forms.SplitContainer,set_Dock,200101118975
6355,System.Windows.Forms.SplitContainer,set_SplitterDistance,20010108
6356,System.Windows.Forms.Form,set_Margin,2001011184e1
6357,System.Drawing.Color,get_Chocolate,000011816d
6358,System.Drawing.Color,get_SandyBrown,000011816d
6359,System.Drawing.Brushes,get_Silver,0000128531
6360,System.Drawing.Brushes,get_Lime,0000128531
6361,System.Drawing.Brushes,get_Red,0000128531
6362,System.Drawing.Brushes,get_Gray,0000128531
6363,System.Drawing.Brushes,get_Blue,0000128531
6364,Newtonsoft.Json.JsonConvert,SerializeObject,00020e1c118ad9
6365,Newtonsoft.Json.JsonConvert,SerializeObject,00010e1c
6366,Microsoft.Win32.RegistryKey,CreateSubKey,20021286ed0e118add
6367,Microsoft.Win32.RegistryKey,SetValue,2003010e1c118ae1
6368,System.Diagnostics.ProcessModule,get_FileName,20000e
6369,System.String,Compare,0003080e0e02
6370,Microsoft.Win32.RegistryKey,OpenSubKey,20031286ed0e118add118ae5
6371,Microsoft.Win32.RegistryKey,GetValue,20011c0e
6372,System.Windows.Forms.BindingSource,set_DataSource,2001011c
6373,System.Windows.Forms.ComboBox,set_DataSource,2001011c
6374,System.Windows.Forms.ListControl,set_DisplayMember,2001010e
6375,System.Windows.Forms.ListControl,set_ValueMember,2001010e
6376,System.Windows.Forms.DataGridView,set_AutoGenerateColumns,20010102
6377,System.Windows.Forms.DataGridView,set_DataSource,2001011c
6378,System.Windows.Forms.DataGridViewColumn,set_DataPropertyName,2001010e
6379,System.Windows.Forms.ListControl,set_SelectedValue,2001011c
6380,System.Linq.Expressions.Expression,Parameter,00021287051281c90e
6381,System.Reflection.MethodBase,GetMethodFromHandle,00011287851188d9
6382,System.Linq.Expressions.Expression,Property,0002128ae912871112870d
6383,System.Linq.Expressions.Expression,Constant,0002128aed1c1281c9
6384,System.Linq.Expressions.Expression,NotEqual,0002128af1128711128711
6385,System.Reflection.FieldInfo,GetFieldFromHandle,000112827911885d
6386,System.Linq.Expressions.Expression,Field,0002128ae9128711128279
6387,System.Linq.Expressions.Expression,Call,0003128af512871112870d1d128711
6388,System.Linq.Expressions.Expression,OrElse,0002128af1128711128711
6389,System.Linq.Expressions.Expression,AndAlso,0002128af1128711128711
6390,System.Linq.Expressions.Expression,Equal,0002128af1128711128711
6391,System.Linq.Expressions.Expression,New,0001128af91281c9
6392,System.Linq.Expressions.Expression,Bind,0002128afd12870d128711
6393,System.Linq.Expressions.Expression,MemberInit,0002128b01128af91d128721
6394,System.Windows.Forms.DataGridViewBand,set_Selected,20010102
6395,System.Windows.Forms.TextBoxBase,add_Click,200101128371
6396,System.Drawing.SystemColors,get_ScrollBar,000011816d
6397,System.Windows.Forms.DateTimePicker,set_CalendarMonthBackground,20010111816d
6398,System.Windows.Forms.DateTimePicker,set_CalendarTitleBackColor,20010111816d
6399,System.Windows.Forms.NotifyIcon,set_BalloonTipIcon,200101118b05
6400,System.Windows.Forms.NotifyIcon,set_BalloonTipText,2001010e
6401,System.Windows.Forms.NotifyIcon,set_BalloonTipTitle,2001010e
6402,System.Windows.Forms.NotifyIcon,set_Icon,2001011285c5
6403,System.Windows.Forms.NotifyIcon,set_Visible,20010102
6404,System.Windows.Forms.DataGridView,get_RowHeadersDefaultCellStyle,2000128501
6405,System.Windows.Forms.DataGridViewBand,get_Visible,200002
6406,System.Windows.Forms.DataGridView,GetCellDisplayRectangle,200311818d080802
6407,System.Windows.Forms.TabControl,SelectTab,2001011284d5
6408,System.Windows.Forms.DataVisualization.Charting.Chart,HitTest,2003128735080802
6409,System.Windows.Forms.DataVisualization.Charting.Axis,PixelPositionToValue,20010d0d
6410,System.Windows.Forms.DataVisualization.Charting.DataPoint,get_XValue,20000d
6411,System.Resources.ResourceManager,GetString,20010e0e
6412,System.Windows.Forms.TabControl,set_Multiline,20010102
6413,System.Drawing.SystemColors,get_GrayText,000011816d
6414,System.Windows.Forms.DataVisualization.Charting.ChartArea,get_CursorX,2000128b09
6415,System.Windows.Forms.DataVisualization.Charting.Cursor,set_LineColor,20010111816d
6416,System.Windows.Forms.DataVisualization.Charting.ChartArea,get_CursorY,2000128b09
6417,System.Drawing.Color,get_PapayaWhip,000011816d
6418,System.String,IndexOfAny,2001081d03
6419,System.Windows.Forms.LinkLabel,set_LinkColor,20010111816d
6420,System.Windows.Forms.Form,set_AcceptButton,200101128b0d
6421,System.Drawing.Drawing2D.GraphicsPath,AddEllipse,20010111818d
6422,System.Windows.Forms.Control,set_Region,2001011286e1
6423,System.Drawing.Drawing2D.GraphicsPath,Dispose,200001
6424,System.Globalization.CultureInfo,get_CurrentCulture,00001281c5
6425,System.Globalization.CultureInfo,get_NumberFormat,2000128b11
6426,System.Globalization.NumberFormatInfo,get_NumberDecimalSeparator,20000e
6427,System.Decimal,Parse,00011180ed0e
6428,System.Drawing.Color,get_LightBlue,000011816d
6429,System.Windows.Forms.DataGridView,add_CellValueChanged,20010112852d
6430,System.Windows.Forms.Control,set_RightToLeft,200101118b15
6431,System.Windows.Forms.TextBoxBase,set_WordWrap,20010102
6432,System.ComponentModel.CancelEventArgs,set_Cancel,20010102
6433,nsoftware.IPWorks.IpdaemonDataInEventArgs,get_Text,20000e
6434,nsoftware.IPWorks.IpdaemonDataInEventArgs,get_ConnectionId,20000e
6435,nsoftware.IPWorks.ConnectionMap,get_Item,20011282251c
6436,nsoftware.IPWorks.Connection,get_RemoteHost,20000e
6437,nsoftware.IPWorks.Connection,set_DataToSendB,2001011d05
6438,nsoftware.IPWorks.Connection,set_Connected,20010102
6439,nsoftware.IPWorks.IpdaemonDataInEventArgs,get_TextB,20001d05
6440,System.Net.WebUtility,UrlDecode,00010e0e
6441,System.Windows.Forms.Application,Exit,000001
6442,System.Threading.ThreadPool,QueueUserWorkItem,000102128745
6443,pltmd5,encr,20011c1c
6444,System.Net.WebResponse,Close,200001
6445,System.Net.Dns,GetHostName,00000e
6446,System.Net.Dns,GetHostEntry,000112842d0e
6447,System.Net.IPHostEntry,get_AddressList,20001d1283bd
6448,System.Text.RegularExpressions.Regex,Matches,2001128b190e
6449,System.Text.RegularExpressions.MatchCollection,get_Item,2001128b1d08
6450,nsoftware.IPWorks.Ipdaemon,set_About,2001010e
6451,System.Windows.Forms.Form,add_FormClosing,200101128751
6452,System.Windows.Forms.TextBox,set_PasswordChar,20010103
6453,System.Windows.Forms.DataVisualization.Charting.DataPointCollection,Add,20011285651d0d
6454,System.Windows.Forms.DataVisualization.Charting.DataPointCustomProperties,set_Label,2001010e
6455,System.Windows.Forms.DataVisualization.Charting.Chart,set_SuppressExceptions,20010102
6456,System.Windows.Forms.DataGridView,add_CellContentClick,20010112852d
6457,System.ComponentModel.TypeConverter,ConvertToString,20010e1c
6458,System.Windows.Forms.DataGridViewRow,get_Height,200008
6459,System.ComponentModel.TypeConverter,ConvertFromString,20011c0e
6460,System.Drawing.Image,FromFile,00011285e50e
6461,System.ComponentModel.ComponentResourceManager,ApplyResources,2002011c0e
6462,System.Windows.Forms.DataGridViewColumn,set_CellTemplate,2001011282b9
6463,ObjectCollection,IndexOf,2001081c
6464,System.Windows.Forms.DataGridView,ClearSelection,200001
6465,System.Single,Parse,00010c0e
6466,System.Windows.Forms.DataGridViewComboBoxColumn,set_DataSource,2001011c
6467,System.Windows.Forms.DataGridViewComboBoxColumn,set_FlatStyle,2001011189b9
6468,System.Drawing.Brushes,get_Yellow,0000128531
6469,System.Windows.Forms.Application,get_StartupPath,00000e
6470,System.Windows.Forms.CheckedListBox,add_ItemCheck,200101128765
6471,System.Windows.Forms.DateTimePicker,set_ShowCheckBox,20010102
6472,System.Windows.Forms.DateTimePicker,set_ShowUpDown,20010102
6473,System.Windows.Forms.MonthCalendar,SetDate,2001011180a9
6474,System.Windows.Forms.MonthCalendar,get_SelectionStart,20001180a9
6475,System.Windows.Forms.MonthCalendar,set_MaxSelectionCount,20010108
6476,System.Windows.Forms.MonthCalendar,add_DateSelected,200101128771
6477,System.Windows.Forms.WebBrowser,set_Url,2001011281fd
6478,System.Math,Max,00020a0a0a
6479,System.Windows.Forms.Form,set_Size,2001011182d5
6480,System.Drawing.Color,op_Inequality,00020211816d11816d
6481,System.Drawing.Font,GetHeight,20000c
6482,System.Windows.Forms.DataGridView,add_CellLeave,20010112852d
6483,ObjectCollection,Insert,200201081c
6484,System.Windows.Forms.UserControl,set_BorderStyle,200101118971
6485,CheckedItemCollection,CopyTo,20020112825908
6486,System.String,IndexOf,2002080e08
6487,System.Data.DataTable,Compute,20021c0e0e
6488,System.Type,GetMembers,20011d128779118899
6489,System.Windows.Forms.TextBoxBase,get_SelectedText,20000e
6490,System.Windows.Forms.Clipboard,SetData,0002010e1c
6491,System.Windows.Forms.TextBoxBase,get_SelectionStart,200008
6492,System.Windows.Forms.Clipboard,GetData,00011c0e
6493,System.Windows.Forms.TextBoxBase,get_Lines,20001d0e
6494,System.Windows.Forms.TextBoxBase,Undo,200001
6495,System.Windows.Forms.TextBoxBase,GetFirstCharIndexOfCurrentLine,200008
6496,System.Windows.Forms.TextBoxBase,GetLineFromCharIndex,20010808
6497,System.Windows.Forms.KeyEventArgs,get_Modifiers,200011848d
6498,System.Windows.Forms.TextBoxBase,get_SelectionLength,200008
6499,System.Windows.Forms.TextBoxBase,GetFirstCharIndexFromLine,20010808
6500,System.IO.File,Copy,0002010e0e
6501,System.Media.SystemSounds,get_Exclamation,0000128911
6502,System.TimeSpan,get_TotalMinutes,20000d
6503,Microsoft.CSharp.RuntimeBinder.Binder,UnaryOperation,000412828d118921118b211281c91512810501128291
6504,Microsoft.CSharp.RuntimeBinder.Binder,BinaryOperation,000412828d118921118b211281c91512810501128291
6505,System.Drawing.Color,get_MediumSeaGreen,000011816d
6506,System.Drawing.Color,get_DarkTurquoise,000011816d
6507,System.TimeSpan,Parse,000111820d0e
6508,System.Linq.Enumerable,Sum,000108151281050108
6509,System.Windows.Forms.Screen,get_PrimaryScreen,0000128521
6510,System.Drawing.Graphics,CopyFromScreen,200601080808081182d5118b25
6511,System.Drawing.Imaging.ImageFormat,get_Png,0000128939
6512,System.String,Join,00020e0e1d1c
6513,System.Media.SoundPlayer,set_SoundLocation,2001010e
6514,System.Media.SoundPlayer,Play,200001
6515,System.Net.Http.HttpClient,PostAsync,20021512810d011281250e1282e1
6516,System.IO.File,Move,0002010e0e
6517,System.Threading.Thread,set_IsBackground,20010102
6518,System.Linq.Enumerable,Max,000108151281050108
6519,System.Type,GetMethod,200112870d0e
6520,System.Net.Mail.MailMessage,set_From,2001011284a9
6521,System.Net.Mail.MailMessage,set_Subject,2001010e
6522,System.Net.Mail.MailMessage,set_Body,2001010e
6523,System.Net.Mail.MailMessage,set_IsBodyHtml,20010102
6524,System.Net.Mail.MailMessage,get_To,2000128b29
6525,System.Net.Mail.MailAddressCollection,Add,2001010e
6526,System.Net.Mail.MailMessage,get_CC,2000128b29
6527,System.Net.Mail.MailMessage,get_Bcc,2000128b29
6528,System.Net.Mail.MailMessage,get_Attachments,2000128b2d
6529,System.Net.Mail.SmtpClient,set_Credentials,200101128b31
6530,System.Net.Mail.SmtpClient,set_EnableSsl,20010102
6531,System.Net.Mail.SmtpClient,Send,2001011284a1
6532,System.IO.File,WriteAllLines,0003010e1d0e12813d
6533,System.Windows.Forms.ListBox,add_MouseClick,2001011284c9
6534,System.Drawing.Brushes,get_LawnGreen,0000128531
6535,System.Windows.Forms.ControlPaint,DrawBorder3D,0003011282d911818d118b35
6536,System.Windows.Forms.WebBrowser,get_DocumentText,20000e
6537,System.Windows.Forms.WebBrowser,add_DocumentCompleted,200101128791
6538,System.Windows.Forms.Control,get_MinimumSize,20001182d5
6539,System.Windows.Forms.DataGridViewRowCollection,Insert,2002010808
6540,System.Windows.Forms.ToolStripDropDownItem,add_DropDownClosed,200101128371
6541,System.Net.WebClient,remove_DownloadFileCompleted,200101128585
6542,System.Net.WebClient,remove_DownloadProgressChanged,200101128589
6543,System.ComponentModel.BackgroundWorker,CancelAsync,200001
6544,System.Net.WebClient,DownloadFileAsync,2003011281fd0e1c
6545,System.ComponentModel.AsyncCompletedEventArgs,get_UserState,20001c
6546,System.Drawing.Color,get_Tan,000011816d
6547,ObjectCollection,GetEnumerator,2000128275
6548,System.Convert,ToSingle,00010c0e
6549,ControlCollection,Find,20021d12808d0e02
6550,System.String,Compare,0003080e0e1188f5
6551,System.String,IndexOf,2002080e1188f5
6552,System.Drawing.Brushes,get_MediumBlue,0000128531
6553,System.Windows.Forms.Control,add_MouseClick,2001011284c9
6554,System.Drawing.SizeF,get_Height,20000c
6555,System.Windows.Forms.Control,add_LocationChanged,200101128371
6556,System.Xml.XmlDocument,Load,2001010e
6557,System.Xml.XmlDocument,get_DocumentElement,2000128b39
6558,System.Xml.XmlNode,get_Name,20000e
6559,System.Xml.XmlNode,get_InnerXml,20000e
6560,TabPageCollection,get_Count,200008
6561,TabPageCollection,RemoveAt,20010108
6562,System.Linq.Enumerable,Average,00010d15128105010d
6563,System.String,Remove,20010e08
6564,System.Windows.Forms.ToolStripMenuItem,set_ShortcutKeys,20010111848d
6565,System.Object,GetHashCode,200008
6566,System.Windows.Forms.TextBoxBase,Clear,200001
6567,System.Windows.Forms.CheckedListBox,SetItemChecked,2002010802
6568,System.String,Insert,20020e080e
6569,System.Drawing.Printing.PrintDocument,Print,200001
6570,System.Drawing.Printing.PrintPageEventArgs,get_Graphics,20001282d9
6571,System.Windows.Forms.Clipboard,GetImage,00001285e5
6572,System.Drawing.Printing.PrintDocument,add_PrintPage,2001011287a9
6573,System.Windows.Forms.PrintDialog,set_UseEXDialog,20010102
6574,System.Windows.Forms.PrintPreviewDialog,set_AutoScrollMargin,2001011182d5
6575,System.Windows.Forms.PrintPreviewDialog,set_AutoScrollMinSize,2001011182d5
6576,System.Windows.Forms.PrintPreviewDialog,set_Enabled,20010102
6577,System.Windows.Forms.PrintPreviewDialog,set_Icon,2001011285c5
6578,System.Windows.Forms.PrintPreviewDialog,set_Visible,20010102
6579,System.Array,Reverse,0003011282590808
6580,System.Windows.Forms.TabControlEventArgs,get_TabPageIndex,200008
6581,System.Windows.Forms.DataGridViewRowCollection,Insert,200201081d1c
6582,System.Windows.Forms.Control,set_AccessibleRole,200101118b3d
6583,System.Windows.Forms.ComboBox,set_FlatStyle,2001011189b9
6584,System.Windows.Forms.TabControl,add_Selected,2001011287b1
6585,System.Threading.Thread,Join,20010208
6586,System.Windows.Forms.MaskedTextBox,set_CutCopyMaskFormat,200101118b41
6587,System.Windows.Forms.MaskedTextBox,set_InsertKeyMode,200101118b45
6588,System.Windows.Forms.MaskedTextBox,set_TextMaskFormat,200101118b41
6589,System.Windows.Forms.DateTimePicker,set_CalendarForeColor,20010111816d
6590,System.Windows.Forms.DateTimePicker,set_CalendarTitleForeColor,20010111816d
6591,System.Windows.Forms.Timer,get_Interval,200008
6592,System.Windows.Forms.TabControl,get_ItemSize,20001182d5
6593,nsoftware.IPWorks.HttpEndTransferEventArgs,get_Direction,200008
6594,System.Windows.Forms.Control,get_Bounds,200011818d
6595,System.Char,IsNumber,00010203
6596,System.Windows.Forms.ComboBox,add_DropDown,200101128371
6597,System.Windows.Forms.TabPage,set_ToolTipText,2001010e
6598,System.Windows.Forms.DataVisualization.Charting.DataPointCustomProperties,set_BackImageWrapMode,200101118b49
6599,System.Windows.Forms.DataGridView,set_RowHeadersBorderStyle,2001011189a1
6600,System.ComponentModel.BackgroundWorker,get_CancellationPending,200002
6601,System.ComponentModel.BackgroundWorker,ReportProgress,20010108
6602,System.ComponentModel.AsyncCompletedEventArgs,get_Cancelled,200002
6603,System.ComponentModel.BackgroundWorker,get_IsBusy,200002
6604,System.ComponentModel.BackgroundWorker,RunWorkerAsync,200001
6605,System.ComponentModel.BackgroundWorker,set_WorkerReportsProgress,20010102
6606,System.ComponentModel.BackgroundWorker,set_WorkerSupportsCancellation,20010102
6607,System.ComponentModel.BackgroundWorker,add_DoWork,2001011287c5
6608,System.ComponentModel.BackgroundWorker,add_ProgressChanged,2001011287c9
6609,System.ComponentModel.BackgroundWorker,add_RunWorkerCompleted,2001011287cd
6610,System.Drawing.Point,set_Y,20010108
6611,System.Windows.Forms.Cursor,set_Position,000101118189
6612,System.Windows.Forms.Control,RectangleToScreen,200111818d11818d
6613,System.Windows.Forms.KeyEventArgs,get_Alt,200002
6614,System.Linq.Expressions.Expression,Convert,0002128b4d1287111281c9
6615,System.Int16,ToString,20000e
6616,System.Drawing.Graphics,DrawImage,2005011285e508080808
6617,System.Drawing.Graphics,FillPolygon,2002011285311d118189
6618,System.Windows.Forms.Cursors,get_VSplit,0000128185
6619,System.Windows.Forms.Clipboard,SetText,0001010e
6620,System.Threading.ThreadPool,SetMaxThreads,0002020808
6621,System.Windows.Forms.Screen,get_AllScreens,00001d128521
6622,nsoftware.IPWorks.Ipport,Config,20010e0e
6623,nsoftware.IPWorks.Ipport,set_EOL,2001010e
6624,System.Timers.Timer,set_Enabled,20010102
6625,System.Windows.Forms.Application,DoEvents,000001
6626,System.Windows.Forms.ComboBox,set_SelectionStart,20010108
6627,System.Windows.Forms.ComboBox,set_SelectionLength,20010108
6628,System.Windows.Forms.Cursors,get_SizeAll,0000128185
6629,System.Windows.Forms.ToolStripItemCollection,CopyTo,2002011d12847108
6630,System.Drawing.Brushes,get_DarkBlue,0000128531
6631,System.Drawing.Graphics,DrawImageUnscaled,2003011285e50808
6632,System.Drawing.Brushes,get_DarkGray,0000128531
6633,System.Drawing.Brushes,get_DarkSlateGray,0000128531
6634,System.Drawing.Pens,get_Gray,00001282f5
6635,System.Environment,get_OSVersion,00001287dd
6636,System.OperatingSystem,get_VersionString,20000e
6637,System.IO.FileSystemInfo,get_CreationTime,20001180a9
6638,Microsoft.CSharp.RuntimeBinder.Binder,SetMember,000412828d1189210e1281c91512810501128291
6639,System.GC,Collect,000001
6640,System.Net.WebClient,get_BaseAddress,20000e
6641,System.Net.WebException,get_Response,2000128319
6642,System.Net.HttpWebResponse,get_StatusCode,20001181f5
6643,System.Net.WebClient,set_BaseAddress,2001010e
6644,System.Drawing.Pens,get_DimGray,00001282f5
6645,System.Threading.Interlocked,Increment,0001081008
6646,System.Math,Floor,00011180ed1180ed
6647,System.Media.SystemSounds,get_Beep,0000128911
6648,System.String,Format,00040e0e1c1c1c
6649,System.TimeSpan,get_Seconds,200008
6650,nsoftware.IPWorks.IpportDataInEventArgs,get_Text,20000e
6651,nsoftware.IPWorks.IpportDisconnectedEventArgs,get_Description,20000e
6652,nsoftware.IPWorks.IpdaemonConnectedEventArgs,get_ConnectionId,20000e
6653,nsoftware.IPWorks.IpportConnectedEventArgs,get_StatusCode,200008
6654,nsoftware.IPWorks.IpportConnectedEventArgs,get_Description,20000e
6655,nsoftware.IPWorks.IpportDataInEventArgs,get_TextB,20001d05
6656,System.Array,Copy,00030112825912825908
6657,nsoftware.IPWorks.IpportDisconnectedEventArgs,get_StatusCode,200008
6658,nsoftware.IPWorks.IpportErrorEventArgs,get_ErrorCode,200008
6659,nsoftware.IPWorks.IpportErrorEventArgs,get_Description,20000e
6660,nsoftware.IPWorks.Ipport,set_About,2001010e
6661,nsoftware.IPWorks.Ipport,set_Linger,20010102
6662,nsoftware.IPWorks.Ipinfo,set_About,2001010e
6663,nsoftware.IPWorks.Ipdaemon,set_KeepAlive,20010102
6664,nsoftware.IPWorks.Ipdaemon,set_Linger,20010102
6665,nsoftware.IPWorks.Ipport,set_KeepAlive,20010102
6666,System.Windows.Forms.Form,set_IsMdiContainer,20010102
6667,System.Drawing.PointF,get_X,20000c
6668,System.Drawing.PointF,get_Y,20000c
6669,System.Windows.Forms.ContainerControl,get_ParentForm,2000127d
6670,System.Drawing.PointF,set_X,2001010c
6671,System.Convert,ToInt32,0001080c
6672,System.Drawing.Rectangle,Round,000111818d11846d
6673,System.Drawing.RectangleF,get_Width,20000c
6674,System.Drawing.RectangleF,set_Width,2001010c
6675,System.Drawing.RectangleF,get_X,20000c
6676,System.Drawing.Color,get_Aquamarine,000011816d
6677,System.Windows.Forms.Control,get_FontHeight,200008
6678,System.Drawing.Graphics,DrawLine,2003011282f5118189118189
6679,System.Windows.Forms.ToolStripDropDown,get_Visible,200002
6680,System.Drawing.Point,op_Inequality,000202118189118189
6681,System.Drawing.RectangleF,Contains,200102118179
6682,System.Enum,HasFlag,2001021265
6683,System.Windows.Forms.Cursors,get_Cross,0000128185
6684,System.Drawing.Graphics,DrawLine,2003011282f5118179118179
6685,System.Drawing.Graphics,DrawRectangle,2005011282f50c0c0c0c
6686,System.Drawing.Graphics,DrawArc,2004011282f511818d0c0c
6687,System.Windows.Forms.Cursors,get_HSplit,0000128185
6688,System.Windows.Forms.Cursors,get_UpArrow,0000128185
6689,System.Windows.Forms.FileDialog,set_Title,2001010e
6690,System.Drawing.Color,get_Wheat,000011816d
6691,System.Windows.Forms.ToolStrip,set_ShowItemToolTips,20010102
6692,System.Windows.Forms.ToolStripComboBox,get_Sorted,200002
6693,System.Windows.Forms.ToolStripDropDown,add_Closed,200101128815
6694,System.Windows.Forms.ToolStripItem,set_DisplayStyle,200101118b51
6695,System.Reflection.Assembly,GetExecutingAssembly,00001285d5
6696,System.Diagnostics.FileVersionInfo,GetVersionInfo,00011288190e
6697,System.Diagnostics.FileVersionInfo,get_FileVersion,20000e
6698,System.Windows.Forms.Application,EnableVisualStyles,000001
6699,System.Windows.Forms.Application,SetCompatibleTextRenderingDefault,00010102
6700,System.Diagnostics.Process,GetProcessesByName,00011d1282ed0e
6701,System.Windows.Forms.Application,add_ThreadException,00010112881d
6702,System.AppDomain,get_CurrentDomain,0000128b55
6703,System.AppDomain,add_UnhandledException,200101128821
6704,System.Windows.Forms.Application,Run,000101127d
6705,System.Threading.ThreadExceptionEventArgs,get_Exception,20001280ad
6706,System.UnhandledExceptionEventArgs,get_ExceptionObject,20001c
6707,System.Windows.Forms.TextBoxBase,Select,2002010808
6708,System.Windows.Forms.DataVisualization.Charting.ChartArea,set_AlignmentStyle,200101118b59
6709,System.Windows.Forms.DataVisualization.Charting.Chart,SaveImage,2002011280f1118b5d
6710,System.Windows.Forms.DataVisualization.Charting.Axis,set_Title,2001010e
6711,System.Windows.Forms.DataVisualization.Charting.ChartArea,get_Axes,20001d128841
6712,System.Single,Parse,00020c0e1288dd
6713,System.Windows.Forms.DataVisualization.Charting.ChartArea3DStyle,set_PointGapDepth,20010108
6714,System.Windows.Forms.DataVisualization.Charting.ChartArea3DStyle,set_Rotation,20010108
6715,System.Windows.Forms.DataVisualization.Charting.ChartArea3DStyle,set_WallWidth,20010108
6716,System.Windows.Forms.DataVisualization.Charting.Grid,set_Enabled,20010102
6717,System.Windows.Forms.DataVisualization.Charting.Axis,get_MinorGrid,2000128a01
6718,System.Windows.Forms.DataVisualization.Charting.Axis,get_MinorTickMark,2000128a05
6719,System.Windows.Forms.DataVisualization.Charting.DataPointCustomProperties,set_LabelToolTip,2001010e
6720,System.Windows.Forms.DataVisualization.Charting.SmartLabelStyle,set_CalloutStyle,200101118b61
6721,System.Windows.Forms.Control,set_AccessibleName,2001010e
6722,System.Windows.Forms.DataGridViewColumnCollection,Insert,200201081284e5
6723,System.Windows.Forms.Timer,get_Enabled,200002
6724,System.Resources.ResourceManager,GetObject,20021c0e1281c5
6725,System.Configuration.SettingsBase,Synchronized,0001128b65128b65
6726,ControlCollection,get_Item,200112808d08
6727,System.String,IsNullOrWhiteSpace,0001020e
6728,System.Drawing.SystemColors,get_WindowFrame,000011816d
6729,System.Windows.Forms.ButtonBase,set_ImageAlign,200101118985
6730,System.Drawing.SystemColors,get_ActiveCaption,000011816d
6731,System.Windows.Forms.PictureBox,set_BorderStyle,200101118971
6732,System.Windows.Forms.Label,set_FlatStyle,2001011189b9
6733,System.Drawing.Color,get_MintCream,000011816d
6734,System.Windows.Forms.Control,add_MouseEnter,200101128371
6735,System.Windows.Forms.ListBox,set_SelectedItem,2001011c
6736,SelectedObjectCollection,GetEnumerator,2000128275
6737,System.Windows.Forms.BindingSource,Clear,200001
6738,System.Windows.Forms.ListControl,set_DataSource,2001011c
6739,System.Windows.Forms.ListBox,set_SelectionMode,200101118b69
6740,System.Windows.Forms.DataVisualization.Charting.Annotation,set_AxisX,200101128841
6741,System.Windows.Forms.DataVisualization.Charting.ChartNamedElement,get_Name,20000e
6742,System.Windows.Forms.DataVisualization.Charting.Annotation,set_ClipToChartArea,2001010e
6743,System.Windows.Forms.DataVisualization.Charting.LineAnnotation,set_IsInfinitive,20010102
6744,System.Windows.Forms.DataVisualization.Charting.Annotation,set_LineColor,20010111816d
6745,System.Windows.Forms.DataVisualization.Charting.Annotation,set_LineWidth,20010108
6746,System.Windows.Forms.DataVisualization.Charting.Annotation,set_AxisY,200101128841
6747,System.Windows.Forms.DataVisualization.Charting.Chart,get_Annotations,2000128b6d
6748,System.Windows.Forms.DataVisualization.Charting.Cursor,set_IsUserEnabled,20010102
6749,System.Windows.Forms.DataVisualization.Charting.Cursor,set_LineWidth,20010108
6750,System.Windows.Forms.DataVisualization.Charting.Cursor,set_LineDashStyle,2001011189f9
6751,System.Windows.Forms.DataVisualization.Charting.Cursor,set_AxisType,200101118b71
6752,System.Windows.Forms.DataVisualization.Charting.Cursor,set_IsUserSelectionEnabled,20010102
6753,System.Windows.Forms.DataVisualization.Charting.Axis,set_IsStartedFromZero,20010102
6754,System.Windows.Forms.DataVisualization.Charting.Axis,get_Minimum,20000d
6755,System.Windows.Forms.DataVisualization.Charting.Axis,set_IntervalAutoMode,200101118b75
6756,System.Windows.Forms.DataVisualization.Charting.Axis,get_Interval,20000d
6757,System.Windows.Forms.DataVisualization.Charting.Chart,HitTest,20021287350808
6758,System.Windows.Forms.DataVisualization.Charting.HitTestResult,get_ChartArea,2000128569
6759,System.Windows.Forms.DataVisualization.Charting.Cursor,SetCursorPosition,2001010d
6760,System.Windows.Forms.DataVisualization.Charting.Axis,get_Maximum,20000d
6761,System.DateTime,FromOADate,00011180a90d
6762,System.Windows.Forms.DataVisualization.Charting.ChartArea,get_AxisX2,2000128841
6763,System.Windows.Forms.DataVisualization.Charting.LabelStyle,set_Enabled,20010102
6764,System.Windows.Forms.DataVisualization.Charting.Axis,set_LineWidth,20010108
6765,System.Windows.Forms.DataVisualization.Charting.Axis,set_Enabled,200101118b79
6766,System.Windows.Forms.DataVisualization.Charting.Series,set_XValueType,200101118b7d
6767,System.Windows.Forms.DataVisualization.Charting.Series,set_YValueType,200101118b7d
6768,System.Windows.Forms.DataVisualization.Charting.Legend,set_ForeColor,20010111816d
6769,System.Windows.Forms.DataVisualization.Charting.Title,set_BackColor,20010111816d
6770,System.Windows.Forms.DataVisualization.Charting.ChartArea3DStyle,set_LightStyle,200101118b81
6771,System.Windows.Forms.DataVisualization.Charting.ChartArea3DStyle,set_PointDepth,20010108
6772,System.Windows.Forms.DataVisualization.Charting.ChartArea,set_BorderWidth,20010108
6773,System.Windows.Forms.Control,add_GotFocus,200101128371
6774,System.Windows.Forms.Control,add_LostFocus,200101128371
6775,System.Windows.Forms.Control,OnPaint,20010112837d
6776,System.Drawing.Graphics,FillEllipse,20050112853108080808
6777,System.Windows.Forms.Control,OnMouseUp,200101128461
6778,System.Drawing.Pen,Dispose,200001
6779,System.Drawing.Brush,Dispose,200001
6780,nsoftware.IPWorks.Ipdaemon,set_LocalHost,2001010e
6781,System.Net.WebResponse,get_Headers,2000128b85
6782,System.Collections.Specialized.NameValueCollection,get_AllKeys,20001d0e
6783,System.Collections.Specialized.NameValueCollection,get_Item,20010e0e
6784,System.Net.WebRequest,get_Headers,2000128b85
6785,System.Collections.Specialized.NameValueCollection,Add,2002010e0e
6786,nsoftware.IPWorks.ConnectionMap,ContainsKey,2001021c
6787,Binance.Net.Interfaces.SocketSubClient.IBinanceSocketClientBase,SubscribeToSymbolTickerUpdates,2002151280f5011280f90e151280b9011280d5
6788,CryptoExchange.Net.Objects.Error,get_Message,20000e
6789,Binance.Net.Interfaces.IBinanceMiniTick,get_Symbol,20000e
6790,Binance.Net.Interfaces.IBinanceMiniTick,get_HighPrice,20001180ed
6791,Binance.Net.Interfaces.IBinanceMiniTick,get_LowPrice,20001180ed
6792,Binance.Net.Interfaces.IBinanceTick,get_BidPrice,20001180ed
6793,Binance.Net.Interfaces.IBinanceTick,get_BidQuantity,20001180ed
6794,Binance.Net.Interfaces.IBinanceTick,get_AskPrice,20001180ed
6795,Binance.Net.Interfaces.IBinanceTick,get_AskQuantity,20001180ed
6796,Binance.Net.Interfaces.IBinance24HPrice,get_WeightedAveragePrice,20001180ed
6797,Binance.Net.Interfaces.IBinance24HPrice,get_PriceChange,20001180ed
6798,Binance.Net.Interfaces.IBinance24HPrice,get_PriceChangePercent,20001180ed
6799,Binance.Net.Interfaces.IBinanceMiniTick,get_QuoteVolume,20001180ed
6800,Binance.Net.Interfaces.IBinance24HPrice,get_TotalTrades,20000a
6801,Binance.Net.Interfaces.SocketSubClient.IBinanceSocketClientBase,SubscribeToAggregatedTradeUpdates,2002151280f5011280f90e151280b9011280d9
6802,Binance.Net.Objects.Spot.MarketStream.BinanceStreamAggregatedTrade,get_Symbol,20000e
6803,Binance.Net.Objects.Spot.MarketStream.BinanceStreamAggregatedTrade,get_Price,20001180ed
6804,Binance.Net.Objects.Spot.MarketStream.BinanceStreamAggregatedTrade,get_Quantity,20001180ed
6805,Binance.Net.Objects.Spot.MarketStream.BinanceStreamAggregatedTrade,get_TradeTime,20001180a9
6806,Binance.Net.Objects.Spot.MarketStream.BinanceStreamAggregatedTrade,get_AggregateTradeId,20000a
6807,Binance.Net.Objects.Spot.MarketStream.BinanceStreamAggregatedTrade,get_BuyerIsMaker,200002
6808,Newtonsoft.Json.Linq.JToken,get_Item,20011281211c
6809,System.DateTimeOffset,get_UtcNow,0000118119
6810,System.DateTimeOffset,ToUnixTimeMilliseconds,20000a
6811,Newtonsoft.Json.Linq.JObject,Parse,00011281290e
6812,Newtonsoft.Json.Linq.JObject,get_Item,20011281210e
6813,System.DateTimeOffset,FromUnixTimeMilliseconds,00011181190a
6814,System.Single,CompareTo,2001080c
6815,System.String,Equals,0003020e0e1188f5
6816,System.Runtime.CompilerServices.TaskAwaiter,get_IsCompleted,200002
6817,System.Runtime.CompilerServices.TaskAwaiter,GetResult,200001
6818,System.Net.Http.HttpClient,DeleteAsync,20011512810d011281250e
6819,System.DateTimeOffset,op_Implicit,00011181191180a9
6820,System.DateTimeOffset,ToUnixTimeSeconds,20000a
6821,System.Runtime.CompilerServices.AsyncVoidMethodBuilder,SetException,2001011280ad
6822,System.Runtime.CompilerServices.AsyncVoidMethodBuilder,SetResult,200001
6823,System.Net.Http.HttpClient,set_BaseAddress,2001011281fd
6824,System.BitConverter,GetBytes,00011d050d
6825,System.Int32,CompareTo,20010808
6826,System.DateTime,CompareTo,2001081180a9
6827,System.IO.FileSystemInfo,get_LastWriteTime,20001180a9
6828,System.BitConverter,ToChar,0002031d0508
6829,System.String,ToCharArray,20001d03
6830,System.IO.BinaryWriter,Write,2001011d03
6831,System.Double,CompareTo,2001080d
6832,System.Text.StringBuilder,AppendLine,20001280c9
6833,System.Net.Dns,GetHostAddresses,00011d1283bd0e
6834,System.Uri,get_Port,200008
6835,System.DateTime,AddTicks,20011180a90a
6836,System.Collections.Specialized.NameValueCollection,Get,20010e0e
6837,System.Net.ServicePointManager,set_Expect100Continue,00010102
6838,System.Net.ServicePointManager,set_UseNagleAlgorithm,00010102
6839,System.Net.ServicePoint,set_UseNagleAlgorithm,20010102
6840,nsoftware.IPWorks.Ipport,get_LocalPort,200008
6841,System.Security.Cryptography.SymmetricAlgorithm,get_Key,20001d05
6842,System.Security.Cryptography.SymmetricAlgorithm,get_IV,20001d05
6843,System.Security.Cryptography.SymmetricAlgorithm,CreateEncryptor,200212830d1d051d05
6844,System.Net.NetworkInformation.NetworkInterface,GetAllNetworkInterfaces,00001d1283c5
6845,System.Net.NetworkInformation.NetworkInterface,get_OperationalStatus,2000118b89
6846,System.Net.NetworkInformation.NetworkInterface,get_NetworkInterfaceType,2000118b8d
6847,System.Net.NetworkInformation.NetworkInterface,GetIPProperties,20001283c9
6848,System.Net.NetworkInformation.IPInterfaceProperties,get_UnicastAddresses,2000128b91
6849,System.Net.NetworkInformation.UnicastIPAddressInformationCollection,GetEnumerator,2000151281e5011283cd
6850,System.Net.NetworkInformation.IPAddressInformation,get_Address,20001283bd
6851,System.Net.IPAddress,get_AddressFamily,2000118b95
6852,System.Net.IPAddress,IsLoopback,0001021283bd
6853,System.Double,Parse,00030d0e1188f11288dd
6854,Binance.Net.BinanceClient,SetApiCredentials,2002010e0e
6855,Binance.Net.Interfaces.SubClients.Spot.IBinanceClientSpot,get_Order,2000128405
6856,Binance.Net.Interfaces.SubClients.Spot.IBinanceClientSpotOrder,CancelOrder,200615128231011283d10e151181d1010a0e0e151181d1010a118239
6857,Binance.Net.Objects.Shared.BinanceOrderBase,get_Status,20001183d5
6858,Binance.Net.BinanceClient,get_General,2000128b99
6859,Binance.Net.Interfaces.SubClients.IBinanceClientGeneral,GetAccountInfo,200215128231011283d9151181d1010a118239
6860,Binance.Net.Interfaces.SubClients.IBinanceClientGeneral,GetUserCoins,2002151282310115128105011283dd151181d10108118239
6861,Binance.Net.Objects.Spot.WalletData.BinanceUserCoin,get_Coin,20000e
6862,Binance.Net.Objects.Spot.WalletData.BinanceUserCoin,get_Name,20000e
6863,Binance.Net.Objects.Spot.WalletData.BinanceUserCoin,get_Free,20001180ed
6864,Binance.Net.Objects.Spot.WalletData.BinanceUserCoin,get_Locked,20001180ed
6865,Binance.Net.Interfaces.SubClients.Spot.IBinanceClientSpotMarket,GetPrice,200215128231011283e10e118239
6866,Binance.Net.Objects.Spot.MarketData.BinancePrice,get_Price,20001180ed
6867,Binance.Net.Interfaces.SubClients.IBinanceClientGeneral,GetDailySpotAccountSnapshot,2005151282310115128105011283e5151181d1011180a9151181d1011180a9151181d10108151181d1010a118239
6868,Binance.Net.Objects.Spot.SpotData.BinanceSpotAccountSnapshot,get_Data,2000128b9d
6869,Binance.Net.Objects.Spot.SpotData.BinanceSpotAccountSnapshotData,get_TotalAssetOfBtc,20001180ed
6870,Binance.Net.Objects.Spot.SpotData.BinanceSpotAccountSnapshot,get_Timestamp,20001180a9
6871,Binance.Net.Objects.Spot.SpotData.BinanceSpotAccountSnapshot,get_Type,20001183e9
6872,Binance.Net.Objects.Spot.SpotData.BinanceSpotAccountSnapshotData,get_Balances,2000151280a1011283ed
6873,Binance.Net.Objects.Spot.SpotData.BinanceBalance,get_Asset,20000e
6874,Binance.Net.Objects.Spot.SpotData.BinanceBalance,get_Free,20001180ed
6875,Binance.Net.Objects.Spot.SpotData.BinanceBalance,get_Locked,20001180ed
6876,Binance.Net.Interfaces.SubClients.IBinanceClientGeneral,GetDustLog,2002151282310115128105011283f9151181d10108118239
6877,Binance.Net.Interfaces.SubClients.Spot.IBinanceClientSpotOrder,GetOpenOrders,2003151282310115128105011284110e151181d10108118239
6878,Binance.Net.Objects.Shared.BinanceOrderBase,get_Symbol,20000e
6879,Binance.Net.Objects.Shared.BinanceOrderBase,get_OrderId,20000a
6880,Binance.Net.Objects.Shared.BinanceOrderBase,get_Price,20001180ed
6881,Binance.Net.Objects.Shared.BinanceOrderBase,get_Quantity,20001180ed
6882,Binance.Net.Objects.Shared.BinanceOrderBase,get_StopPrice,2000151181d1011180ed
6883,Binance.Net.Objects.Shared.BinanceOrderBase,get_TimeInForce,20001183fd
6884,Binance.Net.Objects.Shared.BinanceOrderBase,get_Side,20001183f1
6885,Binance.Net.Objects.Shared.BinanceOrderBase,get_CreateTime,20001180a9
6886,Binance.Net.Objects.Shared.BinanceOrderBase,get_Type,20001183f5
6887,Binance.Net.Interfaces.SubClients.Spot.IBinanceClientSpotOrder,GetMyTrades,2007151282310115128105011284150e151181d1011180a9151181d1011180a9151181d10108151181d1010a151181d1010a118239
6888,Binance.Net.Objects.Spot.SpotData.BinanceTrade,get_Symbol,20000e
6889,Binance.Net.Objects.Spot.SpotData.BinanceTrade,get_OrderId,20000a
6890,Binance.Net.Objects.Spot.SpotData.BinanceTrade,get_Price,20001180ed
6891,Binance.Net.Objects.Spot.SpotData.BinanceTrade,get_Quantity,20001180ed
6892,Binance.Net.Objects.Spot.SpotData.BinanceTrade,get_QuoteQuantity,20001180ed
6893,Binance.Net.Objects.Spot.SpotData.BinanceTrade,get_Commission,20001180ed
6894,Binance.Net.Objects.Spot.SpotData.BinanceTrade,get_CommissionAsset,20000e
6895,Binance.Net.Objects.Spot.SpotData.BinanceTrade,get_TradeTime,20001180a9
6896,Binance.Net.Objects.Spot.SpotData.BinanceTrade,get_IsBuyer,200002
6897,Binance.Net.Objects.Spot.SpotData.BinanceTrade,get_IsMaker,200002
6898,Binance.Net.Objects.Spot.SpotData.BinanceTrade,get_IsBestMatch,200002
6899,Newtonsoft.Json.Linq.JContainer,get_Count,200008
6900,Newtonsoft.Json.Linq.JArray,get_Item,200112812108
6901,Newtonsoft.Json.Linq.JObject,Properties,2000151281050112841d
6902,Newtonsoft.Json.Linq.JProperty,get_Name,20000e
6903,Newtonsoft.Json.Linq.JProperty,get_Value,2000128121
6904,System.DateTimeOffset,AddDays,20011181190d
6905,System.DateTimeOffset,AddHours,20011181190d
6906,System.Decimal,CompareTo,2001081180ed
6907,System.Drawing.Bitmap,GetPixel,200211816d0808
6908,System.Drawing.Image,Dispose,200001
6909,System.Drawing.Graphics,Dispose,200001
6910,System.Drawing.Graphics,DrawArc,2007011282f5080808080808
6911,System.Drawing.Graphics,DrawEllipse,2005011282f508080808
6912,System.Net.Http.HttpClient,GetAsync,20021512810d011281250e118ba1
6913,System.Net.Http.HttpResponseMessage,EnsureSuccessStatusCode,2000128125
6914,System.Net.Http.Headers.HttpContentHeaders,get_ContentLength,2000151181d1010a
6915,System.Net.Http.HttpContent,ReadAsStreamAsync,20001512810d011280f1
6916,System.IO.Stream,WriteAsync,20031280bd1d050808
6917,System.IO.Stream,ReadAsync,20031512810d01081d050808
6918,System.Runtime.CompilerServices.AsyncTaskMethodBuilder,SetException,2001011280ad
6919,System.Runtime.CompilerServices.AsyncTaskMethodBuilder,SetResult,200001
6920,System.Threading.Tasks.Task,Run,00011280bd1280b1
6921,Binance.Net.Interfaces.IBinanceOrderBook,get_Bids,200015128105011285cd
6922,Binance.Net.Interfaces.IBinanceOrderBook,get_Asks,200015128105011285cd
6923,System.Net.WebSockets.ClientWebSocket,ConnectAsync,20021280bd1281fd118239
6924,System.Net.WebSockets.WebSocket,Dispose,200001
6925,System.Net.WebSockets.WebSocket,ReceiveAsync,20021512810d01128611151186150105118239
6926,System.Net.WebSockets.WebSocketReceiveResult,get_MessageType,2000118ba5
6927,System.Net.WebSockets.WebSocket,get_State,2000118ba9
6928,System.Net.WebSockets.WebSocket,SendAsync,20041280bd151186150105118ba502118239
6929,System.Windows.Forms.DataGridViewCell,get_Size,20001182d5
6930,System.Environment,get_CurrentManagedThreadId,000008
6931,System.Threading.CancellationTokenSource,get_IsCancellationRequested,200002
6932,System.Threading.CancellationTokenSource,get_Token,2000118239
6933,System.Threading.Tasks.Task,Run,00021280bd1280b1118239
6934,System.Threading.CancellationTokenSource,Dispose,200001
6935,Binance.Net.Objects.Spot.UserStream.BinanceStreamPositionsUpdate,get_Balances,200015128105011286d9
6936,Binance.Net.Objects.Spot.UserStream.BinanceStreamBalanceUpdate,get_Asset,20000e
6937,System.Decimal,op_Implicit,00011180ed0a
6938,System.IO.DirectoryInfo,GetFiles,20021d1281550e118bad
6939,System.IO.FileSystemInfo,get_FullName,20000e
6940,System.Windows.Forms.NotifyIcon,ShowBalloonTip,20010108
6941,System.Reflection.MemberInfo,get_MemberType,2000118bb1
6942,System.Convert,ToDouble,00010d0d
6943,System.Type,IsAssignableFrom,2001021281c9
6944,System.Type,get_IsAbstract,200002
6945,System.Type,get_IsInterface,200002
6946,System.Net.WebRequest,get_Method,20000e
6947,System.Net.Http.HttpClientHandler,set_UseProxy,20010102
6948,System.Net.Http.HttpClientHandler,set_Proxy,200101128949
6949,System.Net.Http.HttpClientHandler,set_ClientCertificateOptions,200101118bb5
6950,System.Net.Http.HttpClientHandler,set_ServerCertificateCustomValidationCallback,200101151284210512842512842912832511832902
6951,System.Net.Http.Headers.HttpRequestHeaders,get_UserAgent,2000151284390112843d
6952,System.Net.Http.HttpClient,set_Timeout,20010111820d
6953,System.Xml.XmlNode,get_FirstChild,2000128299
6954,System.Reflection.Module,ResolveType,20011281c908
6955,System.Type,GetFields,20001d128279
6956,System.Reflection.Module,ResolveMethod,200112878508
6957,System.Runtime.CompilerServices.CompilerGeneratedAttribute,.ctor,200001
6958,System.Diagnostics.DebuggerDisplayAttribute,.ctor,2001010e
6959,System.Diagnostics.DebuggerBrowsableAttribute,.ctor,200101118cdd
6960,System.Diagnostics.DebuggerHiddenAttribute,.ctor,200001
6961,System.AttributeUsageAttribute,.ctor,200101118ce9
6962,System.Runtime.CompilerServices.AsyncStateMachineAttribute,.ctor,2001011281c9
6963,System.Diagnostics.DebuggerStepThroughAttribute,.ctor,200001
6964,System.Runtime.CompilerServices.TupleElementNamesAttribute,.ctor,2001011d0e
6965,Newtonsoft.Json.JsonPropertyAttribute,.ctor,2001010e
6966,System.ParamArrayAttribute,.ctor,200001
6967,System.Runtime.CompilerServices.DynamicAttribute,.ctor,200001
6968,Newtonsoft.Json.JsonIgnoreAttribute,.ctor,200001
6969,System.Runtime.CompilerServices.IteratorStateMachineAttribute,.ctor,2001011281c9
6970,System.Runtime.CompilerServices.DynamicAttribute,.ctor,2001011d02
6971,System.STAThreadAttribute,.ctor,200001
6972,System.CodeDom.Compiler.GeneratedCodeAttribute,.ctor,2002010e0e
6973,System.Diagnostics.DebuggerNonUserCodeAttribute,.ctor,200001
6974,System.ComponentModel.EditorBrowsableAttribute,.ctor,200101118d1d
6975,System.Runtime.InteropServices.InterfaceTypeAttribute,.ctor,20010106
6976,System.Runtime.InteropServices.TypeIdentifierAttribute,.ctor,200001
6977,System.Runtime.InteropServices.ComEventInterfaceAttribute,.ctor,2002011281c91281c9
6978,System.Runtime.InteropServices.TypeIdentifierAttribute,.ctor,2002010e0e
6979,System.Runtime.InteropServices.CoClassAttribute,.ctor,2001011281c9
6980,System.Reflection.DefaultMemberAttribute,.ctor,2001010e
6981,System.Runtime.InteropServices.DispIdAttribute,.ctor,20010108
6982,System.Runtime.InteropServices.LCIDConversionAttribute,.ctor,20010108
6983,System.Runtime.Serialization.DataContractAttribute,.ctor,200001
6984,System.Runtime.Serialization.DataMemberAttribute,.ctor,200001
6985,System.Runtime.InteropServices.UnmanagedFunctionPointerAttribute,.ctor,200101118d4d
6986,System.FlagsAttribute,.ctor,200001
