type,access,return,name,params,param_names,rva
AccountDailyTransaction,public,void,.ctor,,,682720
AccountDailyTransaction,public,int,get_gerceklesenOzet,,,682704
AccountDailyTransaction,public,void,set_gerceklesenOzet,int,value,682712
AccountDailyTransactionData,public,void,.ctor,,,682840
AccountDailyTransactionData,public,class AccountDailyTransactionHgi[],get_hgi,,,682824
AccountDailyTransactionData,public,void,set_hgi,class AccountDailyTransactionHgi[],value,682832
AccountDailyTransactionHgi,public,void,.ctor,,,683280
AccountDailyTransactionHgi,public,float,get_adet,,,682924
AccountDailyTransactionHgi,public,string,get_alSat,,,682908
AccountDailyTransactionHgi,public,string,get_editOpsiyonlari,,,683036
AccountDailyTransactionHgi,public,string,get_emirGecerlilikSuresi,,,683020
AccountDailyTransactionHgi,public,valuetype System.DateTime,get_emirGecerlilikTarihi,,,683164
AccountDailyTransactionHgi,public,System.Nullable`1<valuetype System.DateTime>,get_emirGirisTarihi,,,683264
AccountDailyTransactionHgi,public,string,get_emirTipi,,,683184
AccountDailyTransactionHgi,public,double,get_fiyat,,,682956
AccountDailyTransactionHgi,public,float,get_gerceklesenMiktar,,,683148
AccountDailyTransactionHgi,public,System.Nullable`1<float>,get_gorunenMiktar,,,683200
AccountDailyTransactionHgi,public,string,get_hesapNo,,,682860
AccountDailyTransactionHgi,public,string,get_hisseAdi,,,682892
AccountDailyTransactionHgi,public,string,get_imkbEmirNo,,,683116
AccountDailyTransactionHgi,public,string,get_islemDurumu,,,683004
AccountDailyTransactionHgi,public,string,get_islemTuru,,,683068
AccountDailyTransactionHgi,public,float,get_kalan,,,682940
AccountDailyTransactionHgi,public,int,get_lotAdet,,,683052
AccountDailyTransactionHgi,public,int,get_orjSysId,,,683132
AccountDailyTransactionHgi,public,string,get_referans,,,682876
AccountDailyTransactionHgi,public,string,get_saat,,,683084
AccountDailyTransactionHgi,public,string,get_saat2,,,683100
AccountDailyTransactionHgi,public,float,get_tutar,,,682972
AccountDailyTransactionHgi,public,string,get_valor,,,682988
AccountDailyTransactionHgi,public,System.Nullable`1<int>,get_zincirId,,,683232
AccountDailyTransactionHgi,public,System.Nullable`1<int>,get_zincirUstId,,,683248
AccountDailyTransactionHgi,public,System.Nullable`1<int>,get_zincirVar,,,683216
AccountDailyTransactionHgi,public,void,set_adet,float,value,682932
AccountDailyTransactionHgi,public,void,set_alSat,string,value,682916
AccountDailyTransactionHgi,public,void,set_editOpsiyonlari,string,value,683044
AccountDailyTransactionHgi,public,void,set_emirGecerlilikSuresi,string,value,683028
AccountDailyTransactionHgi,public,void,set_emirGecerlilikTarihi,valuetype System.DateTime,value,683176
AccountDailyTransactionHgi,public,void,set_emirGirisTarihi,System.Nullable`1<valuetype System.DateTime>,value,683272
AccountDailyTransactionHgi,public,void,set_emirTipi,string,value,683192
AccountDailyTransactionHgi,public,void,set_fiyat,double,value,682964
AccountDailyTransactionHgi,public,void,set_gerceklesenMiktar,float,value,683156
AccountDailyTransactionHgi,public,void,set_gorunenMiktar,System.Nullable`1<float>,value,683208
AccountDailyTransactionHgi,public,void,set_hesapNo,string,value,682868
AccountDailyTransactionHgi,public,void,set_hisseAdi,string,value,682900
AccountDailyTransactionHgi,public,void,set_imkbEmirNo,string,value,683124
AccountDailyTransactionHgi,public,void,set_islemDurumu,string,value,683012
AccountDailyTransactionHgi,public,void,set_islemTuru,string,value,683076
AccountDailyTransactionHgi,public,void,set_kalan,float,value,682948
AccountDailyTransactionHgi,public,void,set_lotAdet,int,value,683060
AccountDailyTransactionHgi,public,void,set_orjSysId,int,value,683140
AccountDailyTransactionHgi,public,void,set_referans,string,value,682884
AccountDailyTransactionHgi,public,void,set_saat,string,value,683092
AccountDailyTransactionHgi,public,void,set_saat2,string,value,683108
AccountDailyTransactionHgi,public,void,set_tutar,float,value,682980
AccountDailyTransactionHgi,public,void,set_valor,string,value,682996
AccountDailyTransactionHgi,public,void,set_zincirId,System.Nullable`1<int>,value,683240
AccountDailyTransactionHgi,public,void,set_zincirUstId,System.Nullable`1<int>,value,683256
AccountDailyTransactionHgi,public,void,set_zincirVar,System.Nullable`1<int>,value,683224
AccountDailyTransactionResponse,public,void,.ctor,,,682804
AccountDailyTransactionResponse,public,class AccountDailyTransactionData,get_data,,,682740
AccountDailyTransactionResponse,public,object,get_message,,,682772
AccountDailyTransactionResponse,public,int,get_statusCode,,,682788
AccountDailyTransactionResponse,public,bool,get_success,,,682756
AccountDailyTransactionResponse,public,void,set_data,class AccountDailyTransactionData,value,682748
AccountDailyTransactionResponse,public,void,set_message,object,value,682780
AccountDailyTransactionResponse,public,void,set_statusCode,int,value,682796
AccountDailyTransactionResponse,public,void,set_success,bool,value,682764
AccountInfo,public,void,.ctor,,,518424
AccountInfo,public,System.Collections.Generic.List`1<class BalanceItem>,get_Balances,,,518376
AccountInfo,public,bool,get_CanDeposit,,,518340
AccountInfo,public,bool,get_CanTrade,,,518308
AccountInfo,public,bool,get_CanWithdraw,,,518324
AccountInfo,public,class Error,get_Error,,,518408
AccountInfo,public,bool,get_Success,,,518392
AccountInfo,public,valuetype System.DateTimeOffset,get_UpdateTime,,,518356
AccountInfo,public,void,set_Balances,System.Collections.Generic.List`1<class BalanceItem>,value,518384
AccountInfo,public,void,set_CanDeposit,bool,value,518348
AccountInfo,public,void,set_CanTrade,bool,value,518316
AccountInfo,public,void,set_CanWithdraw,bool,value,518332
AccountInfo,public,void,set_Error,class Error,value,518416
AccountInfo,public,void,set_Success,bool,value,518400
AccountInfo,public,void,set_UpdateTime,valuetype System.DateTimeOffset,value,518368
AccountInformation,public,void,.ctor,,,703148
AccountInformation,public,void,.ctor,,,707860
AccountInformation,public,System.Collections.Generic.List`1<class AccountInformationAsset>,get_assets,,,703116
AccountInformation,public,System.Collections.Generic.List`1<class AccountInformationAsset>,get_assets,,,707828
AccountInformation,public,string,get_availableBalance,,,703084
AccountInformation,public,string,get_availableBalance,,,707796
AccountInformation,public,bool,get_canDeposit,,,702892
AccountInformation,public,bool,get_canDeposit,,,707604
AccountInformation,public,bool,get_canTrade,,,702876
AccountInformation,public,bool,get_canTrade,,,707588
AccountInformation,public,bool,get_canWithdraw,,,702908
AccountInformation,public,bool,get_canWithdraw,,,707620
AccountInformation,public,long,get_feeTier,,,702860
AccountInformation,public,long,get_feeTier,,,707572
AccountInformation,public,string,get_maxWithdrawAmount,,,703100
AccountInformation,public,string,get_maxWithdrawAmount,,,707812
AccountInformation,public,System.Collections.Generic.List`1<class AccountInformationPosition>,get_positions,,,703132
AccountInformation,public,System.Collections.Generic.List`1<class AccountInformationPosition>,get_positions,,,707844
AccountInformation,public,string,get_totalCrossUnPnl,,,703068
AccountInformation,public,string,get_totalCrossUnPnl,,,707780
AccountInformation,public,string,get_totalCrossWalletBalance,,,703052
AccountInformation,public,string,get_totalCrossWalletBalance,,,707764
AccountInformation,public,string,get_totalInitialMargin,,,702940
AccountInformation,public,string,get_totalInitialMargin,,,707652
AccountInformation,public,string,get_totalMaintMargin,,,702956
AccountInformation,public,string,get_totalMaintMargin,,,707668
AccountInformation,public,string,get_totalMarginBalance,,,703004
AccountInformation,public,string,get_totalMarginBalance,,,707716
AccountInformation,public,string,get_totalOpenOrderInitialMargin,,,703036
AccountInformation,public,string,get_totalOpenOrderInitialMargin,,,707748
AccountInformation,public,string,get_totalPositionInitialMargin,,,703020
AccountInformation,public,string,get_totalPositionInitialMargin,,,707732
AccountInformation,public,string,get_totalUnrealizedProfit,,,702988
AccountInformation,public,string,get_totalUnrealizedProfit,,,707700
AccountInformation,public,string,get_totalWalletBalance,,,702972
AccountInformation,public,string,get_totalWalletBalance,,,707684
AccountInformation,public,long,get_updateTime,,,702924
AccountInformation,public,long,get_updateTime,,,707636
AccountInformation,public,void,set_assets,System.Collections.Generic.List`1<class AccountInformationAsset>,value,703124
AccountInformation,public,void,set_assets,System.Collections.Generic.List`1<class AccountInformationAsset>,value,707836
AccountInformation,public,void,set_availableBalance,string,value,703092
AccountInformation,public,void,set_availableBalance,string,value,707804
AccountInformation,public,void,set_canDeposit,bool,value,702900
AccountInformation,public,void,set_canDeposit,bool,value,707612
AccountInformation,public,void,set_canTrade,bool,value,702884
AccountInformation,public,void,set_canTrade,bool,value,707596
AccountInformation,public,void,set_canWithdraw,bool,value,702916
AccountInformation,public,void,set_canWithdraw,bool,value,707628
AccountInformation,public,void,set_feeTier,long,value,702868
AccountInformation,public,void,set_feeTier,long,value,707580
AccountInformation,public,void,set_maxWithdrawAmount,string,value,703108
AccountInformation,public,void,set_maxWithdrawAmount,string,value,707820
AccountInformation,public,void,set_positions,System.Collections.Generic.List`1<class AccountInformationPosition>,value,703140
AccountInformation,public,void,set_positions,System.Collections.Generic.List`1<class AccountInformationPosition>,value,707852
AccountInformation,public,void,set_totalCrossUnPnl,string,value,703076
AccountInformation,public,void,set_totalCrossUnPnl,string,value,707788
AccountInformation,public,void,set_totalCrossWalletBalance,string,value,703060
AccountInformation,public,void,set_totalCrossWalletBalance,string,value,707772
AccountInformation,public,void,set_totalInitialMargin,string,value,702948
AccountInformation,public,void,set_totalInitialMargin,string,value,707660
AccountInformation,public,void,set_totalMaintMargin,string,value,702964
AccountInformation,public,void,set_totalMaintMargin,string,value,707676
AccountInformation,public,void,set_totalMarginBalance,string,value,703012
AccountInformation,public,void,set_totalMarginBalance,string,value,707724
AccountInformation,public,void,set_totalOpenOrderInitialMargin,string,value,703044
AccountInformation,public,void,set_totalOpenOrderInitialMargin,string,value,707756
AccountInformation,public,void,set_totalPositionInitialMargin,string,value,703028
AccountInformation,public,void,set_totalPositionInitialMargin,string,value,707740
AccountInformation,public,void,set_totalUnrealizedProfit,string,value,702996
AccountInformation,public,void,set_totalUnrealizedProfit,string,value,707708
AccountInformation,public,void,set_totalWalletBalance,string,value,702980
AccountInformation,public,void,set_totalWalletBalance,string,value,707692
AccountInformation,public,void,set_updateTime,long,value,702932
AccountInformation,public,void,set_updateTime,long,value,707644
AccountInformationAsset,public,void,.ctor,,,702548
AccountInformationAsset,public,void,.ctor,,,707260
AccountInformationAsset,public,string,get_asset,,,702324
AccountInformationAsset,public,string,get_asset,,,707036
AccountInformationAsset,public,string,get_availableBalance,,,702500
AccountInformationAsset,public,string,get_availableBalance,,,707212
AccountInformationAsset,public,string,get_crossUnPnl,,,702484
AccountInformationAsset,public,string,get_crossUnPnl,,,707196
AccountInformationAsset,public,string,get_crossWalletBalance,,,702468
AccountInformationAsset,public,string,get_crossWalletBalance,,,707180
AccountInformationAsset,public,string,get_initialMargin,,,702404
AccountInformationAsset,public,string,get_initialMargin,,,707116
AccountInformationAsset,public,string,get_maintMargin,,,702388
AccountInformationAsset,public,string,get_maintMargin,,,707100
AccountInformationAsset,public,bool,get_marginAvailable,,,702516
AccountInformationAsset,public,bool,get_marginAvailable,,,707228
AccountInformationAsset,public,string,get_marginBalance,,,702372
AccountInformationAsset,public,string,get_marginBalance,,,707084
AccountInformationAsset,public,string,get_maxWithdrawAmount,,,702452
AccountInformationAsset,public,string,get_maxWithdrawAmount,,,707164
AccountInformationAsset,public,string,get_openOrderInitialMargin,,,702436
AccountInformationAsset,public,string,get_openOrderInitialMargin,,,707148
AccountInformationAsset,public,string,get_positionInitialMargin,,,702420
AccountInformationAsset,public,string,get_positionInitialMargin,,,707132
AccountInformationAsset,public,string,get_unrealizedProfit,,,702356
AccountInformationAsset,public,string,get_unrealizedProfit,,,707068
AccountInformationAsset,public,long,get_updateTime,,,702532
AccountInformationAsset,public,long,get_updateTime,,,707244
AccountInformationAsset,public,string,get_walletBalance,,,702340
AccountInformationAsset,public,string,get_walletBalance,,,707052
AccountInformationAsset,public,void,set_asset,string,value,702332
AccountInformationAsset,public,void,set_asset,string,value,707044
AccountInformationAsset,public,void,set_availableBalance,string,value,702508
AccountInformationAsset,public,void,set_availableBalance,string,value,707220
AccountInformationAsset,public,void,set_crossUnPnl,string,value,702492
AccountInformationAsset,public,void,set_crossUnPnl,string,value,707204
AccountInformationAsset,public,void,set_crossWalletBalance,string,value,702476
AccountInformationAsset,public,void,set_crossWalletBalance,string,value,707188
AccountInformationAsset,public,void,set_initialMargin,string,value,702412
AccountInformationAsset,public,void,set_initialMargin,string,value,707124
AccountInformationAsset,public,void,set_maintMargin,string,value,702396
AccountInformationAsset,public,void,set_maintMargin,string,value,707108
AccountInformationAsset,public,void,set_marginAvailable,bool,value,702524
AccountInformationAsset,public,void,set_marginAvailable,bool,value,707236
AccountInformationAsset,public,void,set_marginBalance,string,value,702380
AccountInformationAsset,public,void,set_marginBalance,string,value,707092
AccountInformationAsset,public,void,set_maxWithdrawAmount,string,value,702460
AccountInformationAsset,public,void,set_maxWithdrawAmount,string,value,707172
AccountInformationAsset,public,void,set_openOrderInitialMargin,string,value,702444
AccountInformationAsset,public,void,set_openOrderInitialMargin,string,value,707156
AccountInformationAsset,public,void,set_positionInitialMargin,string,value,702428
AccountInformationAsset,public,void,set_positionInitialMargin,string,value,707140
AccountInformationAsset,public,void,set_unrealizedProfit,string,value,702364
AccountInformationAsset,public,void,set_unrealizedProfit,string,value,707076
AccountInformationAsset,public,void,set_updateTime,long,value,702540
AccountInformationAsset,public,void,set_updateTime,long,value,707252
AccountInformationAsset,public,void,set_walletBalance,string,value,702348
AccountInformationAsset,public,void,set_walletBalance,string,value,707060
AccountInformationPosition,public,void,.ctor,,,702840
AccountInformationPosition,public,void,.ctor,,,707552
AccountInformationPosition,public,string,get_askNotional,,,702824
AccountInformationPosition,public,string,get_askNotional,,,707536
AccountInformationPosition,public,string,get_bidNotional,,,702808
AccountInformationPosition,public,string,get_bidNotional,,,707520
AccountInformationPosition,public,string,get_entryPrice,,,702696
AccountInformationPosition,public,string,get_entryPrice,,,707408
AccountInformationPosition,public,string,get_initialMargin,,,702584
AccountInformationPosition,public,string,get_initialMargin,,,707296
AccountInformationPosition,public,bool,get_isolated,,,702680
AccountInformationPosition,public,bool,get_isolated,,,707392
AccountInformationPosition,public,string,get_isolatedWallet,,,702776
AccountInformationPosition,public,string,get_isolatedWallet,,,707488
AccountInformationPosition,public,string,get_leverage,,,702664
AccountInformationPosition,public,string,get_leverage,,,707376
AccountInformationPosition,public,string,get_maintMargin,,,702600
AccountInformationPosition,public,string,get_maintMargin,,,707312
AccountInformationPosition,public,string,get_maxNotional,,,702712
AccountInformationPosition,public,string,get_maxNotional,,,707424
AccountInformationPosition,public,string,get_notional,,,702760
AccountInformationPosition,public,string,get_notional,,,707472
AccountInformationPosition,public,string,get_openOrderInitialMargin,,,702648
AccountInformationPosition,public,string,get_openOrderInitialMargin,,,707360
AccountInformationPosition,public,string,get_positionAmt,,,702744
AccountInformationPosition,public,string,get_positionAmt,,,707456
AccountInformationPosition,public,string,get_positionInitialMargin,,,702632
AccountInformationPosition,public,string,get_positionInitialMargin,,,707344
AccountInformationPosition,public,string,get_positionSide,,,702728
AccountInformationPosition,public,string,get_positionSide,,,707440
AccountInformationPosition,public,string,get_symbol,,,702568
AccountInformationPosition,public,string,get_symbol,,,707280
AccountInformationPosition,public,string,get_unrealizedProfit,,,702616
AccountInformationPosition,public,string,get_unrealizedProfit,,,707328
AccountInformationPosition,public,long,get_updateTime,,,702792
AccountInformationPosition,public,long,get_updateTime,,,707504
AccountInformationPosition,public,void,set_askNotional,string,value,702832
AccountInformationPosition,public,void,set_askNotional,string,value,707544
AccountInformationPosition,public,void,set_bidNotional,string,value,702816
AccountInformationPosition,public,void,set_bidNotional,string,value,707528
AccountInformationPosition,public,void,set_entryPrice,string,value,702704
AccountInformationPosition,public,void,set_entryPrice,string,value,707416
AccountInformationPosition,public,void,set_initialMargin,string,value,702592
AccountInformationPosition,public,void,set_initialMargin,string,value,707304
AccountInformationPosition,public,void,set_isolated,bool,value,702688
AccountInformationPosition,public,void,set_isolated,bool,value,707400
AccountInformationPosition,public,void,set_isolatedWallet,string,value,702784
AccountInformationPosition,public,void,set_isolatedWallet,string,value,707496
AccountInformationPosition,public,void,set_leverage,string,value,702672
AccountInformationPosition,public,void,set_leverage,string,value,707384
AccountInformationPosition,public,void,set_maintMargin,string,value,702608
AccountInformationPosition,public,void,set_maintMargin,string,value,707320
AccountInformationPosition,public,void,set_maxNotional,string,value,702720
AccountInformationPosition,public,void,set_maxNotional,string,value,707432
AccountInformationPosition,public,void,set_notional,string,value,702768
AccountInformationPosition,public,void,set_notional,string,value,707480
AccountInformationPosition,public,void,set_openOrderInitialMargin,string,value,702656
AccountInformationPosition,public,void,set_openOrderInitialMargin,string,value,707368
AccountInformationPosition,public,void,set_positionAmt,string,value,702752
AccountInformationPosition,public,void,set_positionAmt,string,value,707464
AccountInformationPosition,public,void,set_positionInitialMargin,string,value,702640
AccountInformationPosition,public,void,set_positionInitialMargin,string,value,707352
AccountInformationPosition,public,void,set_positionSide,string,value,702736
AccountInformationPosition,public,void,set_positionSide,string,value,707448
AccountInformationPosition,public,void,set_symbol,string,value,702576
AccountInformationPosition,public,void,set_symbol,string,value,707288
AccountInformationPosition,public,void,set_unrealizedProfit,string,value,702624
AccountInformationPosition,public,void,set_unrealizedProfit,string,value,707336
AccountInformationPosition,public,void,set_updateTime,long,value,702800
AccountInformationPosition,public,void,set_updateTime,long,value,707512
AccountInformationResponse,public,void,.ctor,,,681748
AccountInformationResponse,public,class AccountInformationResponseData,get_data,,,681684
AccountInformationResponse,public,object,get_message,,,681716
AccountInformationResponse,public,int,get_statusCode,,,681732
AccountInformationResponse,public,bool,get_success,,,681700
AccountInformationResponse,public,void,set_data,class AccountInformationResponseData,value,681692
AccountInformationResponse,public,void,set_message,object,value,681724
AccountInformationResponse,public,void,set_statusCode,int,value,681740
AccountInformationResponse,public,void,set_success,bool,value,681708
AccountInformationResponseData,public,void,.ctor,,,681784
AccountInformationResponseData,public,class AccountInformationResponseIslem[],get_islem,,,681768
AccountInformationResponseData,public,void,set_islem,class AccountInformationResponseIslem[],value,681776
AccountInformationResponseIslem,public,void,.ctor,,,681852
AccountInformationResponseIslem,public,string,get_aciklama,,,681836
AccountInformationResponseIslem,public,string,get_bakiye,,,681820
AccountInformationResponseIslem,public,string,get_islemKodu,,,681804
AccountInformationResponseIslem,public,void,set_aciklama,string,value,681844
AccountInformationResponseIslem,public,void,set_bakiye,string,value,681828
AccountInformationResponseIslem,public,void,set_islemKodu,string,value,681812
AccountRecord,public,void,.ctor,,,544252
AccountRecord,public,class TebHesapClass,GetTebSubAccout,string,hesapNoX,544204
AccountRecord,public,void,ResolveIP,,,544160
AccountRecord,public,int,get_OrderId,,,544236
AccountRecord,public,string,get_Parola_R,,,544112
AccountRecord,public,string,get_Password_R,,,544096
AccountRecord,public,string,get_RemoteImkbIPPort,,,544128
AccountRecord,public,string,get_RemoteVIOPIPPort,,,544144
AccountRecord,public,string,get_Tanim,,,544080
AccountRecord,public,void,set_OrderId,int,value,544244
AccountRecord,public,void,set_Parola_R,string,value,544120
AccountRecord,public,void,set_Password_R,string,value,544104
AccountRecord,public,void,set_RemoteImkbIPPort,string,value,544136
AccountRecord,public,void,set_RemoteVIOPIPPort,string,value,544152
AccountRecord,public,void,set_Tanim,string,value,544088
AccountSummaryCash,public,void,.ctor,,,674968
AccountSummaryCash,public,object,get_errorCode,,,674904
AccountSummaryCash,public,object,get_errorDescription,,,674920
AccountSummaryCash,public,bool,get_ok,,,674888
AccountSummaryCash,public,string,get_transactionId,,,674936
AccountSummaryCash,public,class AccountSummaryCashValue,get_value,,,674952
AccountSummaryCash,public,void,set_errorCode,object,value,674912
AccountSummaryCash,public,void,set_errorDescription,object,value,674928
AccountSummaryCash,public,void,set_ok,bool,value,674896
AccountSummaryCash,public,void,set_transactionId,string,value,674944
AccountSummaryCash,public,void,set_value,class AccountSummaryCashValue,value,674960
AccountSummaryCashValue,public,void,.ctor,,,675020
AccountSummaryCashValue,public,class Accountcashposition[],get_accountCashPositions,,,675004
AccountSummaryCashValue,public,class Accounttotalcash[],get_accountTotals,,,674988
AccountSummaryCashValue,public,void,set_accountCashPositions,class Accountcashposition[],value,675012
AccountSummaryCashValue,public,void,set_accountTotals,class Accounttotalcash[],value,674996
AccountSummaryCredit,public,void,.ctor,,,675624
AccountSummaryCredit,public,object,get_errorCode,,,675560
AccountSummaryCredit,public,object,get_errorDescription,,,675576
AccountSummaryCredit,public,bool,get_ok,,,675544
AccountSummaryCredit,public,string,get_transactionId,,,675592
AccountSummaryCredit,public,class AccountSummaryCreditValue[],get_value,,,675608
AccountSummaryCredit,public,void,set_errorCode,object,value,675568
AccountSummaryCredit,public,void,set_errorDescription,object,value,675584
AccountSummaryCredit,public,void,set_ok,bool,value,675552
AccountSummaryCredit,public,void,set_transactionId,string,value,675600
AccountSummaryCredit,public,void,set_value,class AccountSummaryCreditValue[],value,675616
AccountSummaryCreditValue,public,void,.ctor,,,676012
AccountSummaryCreditValue,public,string,get_accountId,,,675644
AccountSummaryCreditValue,public,int,get_assetCoef,,,675884
AccountSummaryCreditValue,public,float,get_avgPrice,,,675804
AccountSummaryCreditValue,public,float,get_balanceT,,,675724
AccountSummaryCreditValue,public,float,get_balanceT1,,,675740
AccountSummaryCreditValue,public,float,get_balanceT2,,,675756
AccountSummaryCreditValue,public,float,get_balanceT3,,,675772
AccountSummaryCreditValue,public,float,get_creditInterest,,,675996
AccountSummaryCreditValue,public,float,get_currentAmount,,,675836
AccountSummaryCreditValue,public,float,get_currentAmountT2,,,675852
AccountSummaryCreditValue,public,string,get_depotCode,,,675676
AccountSummaryCreditValue,public,string,get_depotDescription,,,675692
AccountSummaryCreditValue,public,float,get_dpAmount,,,675948
AccountSummaryCreditValue,public,string,get_dpPosKey,,,675964
AccountSummaryCreditValue,public,float,get_dpProfitLoss,,,675932
AccountSummaryCreditValue,public,long,get_lastChange,,,675916
AccountSummaryCreditValue,public,float,get_lastPrice,,,675820
AccountSummaryCreditValue,public,object,get_profitLoss,,,675868
AccountSummaryCreditValue,public,int,get_secId,,,675660
AccountSummaryCreditValue,public,int,get_sellCoef,,,675900
AccountSummaryCreditValue,public,string,get_uniqueSymbol,,,675708
AccountSummaryCreditValue,public,float,get_useableQty,,,675788
AccountSummaryCreditValue,public,float,get_usedCredit,,,675980
AccountSummaryCreditValue,public,void,set_accountId,string,value,675652
AccountSummaryCreditValue,public,void,set_assetCoef,int,value,675892
AccountSummaryCreditValue,public,void,set_avgPrice,float,value,675812
AccountSummaryCreditValue,public,void,set_balanceT,float,value,675732
AccountSummaryCreditValue,public,void,set_balanceT1,float,value,675748
AccountSummaryCreditValue,public,void,set_balanceT2,float,value,675764
AccountSummaryCreditValue,public,void,set_balanceT3,float,value,675780
AccountSummaryCreditValue,public,void,set_creditInterest,float,value,676004
AccountSummaryCreditValue,public,void,set_currentAmount,float,value,675844
AccountSummaryCreditValue,public,void,set_currentAmountT2,float,value,675860
AccountSummaryCreditValue,public,void,set_depotCode,string,value,675684
AccountSummaryCreditValue,public,void,set_depotDescription,string,value,675700
AccountSummaryCreditValue,public,void,set_dpAmount,float,value,675956
AccountSummaryCreditValue,public,void,set_dpPosKey,string,value,675972
AccountSummaryCreditValue,public,void,set_dpProfitLoss,float,value,675940
AccountSummaryCreditValue,public,void,set_lastChange,long,value,675924
AccountSummaryCreditValue,public,void,set_lastPrice,float,value,675828
AccountSummaryCreditValue,public,void,set_profitLoss,object,value,675876
AccountSummaryCreditValue,public,void,set_secId,int,value,675668
AccountSummaryCreditValue,public,void,set_sellCoef,int,value,675908
AccountSummaryCreditValue,public,void,set_uniqueSymbol,string,value,675716
AccountSummaryCreditValue,public,void,set_useableQty,float,value,675796
AccountSummaryCreditValue,public,void,set_usedCredit,float,value,675988
Accountcashposition,public,void,.ctor,,,675524
Accountcashposition,public,string,get_accountId,,,675188
Accountcashposition,public,int,get_assetCoef,,,675428
Accountcashposition,public,float,get_avgPrice,,,675348
Accountcashposition,public,float,get_balanceT,,,675268
Accountcashposition,public,float,get_balanceT1,,,675284
Accountcashposition,public,float,get_balanceT2,,,675300
Accountcashposition,public,float,get_balanceT3,,,675316
Accountcashposition,public,float,get_currentAmount,,,675380
Accountcashposition,public,float,get_currentAmountT2,,,675396
Accountcashposition,public,string,get_depotCode,,,675220
Accountcashposition,public,string,get_depotDescription,,,675236
Accountcashposition,public,float,get_dpAmount,,,675492
Accountcashposition,public,string,get_dpPosKey,,,675508
Accountcashposition,public,float,get_dpProfitLoss,,,675476
Accountcashposition,public,long,get_lastChange,,,675460
Accountcashposition,public,float,get_lastPrice,,,675364
Accountcashposition,public,object,get_profitLoss,,,675412
Accountcashposition,public,int,get_secId,,,675204
Accountcashposition,public,int,get_sellCoef,,,675444
Accountcashposition,public,string,get_uniqueSymbol,,,675252
Accountcashposition,public,float,get_useableQty,,,675332
Accountcashposition,public,void,set_accountId,string,value,675196
Accountcashposition,public,void,set_assetCoef,int,value,675436
Accountcashposition,public,void,set_avgPrice,float,value,675356
Accountcashposition,public,void,set_balanceT,float,value,675276
Accountcashposition,public,void,set_balanceT1,float,value,675292
Accountcashposition,public,void,set_balanceT2,float,value,675308
Accountcashposition,public,void,set_balanceT3,float,value,675324
Accountcashposition,public,void,set_currentAmount,float,value,675388
Accountcashposition,public,void,set_currentAmountT2,float,value,675404
Accountcashposition,public,void,set_depotCode,string,value,675228
Accountcashposition,public,void,set_depotDescription,string,value,675244
Accountcashposition,public,void,set_dpAmount,float,value,675500
Accountcashposition,public,void,set_dpPosKey,string,value,675516
Accountcashposition,public,void,set_dpProfitLoss,float,value,675484
Accountcashposition,public,void,set_lastChange,long,value,675468
Accountcashposition,public,void,set_lastPrice,float,value,675372
Accountcashposition,public,void,set_profitLoss,object,value,675420
Accountcashposition,public,void,set_secId,int,value,675212
Accountcashposition,public,void,set_sellCoef,int,value,675452
Accountcashposition,public,void,set_uniqueSymbol,string,value,675260
Accountcashposition,public,void,set_useableQty,float,value,675340
Accounts,public,void,.ctor,,,674868
Accounts,public,string,get_accountId,,,674740
Accounts,public,string,get_accountName,,,674772
Accounts,public,int,get_accountTypeId,,,674820
Accounts,public,string,get_afkCode,,,674788
Accounts,public,string,get_complianceScore,,,674836
Accounts,public,int,get_customerId,,,674756
Accounts,public,string,get_legitimacyScore,,,674852
Accounts,public,bool,get_privateAccount,,,674804
Accounts,public,void,set_accountId,string,value,674748
Accounts,public,void,set_accountName,string,value,674780
Accounts,public,void,set_accountTypeId,int,value,674828
Accounts,public,void,set_afkCode,string,value,674796
Accounts,public,void,set_complianceScore,string,value,674844
Accounts,public,void,set_customerId,int,value,674764
Accounts,public,void,set_legitimacyScore,string,value,674860
Accounts,public,void,set_privateAccount,bool,value,674812
AccountsList,public,void,.ctor,,,674720
AccountsList,public,object,get_errorCode,,,674656
AccountsList,public,object,get_errorDescription,,,674672
AccountsList,public,bool,get_ok,,,674640
AccountsList,public,string,get_transactionId,,,674688
AccountsList,public,class Accounts[],get_value,,,674704
AccountsList,public,void,set_errorCode,object,value,674664
AccountsList,public,void,set_errorDescription,object,value,674680
AccountsList,public,void,set_ok,bool,value,674648
AccountsList,public,void,set_transactionId,string,value,674696
AccountsList,public,void,set_value,class Accounts[],value,674712
Accounttotalcash,public,void,.ctor,,,675168
Accounttotalcash,public,string,get_accountId,,,675040
Accounttotalcash,public,object,get_dividendIncome,,,675136
Accounttotalcash,public,long,get_lastChange,,,675152
Accounttotalcash,public,float,get_swapEquityRatio,,,675056
Accounttotalcash,public,float,get_totalAmountInAcctCcy,,,675088
Accounttotalcash,public,float,get_totalEquityValue,,,675072
Accounttotalcash,public,float,get_totalEquityValueT2,,,675104
Accounttotalcash,public,float,get_totalPortfolioValue,,,675120
Accounttotalcash,public,void,set_accountId,string,value,675048
Accounttotalcash,public,void,set_dividendIncome,object,value,675144
Accounttotalcash,public,void,set_lastChange,long,value,675160
Accounttotalcash,public,void,set_swapEquityRatio,float,value,675064
Accounttotalcash,public,void,set_totalAmountInAcctCcy,float,value,675096
Accounttotalcash,public,void,set_totalEquityValue,float,value,675080
Accounttotalcash,public,void,set_totalEquityValueT2,float,value,675112
Accounttotalcash,public,void,set_totalPortfolioValue,float,value,675128
Accounttotals,public,void,.ctor,,,673748
Accounttotals,public,double,get_aciga_Satista_Kullanilan,,,673620
Accounttotals,public,double,get_creditInterest,,,673668
Accounttotals,public,double,get_creditLimit,,,673732
Accounttotals,public,double,get_currencyValueEUR,,,673636
Accounttotals,public,double,get_currencyValueUSD,,,673652
Accounttotals,public,double,get_dividendIncome,,,673684
Accounttotals,public,double,get_fonPayAlimSatim,,,673572
Accounttotals,public,double,get_fon_PayStokTransferValue,,,673588
Accounttotals,public,double,get_onaylanmayan_Kredi,,,673604
Accounttotals,public,double,get_priorityRight,,,673716
Accounttotals,public,double,get_totalPortfolioValue,,,673556
Accounttotals,public,double,get_usedCredit,,,673700
Accounttotals,public,void,set_aciga_Satista_Kullanilan,double,value,673628
Accounttotals,public,void,set_creditInterest,double,value,673676
Accounttotals,public,void,set_creditLimit,double,value,673740
Accounttotals,public,void,set_currencyValueEUR,double,value,673644
Accounttotals,public,void,set_currencyValueUSD,double,value,673660
Accounttotals,public,void,set_dividendIncome,double,value,673692
Accounttotals,public,void,set_fonPayAlimSatim,double,value,673580
Accounttotals,public,void,set_fon_PayStokTransferValue,double,value,673596
Accounttotals,public,void,set_onaylanmayan_Kredi,double,value,673612
Accounttotals,public,void,set_priorityRight,double,value,673724
Accounttotals,public,void,set_totalPortfolioValue,double,value,673564
Accounttotals,public,void,set_usedCredit,double,value,673708
Artiox,public,System.Collections.Generic.List`1<class ResArtioxOrderBook>,getOrderBook,int[]; int,pairX; limitX,546412
Artiox,public,System.Collections.Generic.List`1<class Bar>,getOrderChartHistory,int[]; string; int,pairX; periyotX; limitX,546688
Artiox,public,System.Collections.Generic.List`1<class ResArtioxOrderBook>,getOrderDepthBook,int[]; int,pairX; limitX,546504
Artiox,public,System.Collections.Generic.List`1<class ResArtioxTradeItem>,getOrderTradeHistory,int[]; int,pairX; limitX,546596
Asset,public,string,get_accountAlias,,,704608
Asset,public,string,get_accountAlias,,,709260
Asset,public,void,set_accountAlias,string,value,704616
Asset,public,void,set_accountAlias,string,value,709268
Bar,public,void,.ctor,,,670144
Bar,public,float,get_close,,,670080
Bar,public,float,get_high,,,670096
Bar,public,float,get_low,,,670112
Bar,public,float,get_open,,,670064
Bar,public,float,get_time,,,670048
Bar,public,float,get_volume,,,670128
Bar,public,void,set_close,float,value,670088
Bar,public,void,set_high,float,value,670104
Bar,public,void,set_low,float,value,670120
Bar,public,void,set_open,float,value,670072
Bar,public,void,set_time,float,value,670056
Bar,public,void,set_volume,float,value,670136
BistIslemHandler,public,void,.ctor,object; IntPtr,object; method,0
BistIslemHandler,public,class System.IAsyncResult,BeginInvoke,valuetype ideal.IslemStruct1; class System.AsyncCallback; object,itemX; callback; object,0
BistIslemHandler,public,void,EndInvoke,class System.IAsyncResult,result,0
BistIslemHandler,public,void,Invoke,valuetype ideal.IslemStruct1,itemX,0
BistRobotHesapClass,public,void,.ctor,,,549468
CancelOrder,public,void,.ctor,,,520484
CancelOrder,public,string,get_Account,,,520468
CancelOrder,public,int,get_OrderId,,,520400
CancelOrder,public,valuetype ideal.OrderSide,get_OrderSide,,,520448
CancelOrder,public,string,get_OrderUuid,,,520384
CancelOrder,public,double,get_Quantity,,,520432
CancelOrder,public,string,get_Symbol,,,520416
CancelOrder,public,void,set_Account,string,value,520476
CancelOrder,public,void,set_OrderId,int,value,520408
CancelOrder,public,void,set_OrderSide,valuetype ideal.OrderSide,value,520460
CancelOrder,public,void,set_OrderUuid,string,value,520392
CancelOrder,public,void,set_Quantity,double,value,520440
CancelOrder,public,void,set_Symbol,string,value,520424
CancelOrderResult,public,void,.ctor,,,705516
CancelOrderResult,public,void,.ctor,,,710188
CancelOrderResult,public,string,get_activatePrice,,,705436
CancelOrderResult,public,string,get_activatePrice,,,710108
CancelOrderResult,public,string,get_clientOrderId,,,705164
CancelOrderResult,public,string,get_clientOrderId,,,709836
CancelOrderResult,public,bool,get_closePosition,,,705372
CancelOrderResult,public,bool,get_closePosition,,,710044
CancelOrderResult,public,string,get_cumQty,,,705180
CancelOrderResult,public,string,get_cumQty,,,709852
CancelOrderResult,public,string,get_cumQuote,,,705196
CancelOrderResult,public,string,get_cumQuote,,,709868
CancelOrderResult,public,string,get_executedQty,,,705212
CancelOrderResult,public,string,get_executedQty,,,709884
CancelOrderResult,public,long,get_orderId,,,705228
CancelOrderResult,public,long,get_orderId,,,709900
CancelOrderResult,public,string,get_origQty,,,705244
CancelOrderResult,public,string,get_origQty,,,709916
CancelOrderResult,public,string,get_origType,,,705260
CancelOrderResult,public,string,get_origType,,,709932
CancelOrderResult,public,string,get_positionSide,,,705324
CancelOrderResult,public,string,get_positionSide,,,709996
CancelOrderResult,public,string,get_price,,,705276
CancelOrderResult,public,string,get_price,,,709948
CancelOrderResult,public,bool,get_priceProtect,,,705500
CancelOrderResult,public,bool,get_priceProtect,,,710172
CancelOrderResult,public,string,get_priceRate,,,705452
CancelOrderResult,public,string,get_priceRate,,,710124
CancelOrderResult,public,bool,get_reduceOnly,,,705292
CancelOrderResult,public,bool,get_reduceOnly,,,709964
CancelOrderResult,public,string,get_side,,,705308
CancelOrderResult,public,string,get_side,,,709980
CancelOrderResult,public,string,get_status,,,705340
CancelOrderResult,public,string,get_status,,,710012
CancelOrderResult,public,string,get_stopPrice,,,705356
CancelOrderResult,public,string,get_stopPrice,,,710028
CancelOrderResult,public,string,get_symbol,,,705388
CancelOrderResult,public,string,get_symbol,,,710060
CancelOrderResult,public,string,get_timeInForce,,,705404
CancelOrderResult,public,string,get_timeInForce,,,710076
CancelOrderResult,public,string,get_type,,,705420
CancelOrderResult,public,string,get_type,,,710092
CancelOrderResult,public,long,get_updateTime,,,705468
CancelOrderResult,public,long,get_updateTime,,,710140
CancelOrderResult,public,string,get_workingType,,,705484
CancelOrderResult,public,string,get_workingType,,,710156
CancelOrderResult,public,void,set_activatePrice,string,value,705444
CancelOrderResult,public,void,set_activatePrice,string,value,710116
CancelOrderResult,public,void,set_clientOrderId,string,value,705172
CancelOrderResult,public,void,set_clientOrderId,string,value,709844
CancelOrderResult,public,void,set_closePosition,bool,value,705380
CancelOrderResult,public,void,set_closePosition,bool,value,710052
CancelOrderResult,public,void,set_cumQty,string,value,705188
CancelOrderResult,public,void,set_cumQty,string,value,709860
CancelOrderResult,public,void,set_cumQuote,string,value,705204
CancelOrderResult,public,void,set_cumQuote,string,value,709876
CancelOrderResult,public,void,set_executedQty,string,value,705220
CancelOrderResult,public,void,set_executedQty,string,value,709892
CancelOrderResult,public,void,set_orderId,long,value,705236
CancelOrderResult,public,void,set_orderId,long,value,709908
CancelOrderResult,public,void,set_origQty,string,value,705252
CancelOrderResult,public,void,set_origQty,string,value,709924
CancelOrderResult,public,void,set_origType,string,value,705268
CancelOrderResult,public,void,set_origType,string,value,709940
CancelOrderResult,public,void,set_positionSide,string,value,705332
CancelOrderResult,public,void,set_positionSide,string,value,710004
CancelOrderResult,public,void,set_price,string,value,705284
CancelOrderResult,public,void,set_price,string,value,709956
CancelOrderResult,public,void,set_priceProtect,bool,value,705508
CancelOrderResult,public,void,set_priceProtect,bool,value,710180
CancelOrderResult,public,void,set_priceRate,string,value,705460
CancelOrderResult,public,void,set_priceRate,string,value,710132
CancelOrderResult,public,void,set_reduceOnly,bool,value,705300
CancelOrderResult,public,void,set_reduceOnly,bool,value,709972
CancelOrderResult,public,void,set_side,string,value,705316
CancelOrderResult,public,void,set_side,string,value,709988
CancelOrderResult,public,void,set_status,string,value,705348
CancelOrderResult,public,void,set_status,string,value,710020
CancelOrderResult,public,void,set_stopPrice,string,value,705364
CancelOrderResult,public,void,set_stopPrice,string,value,710036
CancelOrderResult,public,void,set_symbol,string,value,705396
CancelOrderResult,public,void,set_symbol,string,value,710068
CancelOrderResult,public,void,set_timeInForce,string,value,705412
CancelOrderResult,public,void,set_timeInForce,string,value,710084
CancelOrderResult,public,void,set_type,string,value,705428
CancelOrderResult,public,void,set_type,string,value,710100
CancelOrderResult,public,void,set_updateTime,long,value,705476
CancelOrderResult,public,void,set_updateTime,long,value,710148
CancelOrderResult,public,void,set_workingType,string,value,705492
CancelOrderResult,public,void,set_workingType,string,value,710164
CancelReplaceOrder,public,void,.ctor,,,520640
CancelReplaceOrder,public,string,get_Account,,,520624
CancelReplaceOrder,public,int,get_OrderId,,,520520
CancelReplaceOrder,public,valuetype ideal.OrderSide,get_OrderSide,,,520584
CancelReplaceOrder,public,valuetype ideal.OrderType,get_OrderType,,,520604
CancelReplaceOrder,public,string,get_OrderUuid,,,520504
CancelReplaceOrder,public,double,get_Price,,,520568
CancelReplaceOrder,public,double,get_Quantity,,,520552
CancelReplaceOrder,public,string,get_Symbol,,,520536
CancelReplaceOrder,public,void,set_Account,string,value,520632
CancelReplaceOrder,public,void,set_OrderId,int,value,520528
CancelReplaceOrder,public,void,set_OrderSide,valuetype ideal.OrderSide,value,520596
CancelReplaceOrder,public,void,set_OrderType,valuetype ideal.OrderType,value,520616
CancelReplaceOrder,public,void,set_OrderUuid,string,value,520512
CancelReplaceOrder,public,void,set_Price,double,value,520576
CancelReplaceOrder,public,void,set_Quantity,double,value,520560
CancelReplaceOrder,public,void,set_Symbol,string,value,520544
Cashpositionlist,public,void,.ctor,,,673944
Cashpositionlist,public,double,get_amt,,,673896
Cashpositionlist,public,double,get_amtNet,,,673928
Cashpositionlist,public,double,get_amtT1,,,673912
Cashpositionlist,public,double,get_amtT2,,,673864
Cashpositionlist,public,double,get_amtT3,,,673880
Cashpositionlist,public,double,get_percentage,,,673832
Cashpositionlist,public,double,get_price,,,673816
Cashpositionlist,public,int,get_state,,,673768
Cashpositionlist,public,string,get_stateDescr,,,673848
Cashpositionlist,public,string,get_symbol,,,673784
Cashpositionlist,public,double,get_todaysValue,,,673800
Cashpositionlist,public,void,set_amt,double,value,673904
Cashpositionlist,public,void,set_amtNet,double,value,673936
Cashpositionlist,public,void,set_amtT1,double,value,673920
Cashpositionlist,public,void,set_amtT2,double,value,673872
Cashpositionlist,public,void,set_amtT3,double,value,673888
Cashpositionlist,public,void,set_percentage,double,value,673840
Cashpositionlist,public,void,set_price,double,value,673824
Cashpositionlist,public,void,set_state,int,value,673776
Cashpositionlist,public,void,set_stateDescr,string,value,673856
Cashpositionlist,public,void,set_symbol,string,value,673792
Cashpositionlist,public,void,set_todaysValue,double,value,673808
ChainBuySellTSell,public,string,get_emirTipi,,,684176
ChainBuySellTSell,public,valuetype System.Decimal,get_fiyat,,,684156
ChainBuySellTSell,public,string,get_imkbEmirNo,,,684244
ChainBuySellTSell,public,string,get_orderType,,,684120
ChainBuySellTSell,public,void,set_emirTipi,string,value,684184
ChainBuySellTSell,public,void,set_fiyat,valuetype System.Decimal,value,684168
ChainBuySellTSell,public,void,set_imkbEmirNo,string,value,684252
ChainBuySellTSell,public,void,set_orderType,string,value,684128
Chart,public,void,.ctor,,,524668
Chart,public,void,.ctor,,,563304
Chart,public,void,.ctor,,,568828
Chart,public,void,Change,string,srtX,568572
Chart,public,void,Default,,,568604
Chart,public,void,Delete,,,568636
Chart,public,void,DeleteAll,,,568668
Chart,public,System.Collections.Generic.List`1<string>,GetNames,,,568700
Chart,public,void,Init,,,568732
Chart,public,void,Read,,,524604
Chart,public,void,Save,byte[],bytesX,568764
Chart,public,void,Saveas,byte[],bytesX,568796
Chart,public,void,Write,,,524636
ChartDataBasicHandler,public,void,.ctor,object; IntPtr,object; method,0
ChartDataBasicHandler,public,class System.IAsyncResult,BeginInvoke,string; class System.AsyncCallback; object,symbolX; callback; object,0
ChartDataBasicHandler,public,void,EndInvoke,class System.IAsyncResult,result,0
ChartDataBasicHandler,public,void,Invoke,string,symbolX,0
ChartDataHandler,public,void,.ctor,object; IntPtr,object; method,0
ChartDataHandler,public,class System.IAsyncResult,BeginInvoke,string; class System.AsyncCallback; object,symbolX; callback; object,0
ChartDataHandler,public,void,EndInvoke,class System.IAsyncResult,result,0
ChartDataHandler,public,void,Invoke,string,symbolX,0
ChartEmirClass,public,void,.ctor,,,662104
ChartRecord,public,void,.ctor,,,534912
ChartRecord,public,class ChartRecord,ShallowCopy,,,534896
ChartResponse,public,void,.ctor,,,523100
ChartResponse,public,class Getchartdata,get_getchartdata,,,523084
ChartResponse,public,void,set_getchartdata,class Getchartdata,value,523092
CriptoOrderRecord,public,void,.ctor,,,545380
CriptoOrderRecord,public,string,get_OrderNoString,,,545364
CriptoPositionRecord,public,void,.ctor,,,545336
CriptoPositionRecord,public,string,get_Asset,,,545264
CriptoPositionRecord,public,string,get_Order,,,545280
CriptoPositionRecord,public,double,get_Profit,,,545312
CriptoPositionRecord,public,double,get_Total,,,545296
CriptoPositionRecord,public,void,set_Asset,string,value,545272
CriptoPositionRecord,public,void,set_Order,string,value,545288
CriptoPositionRecord,public,void,set_Profit,double,value,545328
CriptoTradeRecord,public,long,get_OrderId,,,545456
CriptoTradeRecord,public,int,get_OrderListId,,,545472
CriptoTradeRecord,public,valuetype System.Decimal,get_Price,,,545488
CriptoTradeRecord,public,void,set_OrderId,long,value,545464
CriptoTradeRecord,public,void,set_OrderListId,int,value,545480
CriptoTradeRecord,public,void,set_Price,valuetype System.Decimal,value,545500
DepthImkb,public,void,.ctor,,,564548
DepthImkb,public,void,ApplyAllForms,byte[],bytesX,564260
DepthImkb,public,void,Change,string,srtX,564292
DepthImkb,public,void,Default,,,564324
DepthImkb,public,void,Delete,,,564356
DepthImkb,public,void,DeleteAll,,,564388
DepthImkb,public,System.Collections.Generic.List`1<string>,GetNames,,,564420
DepthImkb,public,void,Init,,,564452
DepthImkb,public,void,Save,byte[],bytesX,564484
DepthImkb,public,void,Saveas,byte[],bytesX,564516
DepthVip,public,void,.ctor,,,565892
DepthVip,public,void,ApplyAllForms,byte[],bytesX,565604
DepthVip,public,void,Change,string,srtX,565636
DepthVip,public,void,Default,,,565668
DepthVip,public,void,Delete,,,565700
DepthVip,public,void,DeleteAll,,,565732
DepthVip,public,System.Collections.Generic.List`1<string>,GetNames,,,565764
DepthVip,public,void,Init,,,565796
DepthVip,public,void,Save,byte[],bytesX,565828
DepthVip,public,void,Saveas,byte[],bytesX,565860
EmirSira,public,void,.ctor,,,565556
EmirSira,public,void,ApplyAllForms,byte[],bytesX,565268
EmirSira,public,void,Change,string,srtX,565300
EmirSira,public,void,Default,,,565332
EmirSira,public,void,Delete,,,565364
EmirSira,public,void,DeleteAll,,,565396
EmirSira,public,System.Collections.Generic.List`1<string>,GetNames,,,565428
EmirSira,public,void,Init,,,565460
EmirSira,public,void,Save,byte[],bytesX,565492
EmirSira,public,void,Saveas,byte[],bytesX,565524
EmirSiraHandler,public,void,.ctor,object; IntPtr,object; method,0
EmirSiraHandler,public,class System.IAsyncResult,BeginInvoke,string; string; class System.AsyncCallback; object,symbolX; datastrX; callback; object,0
EmirSiraHandler,public,void,EndInvoke,class System.IAsyncResult,result,0
EmirSiraHandler,public,void,Invoke,string; string,symbolX; datastrX,0
EquityCancelOrder,public,void,.ctor,,,677572
EquityCancelOrder,public,string,get_clOrdId,,,677524
EquityCancelOrder,public,string,get_orderId,,,677508
EquityCancelOrder,public,string,get_token,,,677540
EquityCancelOrder,public,long,get_tokenVersion,,,677556
EquityCancelOrder,public,void,set_clOrdId,string,value,677532
EquityCancelOrder,public,void,set_orderId,string,value,677516
EquityCancelOrder,public,void,set_token,string,value,677548
EquityCancelOrder,public,void,set_tokenVersion,long,value,677564
EquityListPricesteplist,public,void,.ctor,,,673384
EquityListPricesteplist,public,float,get_maxPx,,,673352
EquityListPricesteplist,public,float,get_minPx,,,673336
EquityListPricesteplist,public,float,get_tickSize,,,673368
EquityListPricesteplist,public,void,set_maxPx,float,value,673360
EquityListPricesteplist,public,void,set_minPx,float,value,673344
EquityListPricesteplist,public,void,set_tickSize,float,value,673376
EquityListValue,public,float,get_maxPrice,,,673284
EquityListValue,public,float,get_minPrice,,,673268
EquityListValue,public,class EquityListPricesteplist[],get_priceStepList,,,673300
EquityListValue,public,void,set_maxPrice,float,value,673292
EquityListValue,public,void,set_minPrice,float,value,673276
EquityListValue,public,void,set_priceStepList,class EquityListPricesteplist[],value,673308
EquityOrder,public,void,.ctor,,,676264
EquityOrder,public,object,get_errorCode,,,676200
EquityOrder,public,object,get_errorDescription,,,676216
EquityOrder,public,bool,get_ok,,,676184
EquityOrder,public,string,get_transactionId,,,676232
EquityOrder,public,class EquityOrderValue[],get_value,,,676248
EquityOrder,public,void,set_errorCode,object,value,676208
EquityOrder,public,void,set_errorDescription,object,value,676224
EquityOrder,public,void,set_ok,bool,value,676192
EquityOrder,public,void,set_transactionId,string,value,676240
EquityOrder,public,void,set_value,class EquityOrderValue[],value,676256
EquityOrderValue,public,void,.ctor,,,677292
EquityOrderValue,public,string,get_accountId,,,676332
EquityOrderValue,public,double,get_avgPrice,,,676636
EquityOrderValue,public,bool,get_cancelable,,,677228
EquityOrderValue,public,bool,get_chainOrder,,,676988
EquityOrderValue,public,bool,get_chainable,,,677260
EquityOrderValue,public,string,get_clOrdId,,,676300
EquityOrderValue,public,string,get_createdByName,,,676844
EquityOrderValue,public,long,get_createdDate,,,676812
EquityOrderValue,public,string,get_createdDateStr,,,676828
EquityOrderValue,public,string,get_description,,,676892
EquityOrderValue,public,long,get_endDate,,,676860
EquityOrderValue,public,string,get_endDateStr,,,676876
EquityOrderValue,public,string,get_instrumentId,,,676348
EquityOrderValue,public,string,get_instrumentSymbol,,,676364
EquityOrderValue,public,string,get_instrumentType,,,676380
EquityOrderValue,public,long,get_lastRealizeTime,,,676940
EquityOrderValue,public,string,get_lastRealizeTimeStr,,,676956
EquityOrderValue,public,string,get_lastUpdateByName,,,676972
EquityOrderValue,public,long,get_lastUpdateTime,,,676908
EquityOrderValue,public,string,get_lastUpdateTimeStr,,,676924
EquityOrderValue,public,double,get_maxFloor,,,676700
EquityOrderValue,public,string,get_orderId,,,676284
EquityOrderValue,public,string,get_orderReference,,,676588
EquityOrderValue,public,string,get_orderStatusDescEn,,,676572
EquityOrderValue,public,string,get_orderStatusDescTr,,,676556
EquityOrderValue,public,string,get_orderStatusId,,,676540
EquityOrderValue,public,string,get_orderTypeDescEn,,,676428
EquityOrderValue,public,string,get_orderTypeDescTr,,,676412
EquityOrderValue,public,string,get_orderTypeId,,,676396
EquityOrderValue,public,string,get_origClOrdId,,,676316
EquityOrderValue,public,string,get_parentOrderId,,,677004
EquityOrderValue,public,string,get_pendingClOrdId,,,676716
EquityOrderValue,public,float,get_pendingPrice,,,676732
EquityOrderValue,public,float,get_pendingQty,,,676748
EquityOrderValue,public,string,get_pendingTimeInForceId,,,676764
EquityOrderValue,public,double,get_price,,,676604
EquityOrderValue,public,double,get_qty,,,676620
EquityOrderValue,public,double,get_realizedAmt,,,676684
EquityOrderValue,public,double,get_realizedQty,,,676668
EquityOrderValue,public,double,get_remainingQty,,,676652
EquityOrderValue,public,bool,get_replaceable,,,677244
EquityOrderValue,public,string,get_sideDescEn,,,676524
EquityOrderValue,public,string,get_sideDescTr,,,676508
EquityOrderValue,public,string,get_sideId,,,676492
EquityOrderValue,public,string,get_timeInForceDesEn,,,676476
EquityOrderValue,public,string,get_timeInForceDescTr,,,676460
EquityOrderValue,public,string,get_timeInForceId,,,676444
EquityOrderValue,public,object,get_tradingSessionId,,,677276
EquityOrderValue,public,bool,get_triggerOrder,,,677020
EquityOrderValue,public,double,get_triggerPrice,,,677196
EquityOrderValue,public,object,get_triggerPriceDirectionDescEn,,,677164
EquityOrderValue,public,object,get_triggerPriceDirectionDescTr,,,677148
EquityOrderValue,public,string,get_triggerPriceDirectionId,,,677132
EquityOrderValue,public,object,get_triggerPriceTypeDescEn,,,677116
EquityOrderValue,public,object,get_triggerPriceTypeDescTr,,,677100
EquityOrderValue,public,string,get_triggerPriceTypeId,,,677084
EquityOrderValue,public,string,get_triggerSymbol,,,677180
EquityOrderValue,public,object,get_triggerTypeDescEn,,,677068
EquityOrderValue,public,object,get_triggerTypeDescTr,,,677052
EquityOrderValue,public,string,get_triggerTypeId,,,677036
EquityOrderValue,public,bool,get_triggerWorking,,,677212
EquityOrderValue,public,long,get_valueDate,,,676780
EquityOrderValue,public,string,get_valueDateStr,,,676796
EquityOrderValue,public,void,set_accountId,string,value,676340
EquityOrderValue,public,void,set_avgPrice,double,value,676644
EquityOrderValue,public,void,set_cancelable,bool,value,677236
EquityOrderValue,public,void,set_chainOrder,bool,value,676996
EquityOrderValue,public,void,set_chainable,bool,value,677268
EquityOrderValue,public,void,set_clOrdId,string,value,676308
EquityOrderValue,public,void,set_createdByName,string,value,676852
EquityOrderValue,public,void,set_createdDate,long,value,676820
EquityOrderValue,public,void,set_createdDateStr,string,value,676836
EquityOrderValue,public,void,set_description,string,value,676900
EquityOrderValue,public,void,set_endDate,long,value,676868
EquityOrderValue,public,void,set_endDateStr,string,value,676884
EquityOrderValue,public,void,set_instrumentId,string,value,676356
EquityOrderValue,public,void,set_instrumentSymbol,string,value,676372
EquityOrderValue,public,void,set_instrumentType,string,value,676388
EquityOrderValue,public,void,set_lastRealizeTime,long,value,676948
EquityOrderValue,public,void,set_lastRealizeTimeStr,string,value,676964
EquityOrderValue,public,void,set_lastUpdateByName,string,value,676980
EquityOrderValue,public,void,set_lastUpdateTime,long,value,676916
EquityOrderValue,public,void,set_lastUpdateTimeStr,string,value,676932
EquityOrderValue,public,void,set_maxFloor,double,value,676708
EquityOrderValue,public,void,set_orderId,string,value,676292
EquityOrderValue,public,void,set_orderReference,string,value,676596
EquityOrderValue,public,void,set_orderStatusDescEn,string,value,676580
EquityOrderValue,public,void,set_orderStatusDescTr,string,value,676564
EquityOrderValue,public,void,set_orderStatusId,string,value,676548
EquityOrderValue,public,void,set_orderTypeDescEn,string,value,676436
EquityOrderValue,public,void,set_orderTypeDescTr,string,value,676420
EquityOrderValue,public,void,set_orderTypeId,string,value,676404
EquityOrderValue,public,void,set_origClOrdId,string,value,676324
EquityOrderValue,public,void,set_parentOrderId,string,value,677012
EquityOrderValue,public,void,set_pendingClOrdId,string,value,676724
EquityOrderValue,public,void,set_pendingPrice,float,value,676740
EquityOrderValue,public,void,set_pendingQty,float,value,676756
EquityOrderValue,public,void,set_pendingTimeInForceId,string,value,676772
EquityOrderValue,public,void,set_price,double,value,676612
EquityOrderValue,public,void,set_qty,double,value,676628
EquityOrderValue,public,void,set_realizedAmt,double,value,676692
EquityOrderValue,public,void,set_realizedQty,double,value,676676
EquityOrderValue,public,void,set_remainingQty,double,value,676660
EquityOrderValue,public,void,set_replaceable,bool,value,677252
EquityOrderValue,public,void,set_sideDescEn,string,value,676532
EquityOrderValue,public,void,set_sideDescTr,string,value,676516
EquityOrderValue,public,void,set_sideId,string,value,676500
EquityOrderValue,public,void,set_timeInForceDesEn,string,value,676484
EquityOrderValue,public,void,set_timeInForceDescTr,string,value,676468
EquityOrderValue,public,void,set_timeInForceId,string,value,676452
EquityOrderValue,public,void,set_tradingSessionId,object,value,677284
EquityOrderValue,public,void,set_triggerOrder,bool,value,677028
EquityOrderValue,public,void,set_triggerPrice,double,value,677204
EquityOrderValue,public,void,set_triggerPriceDirectionDescEn,object,value,677172
EquityOrderValue,public,void,set_triggerPriceDirectionDescTr,object,value,677156
EquityOrderValue,public,void,set_triggerPriceDirectionId,string,value,677140
EquityOrderValue,public,void,set_triggerPriceTypeDescEn,object,value,677124
EquityOrderValue,public,void,set_triggerPriceTypeDescTr,object,value,677108
EquityOrderValue,public,void,set_triggerPriceTypeId,string,value,677092
EquityOrderValue,public,void,set_triggerSymbol,string,value,677188
EquityOrderValue,public,void,set_triggerTypeDescEn,object,value,677076
EquityOrderValue,public,void,set_triggerTypeDescTr,object,value,677060
EquityOrderValue,public,void,set_triggerTypeId,string,value,677044
EquityOrderValue,public,void,set_triggerWorking,bool,value,677220
EquityOrderValue,public,void,set_valueDate,long,value,676788
EquityOrderValue,public,void,set_valueDateStr,string,value,676804
EquityPosition,public,void,.ctor,,,672240
EquityPosition,public,object,get_errorCode,,,672176
EquityPosition,public,object,get_errorDescription,,,672192
EquityPosition,public,bool,get_ok,,,672160
EquityPosition,public,string,get_transactionId,,,672208
EquityPosition,public,class EquityValue[],get_value,,,672224
EquityPosition,public,void,set_errorCode,object,value,672184
EquityPosition,public,void,set_errorDescription,object,value,672200
EquityPosition,public,void,set_ok,bool,value,672168
EquityPosition,public,void,set_transactionId,string,value,672216
EquityPosition,public,void,set_value,class EquityValue[],value,672232
EquityReplaceOrder,public,void,.ctor,,,677488
EquityReplaceOrder,public,string,get_clOrdId,,,677392
EquityReplaceOrder,public,object,get_errorCode,,,677312
EquityReplaceOrder,public,object,get_errorDescription,,,677328
EquityReplaceOrder,public,bool,get_ok,,,677360
EquityReplaceOrder,public,string,get_orderId,,,677376
EquityReplaceOrder,public,float,get_price,,,677440
EquityReplaceOrder,public,int,get_qty,,,677408
EquityReplaceOrder,public,string,get_timeInForceId,,,677424
EquityReplaceOrder,public,string,get_token,,,677456
EquityReplaceOrder,public,long,get_tokenVersion,,,677472
EquityReplaceOrder,public,string,get_transactionId,,,677344
EquityReplaceOrder,public,void,set_clOrdId,string,value,677400
EquityReplaceOrder,public,void,set_errorCode,object,value,677320
EquityReplaceOrder,public,void,set_errorDescription,object,value,677336
EquityReplaceOrder,public,void,set_ok,bool,value,677368
EquityReplaceOrder,public,void,set_orderId,string,value,677384
EquityReplaceOrder,public,void,set_price,float,value,677448
EquityReplaceOrder,public,void,set_qty,int,value,677416
EquityReplaceOrder,public,void,set_timeInForceId,string,value,677432
EquityReplaceOrder,public,void,set_token,string,value,677464
EquityReplaceOrder,public,void,set_tokenVersion,long,value,677480
EquityReplaceOrder,public,void,set_transactionId,string,value,677352
EquityValue,public,string,get_accountId,,,672260
EquityValue,public,double,get_avgPrice,,,672404
EquityValue,public,double,get_lastPrice,,,672420
EquityValue,public,void,set_accountId,string,value,672268
EquityValue,public,void,set_avgPrice,double,value,672412
EquityValue,public,void,set_lastPrice,double,value,672428
ExchangeInformationFilter,public,string,get_maxPrice,,,701340
ExchangeInformationFilter,public,string,get_maxPrice,,,706052
ExchangeInformationFilter,public,string,get_minPrice,,,701324
ExchangeInformationFilter,public,string,get_minPrice,,,706036
ExchangeInformationFilter,public,void,set_maxPrice,string,value,701348
ExchangeInformationFilter,public,void,set_maxPrice,string,value,706060
ExchangeInformationFilter,public,void,set_minPrice,string,value,701332
ExchangeInformationFilter,public,void,set_minPrice,string,value,706044
ExchangeInformationSymbol,public,System.Collections.Generic.List`1<string>,get_orderTypes,,,702104
ExchangeInformationSymbol,public,System.Collections.Generic.List`1<string>,get_orderTypes,,,706816
ExchangeInformationSymbol,public,long,get_pricePrecision,,,701928
ExchangeInformationSymbol,public,long,get_pricePrecision,,,706640
ExchangeInformationSymbol,public,void,set_orderTypes,System.Collections.Generic.List`1<string>,value,702112
ExchangeInformationSymbol,public,void,set_orderTypes,System.Collections.Generic.List`1<string>,value,706824
ExchangeInformationSymbol,public,void,set_pricePrecision,long,value,701936
ExchangeInformationSymbol,public,void,set_pricePrecision,long,value,706648
Filter,public,int,get_avgPriceMins,,,517836
Filter,public,int,get_maxNumAlgoOrders,,,517964
Filter,public,int,get_maxNumOrders,,,517948
Filter,public,string,get_maxPosition,,,517980
Filter,public,string,get_maxPrice,,,517772
Filter,public,string,get_minPrice,,,517756
Filter,public,void,set_avgPriceMins,int,value,517844
Filter,public,void,set_maxNumAlgoOrders,int,value,517972
Filter,public,void,set_maxNumOrders,int,value,517956
Filter,public,void,set_maxPosition,string,value,517988
Filter,public,void,set_maxPrice,string,value,517780
Filter,public,void,set_minPrice,string,value,517764
FonAlSatData,public,float,get_FIYAT,,,689600
FonAlSatData,public,int,get_FIYAT_MARJ_ORANI,,,689780
FonAlSatData,public,int,get_HESAPLANAN_MIKTAR,,,689732
FonAlSatData,public,float,get_HESAPLANAN_TUTAR,,,689748
FonAlSatData,public,int,get_IHBAR_SYS_NO,,,689764
FonAlSatData,public,valuetype System.DateTime,get_TAKAS_TARIHI,,,689664
FonAlSatData,public,void,set_FIYAT,float,value,689608
FonAlSatData,public,void,set_FIYAT_MARJ_ORANI,int,value,689788
FonAlSatData,public,void,set_HESAPLANAN_MIKTAR,int,value,689740
FonAlSatData,public,void,set_HESAPLANAN_TUTAR,float,value,689756
FonAlSatData,public,void,set_IHBAR_SYS_NO,int,value,689772
FonAlSatData,public,void,set_TAKAS_TARIHI,valuetype System.DateTime,value,689676
FonAlimListesiList,public,float,get_alisFiyat,,,690872
FonAlimListesiList,public,string,get_imkbKodu,,,690808
FonAlimListesiList,public,float,get_satisFiyat,,,690888
FonAlimListesiList,public,void,set_alisFiyat,float,value,690880
FonAlimListesiList,public,void,set_imkbKodu,string,value,690816
FonAlimListesiList,public,void,set_satisFiyat,float,value,690896
FonPosition,public,void,.ctor,,,679096
FonPosition,public,object,get_errorCode,,,679032
FonPosition,public,object,get_errorDescription,,,679048
FonPosition,public,bool,get_ok,,,679016
FonPosition,public,string,get_transactionId,,,679064
FonPosition,public,class FonPositionValue[],get_value,,,679080
FonPosition,public,void,set_errorCode,object,value,679040
FonPosition,public,void,set_errorDescription,object,value,679056
FonPosition,public,void,set_ok,bool,value,679024
FonPosition,public,void,set_transactionId,string,value,679072
FonPosition,public,void,set_value,class FonPositionValue[],value,679088
FonPositionRecord,public,void,.ctor,,,545152
FonPositionValue,public,void,.ctor,,,679468
FonPositionValue,public,string,get_accountId,,,679116
FonPositionValue,public,int,get_assetCoef,,,679356
FonPositionValue,public,float,get_avgPrice,,,679276
FonPositionValue,public,float,get_balanceT,,,679196
FonPositionValue,public,float,get_balanceT1,,,679212
FonPositionValue,public,float,get_balanceT2,,,679228
FonPositionValue,public,float,get_balanceT3,,,679244
FonPositionValue,public,float,get_currentAmount,,,679308
FonPositionValue,public,float,get_currentAmountT2,,,679324
FonPositionValue,public,string,get_depotCode,,,679148
FonPositionValue,public,string,get_depotDescription,,,679164
FonPositionValue,public,float,get_dpAmount,,,679420
FonPositionValue,public,string,get_dpPosKey,,,679436
FonPositionValue,public,float,get_dpProfitLoss,,,679404
FonPositionValue,public,string,get_fundName,,,679452
FonPositionValue,public,long,get_lastChange,,,679388
FonPositionValue,public,float,get_lastPrice,,,679292
FonPositionValue,public,float,get_profitLoss,,,679340
FonPositionValue,public,int,get_secId,,,679132
FonPositionValue,public,int,get_sellCoef,,,679372
FonPositionValue,public,string,get_uniqueSymbol,,,679180
FonPositionValue,public,float,get_useableQty,,,679260
FonPositionValue,public,void,set_accountId,string,value,679124
FonPositionValue,public,void,set_assetCoef,int,value,679364
FonPositionValue,public,void,set_avgPrice,float,value,679284
FonPositionValue,public,void,set_balanceT,float,value,679204
FonPositionValue,public,void,set_balanceT1,float,value,679220
FonPositionValue,public,void,set_balanceT2,float,value,679236
FonPositionValue,public,void,set_balanceT3,float,value,679252
FonPositionValue,public,void,set_currentAmount,float,value,679316
FonPositionValue,public,void,set_currentAmountT2,float,value,679332
FonPositionValue,public,void,set_depotCode,string,value,679156
FonPositionValue,public,void,set_depotDescription,string,value,679172
FonPositionValue,public,void,set_dpAmount,float,value,679428
FonPositionValue,public,void,set_dpPosKey,string,value,679444
FonPositionValue,public,void,set_dpProfitLoss,float,value,679412
FonPositionValue,public,void,set_fundName,string,value,679460
FonPositionValue,public,void,set_lastChange,long,value,679396
FonPositionValue,public,void,set_lastPrice,float,value,679300
FonPositionValue,public,void,set_profitLoss,float,value,679348
FonPositionValue,public,void,set_secId,int,value,679140
FonPositionValue,public,void,set_sellCoef,int,value,679380
FonPositionValue,public,void,set_uniqueSymbol,string,value,679188
FonPositionValue,public,void,set_useableQty,float,value,679268
FonSatimListList,public,string,get_imkbKodu,,,690344
FonSatimListList,public,float,get_satisFiyat,,,690328
FonSatimListList,public,void,set_imkbKodu,string,value,690352
FonSatimListList,public,void,set_satisFiyat,float,value,690336
FonTalepListesiList,public,string,get_emir,,,691532
FonTalepListesiList,public,float,get_fiyat,,,691564
FonTalepListesiList,public,string,get_imkbKodu,,,691484
FonTalepListesiList,public,void,set_emir,string,value,691540
FonTalepListesiList,public,void,set_fiyat,float,value,691572
FonTalepListesiList,public,void,set_imkbKodu,string,value,691492
FutOptCancelOrder,public,void,.ctor,,,678996
FutOptCancelOrder,public,string,get_clOrdId,,,678948
FutOptCancelOrder,public,string,get_orderId,,,678932
FutOptCancelOrder,public,string,get_token,,,678964
FutOptCancelOrder,public,long,get_tokenVersion,,,678980
FutOptCancelOrder,public,void,set_clOrdId,string,value,678956
FutOptCancelOrder,public,void,set_orderId,string,value,678940
FutOptCancelOrder,public,void,set_token,string,value,678972
FutOptCancelOrder,public,void,set_tokenVersion,long,value,678988
FutOptOrder,public,void,.ctor,,,677672
FutOptOrder,public,object,get_errorCode,,,677608
FutOptOrder,public,object,get_errorDescription,,,677624
FutOptOrder,public,bool,get_ok,,,677592
FutOptOrder,public,string,get_transactionId,,,677640
FutOptOrder,public,class FutOptOrderValue[],get_value,,,677656
FutOptOrder,public,void,set_errorCode,object,value,677616
FutOptOrder,public,void,set_errorDescription,object,value,677632
FutOptOrder,public,void,set_ok,bool,value,677600
FutOptOrder,public,void,set_transactionId,string,value,677648
FutOptOrder,public,void,set_value,class FutOptOrderValue[],value,677664
FutOptOrderValue,public,void,.ctor,,,678700
FutOptOrderValue,public,string,get_accountId,,,677740
FutOptOrderValue,public,float,get_avgPrice,,,678044
FutOptOrderValue,public,bool,get_cancelable,,,678636
FutOptOrderValue,public,bool,get_chainOrder,,,678396
FutOptOrderValue,public,bool,get_chainable,,,678668
FutOptOrderValue,public,string,get_clOrdId,,,677708
FutOptOrderValue,public,string,get_createdByName,,,678252
FutOptOrderValue,public,long,get_createdDate,,,678220
FutOptOrderValue,public,string,get_createdDateStr,,,678236
FutOptOrderValue,public,string,get_description,,,678300
FutOptOrderValue,public,long,get_endDate,,,678268
FutOptOrderValue,public,string,get_endDateStr,,,678284
FutOptOrderValue,public,string,get_instrumentId,,,677756
FutOptOrderValue,public,string,get_instrumentSymbol,,,677772
FutOptOrderValue,public,string,get_instrumentType,,,677788
FutOptOrderValue,public,long,get_lastRealizeTime,,,678348
FutOptOrderValue,public,string,get_lastRealizeTimeStr,,,678364
FutOptOrderValue,public,string,get_lastUpdateByName,,,678380
FutOptOrderValue,public,long,get_lastUpdateTime,,,678316
FutOptOrderValue,public,string,get_lastUpdateTimeStr,,,678332
FutOptOrderValue,public,float,get_maxFloor,,,678108
FutOptOrderValue,public,string,get_orderId,,,677692
FutOptOrderValue,public,string,get_orderReference,,,677996
FutOptOrderValue,public,string,get_orderStatusDescEn,,,677980
FutOptOrderValue,public,string,get_orderStatusDescTr,,,677964
FutOptOrderValue,public,string,get_orderStatusId,,,677948
FutOptOrderValue,public,string,get_orderTypeDescEn,,,677836
FutOptOrderValue,public,string,get_orderTypeDescTr,,,677820
FutOptOrderValue,public,string,get_orderTypeId,,,677804
FutOptOrderValue,public,string,get_origClOrdId,,,677724
FutOptOrderValue,public,string,get_parentOrderId,,,678412
FutOptOrderValue,public,string,get_pendingClOrdId,,,678124
FutOptOrderValue,public,float,get_pendingPrice,,,678140
FutOptOrderValue,public,float,get_pendingQty,,,678156
FutOptOrderValue,public,string,get_pendingTimeInForceId,,,678172
FutOptOrderValue,public,float,get_price,,,678012
FutOptOrderValue,public,float,get_qty,,,678028
FutOptOrderValue,public,float,get_realizedAmt,,,678092
FutOptOrderValue,public,float,get_realizedQty,,,678076
FutOptOrderValue,public,float,get_remainingQty,,,678060
FutOptOrderValue,public,bool,get_replaceable,,,678652
FutOptOrderValue,public,string,get_sideDescEn,,,677932
FutOptOrderValue,public,string,get_sideDescTr,,,677916
FutOptOrderValue,public,string,get_sideId,,,677900
FutOptOrderValue,public,string,get_timeInForceDesEn,,,677884
FutOptOrderValue,public,string,get_timeInForceDescTr,,,677868
FutOptOrderValue,public,string,get_timeInForceId,,,677852
FutOptOrderValue,public,string,get_tradingSessionId,,,678684
FutOptOrderValue,public,bool,get_triggerOrder,,,678428
FutOptOrderValue,public,float,get_triggerPrice,,,678604
FutOptOrderValue,public,object,get_triggerPriceDirectionDescEn,,,678572
FutOptOrderValue,public,object,get_triggerPriceDirectionDescTr,,,678556
FutOptOrderValue,public,string,get_triggerPriceDirectionId,,,678540
FutOptOrderValue,public,object,get_triggerPriceTypeDescEn,,,678524
FutOptOrderValue,public,object,get_triggerPriceTypeDescTr,,,678508
FutOptOrderValue,public,string,get_triggerPriceTypeId,,,678492
FutOptOrderValue,public,string,get_triggerSymbol,,,678588
FutOptOrderValue,public,object,get_triggerTypeDescEn,,,678476
FutOptOrderValue,public,object,get_triggerTypeDescTr,,,678460
FutOptOrderValue,public,string,get_triggerTypeId,,,678444
FutOptOrderValue,public,bool,get_triggerWorking,,,678620
FutOptOrderValue,public,long,get_valueDate,,,678188
FutOptOrderValue,public,string,get_valueDateStr,,,678204
FutOptOrderValue,public,void,set_accountId,string,value,677748
FutOptOrderValue,public,void,set_avgPrice,float,value,678052
FutOptOrderValue,public,void,set_cancelable,bool,value,678644
FutOptOrderValue,public,void,set_chainOrder,bool,value,678404
FutOptOrderValue,public,void,set_chainable,bool,value,678676
FutOptOrderValue,public,void,set_clOrdId,string,value,677716
FutOptOrderValue,public,void,set_createdByName,string,value,678260
FutOptOrderValue,public,void,set_createdDate,long,value,678228
FutOptOrderValue,public,void,set_createdDateStr,string,value,678244
FutOptOrderValue,public,void,set_description,string,value,678308
FutOptOrderValue,public,void,set_endDate,long,value,678276
FutOptOrderValue,public,void,set_endDateStr,string,value,678292
FutOptOrderValue,public,void,set_instrumentId,string,value,677764
FutOptOrderValue,public,void,set_instrumentSymbol,string,value,677780
FutOptOrderValue,public,void,set_instrumentType,string,value,677796
FutOptOrderValue,public,void,set_lastRealizeTime,long,value,678356
FutOptOrderValue,public,void,set_lastRealizeTimeStr,string,value,678372
FutOptOrderValue,public,void,set_lastUpdateByName,string,value,678388
FutOptOrderValue,public,void,set_lastUpdateTime,long,value,678324
FutOptOrderValue,public,void,set_lastUpdateTimeStr,string,value,678340
FutOptOrderValue,public,void,set_maxFloor,float,value,678116
FutOptOrderValue,public,void,set_orderId,string,value,677700
FutOptOrderValue,public,void,set_orderReference,string,value,678004
FutOptOrderValue,public,void,set_orderStatusDescEn,string,value,677988
FutOptOrderValue,public,void,set_orderStatusDescTr,string,value,677972
FutOptOrderValue,public,void,set_orderStatusId,string,value,677956
FutOptOrderValue,public,void,set_orderTypeDescEn,string,value,677844
FutOptOrderValue,public,void,set_orderTypeDescTr,string,value,677828
FutOptOrderValue,public,void,set_orderTypeId,string,value,677812
FutOptOrderValue,public,void,set_origClOrdId,string,value,677732
FutOptOrderValue,public,void,set_parentOrderId,string,value,678420
FutOptOrderValue,public,void,set_pendingClOrdId,string,value,678132
FutOptOrderValue,public,void,set_pendingPrice,float,value,678148
FutOptOrderValue,public,void,set_pendingQty,float,value,678164
FutOptOrderValue,public,void,set_pendingTimeInForceId,string,value,678180
FutOptOrderValue,public,void,set_price,float,value,678020
FutOptOrderValue,public,void,set_qty,float,value,678036
FutOptOrderValue,public,void,set_realizedAmt,float,value,678100
FutOptOrderValue,public,void,set_realizedQty,float,value,678084
FutOptOrderValue,public,void,set_remainingQty,float,value,678068
FutOptOrderValue,public,void,set_replaceable,bool,value,678660
FutOptOrderValue,public,void,set_sideDescEn,string,value,677940
FutOptOrderValue,public,void,set_sideDescTr,string,value,677924
FutOptOrderValue,public,void,set_sideId,string,value,677908
FutOptOrderValue,public,void,set_timeInForceDesEn,string,value,677892
FutOptOrderValue,public,void,set_timeInForceDescTr,string,value,677876
FutOptOrderValue,public,void,set_timeInForceId,string,value,677860
FutOptOrderValue,public,void,set_tradingSessionId,string,value,678692
FutOptOrderValue,public,void,set_triggerOrder,bool,value,678436
FutOptOrderValue,public,void,set_triggerPrice,float,value,678612
FutOptOrderValue,public,void,set_triggerPriceDirectionDescEn,object,value,678580
FutOptOrderValue,public,void,set_triggerPriceDirectionDescTr,object,value,678564
FutOptOrderValue,public,void,set_triggerPriceDirectionId,string,value,678548
FutOptOrderValue,public,void,set_triggerPriceTypeDescEn,object,value,678532
FutOptOrderValue,public,void,set_triggerPriceTypeDescTr,object,value,678516
FutOptOrderValue,public,void,set_triggerPriceTypeId,string,value,678500
FutOptOrderValue,public,void,set_triggerSymbol,string,value,678596
FutOptOrderValue,public,void,set_triggerTypeDescEn,object,value,678484
FutOptOrderValue,public,void,set_triggerTypeDescTr,object,value,678468
FutOptOrderValue,public,void,set_triggerTypeId,string,value,678452
FutOptOrderValue,public,void,set_triggerWorking,bool,value,678628
FutOptOrderValue,public,void,set_valueDate,long,value,678196
FutOptOrderValue,public,void,set_valueDateStr,string,value,678212
FutOptReplaceOrder,public,void,.ctor,,,678912
FutOptReplaceOrder,public,string,get_clOrdId,,,678800
FutOptReplaceOrder,public,string,get_endDate,,,678896
FutOptReplaceOrder,public,object,get_errorCode,,,678720
FutOptReplaceOrder,public,object,get_errorDescription,,,678736
FutOptReplaceOrder,public,bool,get_ok,,,678768
FutOptReplaceOrder,public,string,get_orderId,,,678784
FutOptReplaceOrder,public,double,get_price,,,678848
FutOptReplaceOrder,public,double,get_qty,,,678816
FutOptReplaceOrder,public,string,get_timeInForceId,,,678832
FutOptReplaceOrder,public,string,get_token,,,678864
FutOptReplaceOrder,public,long,get_tokenVersion,,,678880
FutOptReplaceOrder,public,string,get_transactionId,,,678752
FutOptReplaceOrder,public,void,set_clOrdId,string,value,678808
FutOptReplaceOrder,public,void,set_endDate,string,value,678904
FutOptReplaceOrder,public,void,set_errorCode,object,value,678728
FutOptReplaceOrder,public,void,set_errorDescription,object,value,678744
FutOptReplaceOrder,public,void,set_ok,bool,value,678776
FutOptReplaceOrder,public,void,set_orderId,string,value,678792
FutOptReplaceOrder,public,void,set_price,double,value,678856
FutOptReplaceOrder,public,void,set_qty,double,value,678824
FutOptReplaceOrder,public,void,set_timeInForceId,string,value,678840
FutOptReplaceOrder,public,void,set_token,string,value,678872
FutOptReplaceOrder,public,void,set_tokenVersion,long,value,678888
FutOptReplaceOrder,public,void,set_transactionId,string,value,678760
FutOptValue,public,string,get_accountId,,,672732
FutOptValue,public,float,get_lastPrice,,,672892
FutOptValue,public,void,set_accountId,string,value,672740
FutOptValue,public,void,set_lastPrice,float,value,672900
GetAccounts,public,void,.ctor,,,520984
GetAccountsResponse,public,void,.ctor,,,521020
GetAccountsResponse,public,string,get_Account,,,521004
GetAccountsResponse,public,void,set_Account,string,value,521012
GetOrder,public,void,.ctor,,,520844
GetOrder,public,int,get_Id,,,520828
GetOrder,public,void,set_Id,int,value,520836
GetOrders,public,void,.ctor,,,520928
GetOrders,public,string,get_EndDate,,,520912
GetOrders,public,System.Nullable`1<int>,get_Page,,,520864
GetOrders,public,System.Nullable`1<int>,get_PageSize,,,520880
GetOrders,public,string,get_StartDate,,,520896
GetOrders,public,void,set_EndDate,string,value,520920
GetOrders,public,void,set_Page,System.Nullable`1<int>,value,520872
GetOrders,public,void,set_PageSize,System.Nullable`1<int>,value,520888
GetOrders,public,void,set_StartDate,string,value,520904
Getchartdata,public,void,.ctor,,,523216
Getchartdata,public,double,get_close,,,523184
Getchartdata,public,double,get_high,,,523152
Getchartdata,public,double,get_low,,,523168
Getchartdata,public,double,get_open,,,523136
Getchartdata,public,long,get_ts,,,523120
Getchartdata,public,double,get_volume,,,523200
Getchartdata,public,void,set_close,double,value,523192
Getchartdata,public,void,set_high,double,value,523160
Getchartdata,public,void,set_low,double,value,523176
Getchartdata,public,void,set_open,double,value,523144
Getchartdata,public,void,set_ts,long,value,523128
Getchartdata,public,void,set_volume,double,value,523208
HacimRec1,public,void,.ctor,,,648532
HesapClass,public,void,.ctor,,,631216
HesapListesi,public,void,.ctor,,,680688
HesapListesi,public,class HesapListesiData,get_data,,,680624
HesapListesi,public,object,get_message,,,680656
HesapListesi,public,int,get_statusCode,,,680672
HesapListesi,public,bool,get_success,,,680640
HesapListesi,public,void,set_data,class HesapListesiData,value,680632
HesapListesi,public,void,set_message,object,value,680664
HesapListesi,public,void,set_statusCode,int,value,680680
HesapListesi,public,void,set_success,bool,value,680648
HesapListesiData,public,void,.ctor,,,680852
HesapListesiData,public,string,get_ADI,,,680708
HesapListesiData,public,int,get_AltPazarRBF,,,680756
HesapListesiData,public,int,get_OTOMATIK_ALIM_SATIM_SZL,,,680772
HesapListesiData,public,int,get_ReturnValue,,,680804
HesapListesiData,public,string,get_SOYADI,,,680724
HesapListesiData,public,int,get_VERI_DAGITIM_OZEL_EKRAN,,,680788
HesapListesiData,public,int,get_VirmanliSatisButonu,,,680740
HesapListesiData,public,string,get_errorMessage,,,680820
HesapListesiData,public,int,get_errorUniqueCode,,,680836
HesapListesiData,public,void,set_ADI,string,value,680716
HesapListesiData,public,void,set_AltPazarRBF,int,value,680764
HesapListesiData,public,void,set_OTOMATIK_ALIM_SATIM_SZL,int,value,680780
HesapListesiData,public,void,set_ReturnValue,int,value,680812
HesapListesiData,public,void,set_SOYADI,string,value,680732
HesapListesiData,public,void,set_VERI_DAGITIM_OZEL_EKRAN,int,value,680796
HesapListesiData,public,void,set_VirmanliSatisButonu,int,value,680748
HesapListesiData,public,void,set_errorMessage,string,value,680828
HesapListesiData,public,void,set_errorUniqueCode,int,value,680844
HisseAnalizIndicatorClass,public,void,.ctor,,,637648
HisseAnalizIndicatorClass,public,System.Collections.Generic.List`1<class HisseAnalizIndicatorClass>,CloneIndicator,System.Collections.Generic.List`1<class HisseAnalizIndicatorClass>,indicatorX,637580
HissePortfolioData,public,void,.ctor,,,681008
HissePortfolioData,public,class List[],get_list,,,680992
HissePortfolioData,public,void,set_list,class List[],value,681000
HissePortfolioReq,public,void,.ctor,,,680888
HissePortfolioReq,public,int,get_anlikBakiye,,,680872
HissePortfolioReq,public,void,set_anlikBakiye,int,value,680880
HissePortfolioResponse,public,void,.ctor,,,680972
HissePortfolioResponse,public,class HissePortfolioData,get_data,,,680908
HissePortfolioResponse,public,object,get_message,,,680940
HissePortfolioResponse,public,int,get_statusCode,,,680956
HissePortfolioResponse,public,bool,get_success,,,680924
HissePortfolioResponse,public,void,set_data,class HissePortfolioData,value,680916
HissePortfolioResponse,public,void,set_message,object,value,680948
HissePortfolioResponse,public,void,set_statusCode,int,value,680964
HissePortfolioResponse,public,void,set_success,bool,value,680932
HisseSummary2Value,public,string,get_accountId,,,674064
HisseSummary2Value,public,double,get_accountshortSellLimit,,,674128
HisseSummary2Value,public,void,set_accountId,string,value,674072
HisseSummary2Value,public,void,set_accountshortSellLimit,double,value,674136
HisseSummaryValue,public,class Accounttotals,get_accountTotals,,,673504
HisseSummaryValue,public,class Cashpositionlist[],get_cashPositionList,,,673520
HisseSummaryValue,public,void,set_accountTotals,class Accounttotals,value,673512
HisseSummaryValue,public,void,set_cashPositionList,class Cashpositionlist[],value,673528
ImkbOrderRecord,public,void,.ctor,,,544664
ImkbOrderRecord,public,string,get_OrderNoString,,,544648
ImkbPositionRecord,public,void,.ctor,,,544564
ImkbPositionRecord,public,double,get_Profit,,,544500
ImkbPositionRecord,public,double,get_ProfitYuzde,,,544524
ImkbPositionRecord,public,double,get_TotalTL,,,544548
ImkbPositionRecord,public,void,set_Profit,double,value,544516
ImkbPositionRecord,public,void,set_ProfitYuzde,double,value,544540
ImkbStatementRecord,public,void,.ctor,,,544796
ImkbTransactionReport,public,void,.ctor,,,544592
ImkbVolume,public,void,.ctor,,,525252
ImkbVolume,public,void,Write,,,525136
ImkbWaitingRecord,public,void,.ctor,,,544692
KurumHacimRecord,public,void,.ctor,,,648224
KurumHacimRecord,public,void,.ctor,,,664088
KurumRec1,public,void,.ctor,,,648560
KurumRecord,public,void,.ctor,,,543216
Line,public,float,GetImkbVolume,,,535728
MusteriHesapOzetiData,public,void,.ctor,,,685024
MusteriHesapOzetiData,public,class Menkulkiymet[],get_menkulKiymet,,,684960
MusteriHesapOzetiData,public,class Menkulkiymetturklirasi[],get_menkulKiymetTurkLirasi,,,684976
MusteriHesapOzetiData,public,class Toplamoverall[],get_toplamOverall,,,684992
MusteriHesapOzetiData,public,class ViopPozisyon[],get_viopPozisyon,,,685008
MusteriHesapOzetiData,public,void,set_menkulKiymet,class Menkulkiymet[],value,684968
MusteriHesapOzetiData,public,void,set_menkulKiymetTurkLirasi,class Menkulkiymetturklirasi[],value,684984
MusteriHesapOzetiData,public,void,set_toplamOverall,class Toplamoverall[],value,685000
MusteriHesapOzetiData,public,void,set_viopPozisyon,class ViopPozisyon[],value,685016
MusteriHesapOzetiReq,public,void,.ctor,,,684856
MusteriHesapOzetiReq,public,string,get_tarih,,,684840
MusteriHesapOzetiReq,public,void,set_tarih,string,value,684848
MusteriHesapOzetiResponse,public,void,.ctor,,,684940
MusteriHesapOzetiResponse,public,class MusteriHesapOzetiData,get_data,,,684876
MusteriHesapOzetiResponse,public,object,get_message,,,684908
MusteriHesapOzetiResponse,public,int,get_statusCode,,,684924
MusteriHesapOzetiResponse,public,bool,get_success,,,684892
MusteriHesapOzetiResponse,public,void,set_data,class MusteriHesapOzetiData,value,684884
MusteriHesapOzetiResponse,public,void,set_message,object,value,684916
MusteriHesapOzetiResponse,public,void,set_statusCode,int,value,684932
MusteriHesapOzetiResponse,public,void,set_success,bool,value,684900
NewOrder,public,void,.ctor,,,520364
NewOrder,public,string,get_Account,,,520300
NewOrder,public,System.Nullable`1<valuetype ideal.AccountType>,get_AccountType,,,520316
NewOrder,public,bool,get_OffHoursTrading,,,520348
NewOrder,public,System.Nullable`1<valuetype ideal.OrderCapacity>,get_OrderCapacity,,,520284
NewOrder,public,valuetype ideal.OrderSide,get_OrderSide,,,520244
NewOrder,public,valuetype ideal.OrderType,get_OrderType,,,520224
NewOrder,public,string,get_OrderUuid,,,520176
NewOrder,public,System.Nullable`1<double>,get_Price,,,520332
NewOrder,public,double,get_Quantity,,,520208
NewOrder,public,string,get_Symbol,,,520192
NewOrder,public,valuetype ideal.TimeInForce,get_TimeInForce,,,520264
NewOrder,public,void,set_Account,string,value,520308
NewOrder,public,void,set_AccountType,System.Nullable`1<valuetype ideal.AccountType>,value,520324
NewOrder,public,void,set_OffHoursTrading,bool,value,520356
NewOrder,public,void,set_OrderCapacity,System.Nullable`1<valuetype ideal.OrderCapacity>,value,520292
NewOrder,public,void,set_OrderSide,valuetype ideal.OrderSide,value,520256
NewOrder,public,void,set_OrderType,valuetype ideal.OrderType,value,520236
NewOrder,public,void,set_OrderUuid,string,value,520184
NewOrder,public,void,set_Price,System.Nullable`1<double>,value,520340
NewOrder,public,void,set_Quantity,double,value,520216
NewOrder,public,void,set_Symbol,string,value,520200
NewOrder,public,void,set_TimeInForce,valuetype ideal.TimeInForce,value,520276
NewOrderResult,public,void,.ctor,,,705144
NewOrderResult,public,void,.ctor,,,709816
NewOrderResult,public,string,get_avgPrice,,,704888
NewOrderResult,public,string,get_avgPrice,,,709560
NewOrderResult,public,string,get_clientOrderId,,,704856
NewOrderResult,public,string,get_clientOrderId,,,709528
NewOrderResult,public,bool,get_closePosition,,,705016
NewOrderResult,public,bool,get_closePosition,,,709688
NewOrderResult,public,string,get_cumQty,,,704936
NewOrderResult,public,string,get_cumQty,,,709608
NewOrderResult,public,string,get_cumQuote,,,704952
NewOrderResult,public,string,get_cumQuote,,,709624
NewOrderResult,public,string,get_executedQty,,,704920
NewOrderResult,public,string,get_executedQty,,,709592
NewOrderResult,public,long,get_orderId,,,704808
NewOrderResult,public,long,get_orderId,,,709480
NewOrderResult,public,string,get_origQty,,,704904
NewOrderResult,public,string,get_origQty,,,709576
NewOrderResult,public,string,get_origType,,,705112
NewOrderResult,public,string,get_origType,,,709784
NewOrderResult,public,string,get_positionSide,,,705048
NewOrderResult,public,string,get_positionSide,,,709720
NewOrderResult,public,string,get_price,,,704872
NewOrderResult,public,string,get_price,,,709544
NewOrderResult,public,bool,get_priceProtect,,,705096
NewOrderResult,public,bool,get_priceProtect,,,709768
NewOrderResult,public,bool,get_reduceOnly,,,705000
NewOrderResult,public,bool,get_reduceOnly,,,709672
NewOrderResult,public,string,get_side,,,705032
NewOrderResult,public,string,get_side,,,709704
NewOrderResult,public,string,get_status,,,704840
NewOrderResult,public,string,get_status,,,709512
NewOrderResult,public,string,get_stopPrice,,,705064
NewOrderResult,public,string,get_stopPrice,,,709736
NewOrderResult,public,string,get_symbol,,,704824
NewOrderResult,public,string,get_symbol,,,709496
NewOrderResult,public,string,get_timeInForce,,,704968
NewOrderResult,public,string,get_timeInForce,,,709640
NewOrderResult,public,string,get_type,,,704984
NewOrderResult,public,string,get_type,,,709656
NewOrderResult,public,long,get_updateTime,,,705128
NewOrderResult,public,long,get_updateTime,,,709800
NewOrderResult,public,string,get_workingType,,,705080
NewOrderResult,public,string,get_workingType,,,709752
NewOrderResult,public,void,set_avgPrice,string,value,704896
NewOrderResult,public,void,set_avgPrice,string,value,709568
NewOrderResult,public,void,set_clientOrderId,string,value,704864
NewOrderResult,public,void,set_clientOrderId,string,value,709536
NewOrderResult,public,void,set_closePosition,bool,value,705024
NewOrderResult,public,void,set_closePosition,bool,value,709696
NewOrderResult,public,void,set_cumQty,string,value,704944
NewOrderResult,public,void,set_cumQty,string,value,709616
NewOrderResult,public,void,set_cumQuote,string,value,704960
NewOrderResult,public,void,set_cumQuote,string,value,709632
NewOrderResult,public,void,set_executedQty,string,value,704928
NewOrderResult,public,void,set_executedQty,string,value,709600
NewOrderResult,public,void,set_orderId,long,value,704816
NewOrderResult,public,void,set_orderId,long,value,709488
NewOrderResult,public,void,set_origQty,string,value,704912
NewOrderResult,public,void,set_origQty,string,value,709584
NewOrderResult,public,void,set_origType,string,value,705120
NewOrderResult,public,void,set_origType,string,value,709792
NewOrderResult,public,void,set_positionSide,string,value,705056
NewOrderResult,public,void,set_positionSide,string,value,709728
NewOrderResult,public,void,set_price,string,value,704880
NewOrderResult,public,void,set_price,string,value,709552
NewOrderResult,public,void,set_priceProtect,bool,value,705104
NewOrderResult,public,void,set_priceProtect,bool,value,709776
NewOrderResult,public,void,set_reduceOnly,bool,value,705008
NewOrderResult,public,void,set_reduceOnly,bool,value,709680
NewOrderResult,public,void,set_side,string,value,705040
NewOrderResult,public,void,set_side,string,value,709712
NewOrderResult,public,void,set_status,string,value,704848
NewOrderResult,public,void,set_status,string,value,709520
NewOrderResult,public,void,set_stopPrice,string,value,705072
NewOrderResult,public,void,set_stopPrice,string,value,709744
NewOrderResult,public,void,set_symbol,string,value,704832
NewOrderResult,public,void,set_symbol,string,value,709504
NewOrderResult,public,void,set_timeInForce,string,value,704976
NewOrderResult,public,void,set_timeInForce,string,value,709648
NewOrderResult,public,void,set_type,string,value,704992
NewOrderResult,public,void,set_type,string,value,709664
NewOrderResult,public,void,set_updateTime,long,value,705136
NewOrderResult,public,void,set_updateTime,long,value,709808
NewOrderResult,public,void,set_workingType,string,value,705088
NewOrderResult,public,void,set_workingType,string,value,709760
OpenOrder,public,void,.ctor,,,703824
OpenOrder,public,void,.ctor,,,708476
OpenOrder,public,string,get_avgPrice,,,703568
OpenOrder,public,string,get_avgPrice,,,708220
OpenOrder,public,string,get_clientOrderId,,,703536
OpenOrder,public,string,get_clientOrderId,,,708188
OpenOrder,public,bool,get_closePosition,,,703680
OpenOrder,public,bool,get_closePosition,,,708332
OpenOrder,public,string,get_cumQuote,,,703616
OpenOrder,public,string,get_cumQuote,,,708268
OpenOrder,public,string,get_executedQty,,,703600
OpenOrder,public,string,get_executedQty,,,708252
OpenOrder,public,long,get_orderId,,,703488
OpenOrder,public,long,get_orderId,,,708140
OpenOrder,public,string,get_origQty,,,703584
OpenOrder,public,string,get_origQty,,,708236
OpenOrder,public,string,get_origType,,,703776
OpenOrder,public,string,get_origType,,,708428
OpenOrder,public,string,get_positionSide,,,703712
OpenOrder,public,string,get_positionSide,,,708364
OpenOrder,public,string,get_price,,,703552
OpenOrder,public,string,get_price,,,708204
OpenOrder,public,bool,get_priceProtect,,,703760
OpenOrder,public,bool,get_priceProtect,,,708412
OpenOrder,public,bool,get_reduceOnly,,,703664
OpenOrder,public,bool,get_reduceOnly,,,708316
OpenOrder,public,string,get_side,,,703696
OpenOrder,public,string,get_side,,,708348
OpenOrder,public,string,get_status,,,703520
OpenOrder,public,string,get_status,,,708172
OpenOrder,public,string,get_stopPrice,,,703728
OpenOrder,public,string,get_stopPrice,,,708380
OpenOrder,public,string,get_symbol,,,703504
OpenOrder,public,string,get_symbol,,,708156
OpenOrder,public,long,get_time,,,703792
OpenOrder,public,long,get_time,,,708444
OpenOrder,public,string,get_timeInForce,,,703632
OpenOrder,public,string,get_timeInForce,,,708284
OpenOrder,public,string,get_type,,,703648
OpenOrder,public,string,get_type,,,708300
OpenOrder,public,long,get_updateTime,,,703808
OpenOrder,public,long,get_updateTime,,,708460
OpenOrder,public,string,get_workingType,,,703744
OpenOrder,public,string,get_workingType,,,708396
OpenOrder,public,void,set_avgPrice,string,value,703576
OpenOrder,public,void,set_avgPrice,string,value,708228
OpenOrder,public,void,set_clientOrderId,string,value,703544
OpenOrder,public,void,set_clientOrderId,string,value,708196
OpenOrder,public,void,set_closePosition,bool,value,703688
OpenOrder,public,void,set_closePosition,bool,value,708340
OpenOrder,public,void,set_cumQuote,string,value,703624
OpenOrder,public,void,set_cumQuote,string,value,708276
OpenOrder,public,void,set_executedQty,string,value,703608
OpenOrder,public,void,set_executedQty,string,value,708260
OpenOrder,public,void,set_orderId,long,value,703496
OpenOrder,public,void,set_orderId,long,value,708148
OpenOrder,public,void,set_origQty,string,value,703592
OpenOrder,public,void,set_origQty,string,value,708244
OpenOrder,public,void,set_origType,string,value,703784
OpenOrder,public,void,set_origType,string,value,708436
OpenOrder,public,void,set_positionSide,string,value,703720
OpenOrder,public,void,set_positionSide,string,value,708372
OpenOrder,public,void,set_price,string,value,703560
OpenOrder,public,void,set_price,string,value,708212
OpenOrder,public,void,set_priceProtect,bool,value,703768
OpenOrder,public,void,set_priceProtect,bool,value,708420
OpenOrder,public,void,set_reduceOnly,bool,value,703672
OpenOrder,public,void,set_reduceOnly,bool,value,708324
OpenOrder,public,void,set_side,string,value,703704
OpenOrder,public,void,set_side,string,value,708356
OpenOrder,public,void,set_status,string,value,703528
OpenOrder,public,void,set_status,string,value,708180
OpenOrder,public,void,set_stopPrice,string,value,703736
OpenOrder,public,void,set_stopPrice,string,value,708388
OpenOrder,public,void,set_symbol,string,value,703512
OpenOrder,public,void,set_symbol,string,value,708164
OpenOrder,public,void,set_time,long,value,703800
OpenOrder,public,void,set_time,long,value,708452
OpenOrder,public,void,set_timeInForce,string,value,703640
OpenOrder,public,void,set_timeInForce,string,value,708292
OpenOrder,public,void,set_type,string,value,703656
OpenOrder,public,void,set_type,string,value,708308
OpenOrder,public,void,set_updateTime,long,value,703816
OpenOrder,public,void,set_updateTime,long,value,708468
OpenOrder,public,void,set_workingType,string,value,703752
OpenOrder,public,void,set_workingType,string,value,708404
OpenOrderIcry,public,void,.ctor,,,703428
OrderHistory,public,void,.ctor,,,704180
OrderHistory,public,void,.ctor,,,708832
OrderHistory,public,string,get_avgPrice,,,703924
OrderHistory,public,string,get_avgPrice,,,708576
OrderHistory,public,string,get_clientOrderId,,,703892
OrderHistory,public,string,get_clientOrderId,,,708544
OrderHistory,public,bool,get_closePosition,,,704036
OrderHistory,public,bool,get_closePosition,,,708688
OrderHistory,public,string,get_cumQuote,,,703972
OrderHistory,public,string,get_cumQuote,,,708624
OrderHistory,public,string,get_executedQty,,,703956
OrderHistory,public,string,get_executedQty,,,708608
OrderHistory,public,object,get_orderId,,,703844
OrderHistory,public,object,get_orderId,,,708496
OrderHistory,public,string,get_origQty,,,703940
OrderHistory,public,string,get_origQty,,,708592
OrderHistory,public,string,get_origType,,,704132
OrderHistory,public,string,get_origType,,,708784
OrderHistory,public,string,get_positionSide,,,704068
OrderHistory,public,string,get_positionSide,,,708720
OrderHistory,public,string,get_price,,,703908
OrderHistory,public,string,get_price,,,708560
OrderHistory,public,bool,get_priceProtect,,,704116
OrderHistory,public,bool,get_priceProtect,,,708768
OrderHistory,public,bool,get_reduceOnly,,,704020
OrderHistory,public,bool,get_reduceOnly,,,708672
OrderHistory,public,string,get_side,,,704052
OrderHistory,public,string,get_side,,,708704
OrderHistory,public,string,get_status,,,703876
OrderHistory,public,string,get_status,,,708528
OrderHistory,public,string,get_stopPrice,,,704084
OrderHistory,public,string,get_stopPrice,,,708736
OrderHistory,public,string,get_symbol,,,703860
OrderHistory,public,string,get_symbol,,,708512
OrderHistory,public,long,get_time,,,704148
OrderHistory,public,long,get_time,,,708800
OrderHistory,public,string,get_timeInForce,,,703988
OrderHistory,public,string,get_timeInForce,,,708640
OrderHistory,public,string,get_type,,,704004
OrderHistory,public,string,get_type,,,708656
OrderHistory,public,object,get_updateTime,,,704164
OrderHistory,public,object,get_updateTime,,,708816
OrderHistory,public,string,get_workingType,,,704100
OrderHistory,public,string,get_workingType,,,708752
OrderHistory,public,void,set_avgPrice,string,value,703932
OrderHistory,public,void,set_avgPrice,string,value,708584
OrderHistory,public,void,set_clientOrderId,string,value,703900
OrderHistory,public,void,set_clientOrderId,string,value,708552
OrderHistory,public,void,set_closePosition,bool,value,704044
OrderHistory,public,void,set_closePosition,bool,value,708696
OrderHistory,public,void,set_cumQuote,string,value,703980
OrderHistory,public,void,set_cumQuote,string,value,708632
OrderHistory,public,void,set_executedQty,string,value,703964
OrderHistory,public,void,set_executedQty,string,value,708616
OrderHistory,public,void,set_orderId,object,value,703852
OrderHistory,public,void,set_orderId,object,value,708504
OrderHistory,public,void,set_origQty,string,value,703948
OrderHistory,public,void,set_origQty,string,value,708600
OrderHistory,public,void,set_origType,string,value,704140
OrderHistory,public,void,set_origType,string,value,708792
OrderHistory,public,void,set_positionSide,string,value,704076
OrderHistory,public,void,set_positionSide,string,value,708728
OrderHistory,public,void,set_price,string,value,703916
OrderHistory,public,void,set_price,string,value,708568
OrderHistory,public,void,set_priceProtect,bool,value,704124
OrderHistory,public,void,set_priceProtect,bool,value,708776
OrderHistory,public,void,set_reduceOnly,bool,value,704028
OrderHistory,public,void,set_reduceOnly,bool,value,708680
OrderHistory,public,void,set_side,string,value,704060
OrderHistory,public,void,set_side,string,value,708712
OrderHistory,public,void,set_status,string,value,703884
OrderHistory,public,void,set_status,string,value,708536
OrderHistory,public,void,set_stopPrice,string,value,704092
OrderHistory,public,void,set_stopPrice,string,value,708744
OrderHistory,public,void,set_symbol,string,value,703868
OrderHistory,public,void,set_symbol,string,value,708520
OrderHistory,public,void,set_time,long,value,704156
OrderHistory,public,void,set_time,long,value,708808
OrderHistory,public,void,set_timeInForce,string,value,703996
OrderHistory,public,void,set_timeInForce,string,value,708648
OrderHistory,public,void,set_type,string,value,704012
OrderHistory,public,void,set_type,string,value,708664
OrderHistory,public,void,set_updateTime,object,value,704172
OrderHistory,public,void,set_updateTime,object,value,708824
OrderHistory,public,void,set_workingType,string,value,704108
OrderHistory,public,void,set_workingType,string,value,708760
OrderRecord,public,void,.ctor,,,537036
OrderRecord,public,void,.ctor,,,537092
OrderReport,public,void,.ctor,,,520808
OrderReport,public,System.Nullable`1<double>,get_BuyPrice,,,520744
OrderReport,public,System.Nullable`1<double>,get_ExecutedQuantity,,,520728
OrderReport,public,System.Nullable`1<double>,get_FilledQuantity,,,520712
OrderReport,public,int,get_OrderId,,,520660
OrderReport,public,string,get_OrderSendingTime,,,520792
OrderReport,public,valuetype ideal.OrderStatus,get_OrderStatus,,,520676
OrderReport,public,System.Nullable`1<int>,get_OriginalOrderId,,,520696
OrderReport,public,string,get_RejectReason,,,520760
OrderReport,public,string,get_TransactionTime,,,520776
OrderReport,public,void,set_BuyPrice,System.Nullable`1<double>,value,520752
OrderReport,public,void,set_ExecutedQuantity,System.Nullable`1<double>,value,520736
OrderReport,public,void,set_FilledQuantity,System.Nullable`1<double>,value,520720
OrderReport,public,void,set_OrderId,int,value,520668
OrderReport,public,void,set_OrderSendingTime,string,value,520800
OrderReport,public,void,set_OrderStatus,valuetype ideal.OrderStatus,value,520688
OrderReport,public,void,set_OriginalOrderId,System.Nullable`1<int>,value,520704
OrderReport,public,void,set_RejectReason,string,value,520768
OrderReport,public,void,set_TransactionTime,string,value,520784
Portfoy,public,void,.ctor,,,546988
Position,public,void,.ctor,,,703408
Position,public,void,.ctor,,,708120
Position,public,string,get_entryPrice,,,703200
Position,public,string,get_entryPrice,,,707912
Position,public,string,get_isAutoAddMargin,,,703328
Position,public,string,get_isAutoAddMargin,,,708040
Position,public,string,get_isolatedMargin,,,703312
Position,public,string,get_isolatedMargin,,,708024
Position,public,string,get_isolatedWallet,,,703376
Position,public,string,get_isolatedWallet,,,708088
Position,public,string,get_leverage,,,703264
Position,public,string,get_leverage,,,707976
Position,public,string,get_liquidationPrice,,,703248
Position,public,string,get_liquidationPrice,,,707960
Position,public,string,get_marginType,,,703296
Position,public,string,get_marginType,,,708008
Position,public,string,get_markPrice,,,703216
Position,public,string,get_markPrice,,,707928
Position,public,string,get_maxNotionalValue,,,703280
Position,public,string,get_maxNotionalValue,,,707992
Position,public,string,get_notional,,,703360
Position,public,string,get_notional,,,708072
Position,public,string,get_positionAmt,,,703184
Position,public,string,get_positionAmt,,,707896
Position,public,string,get_positionSide,,,703344
Position,public,string,get_positionSide,,,708056
Position,public,string,get_symbol,,,703168
Position,public,string,get_symbol,,,707880
Position,public,string,get_unRealizedProfit,,,703232
Position,public,string,get_unRealizedProfit,,,707944
Position,public,object,get_updateTime,,,703392
Position,public,object,get_updateTime,,,708104
Position,public,void,set_entryPrice,string,value,703208
Position,public,void,set_entryPrice,string,value,707920
Position,public,void,set_isAutoAddMargin,string,value,703336
Position,public,void,set_isAutoAddMargin,string,value,708048
Position,public,void,set_isolatedMargin,string,value,703320
Position,public,void,set_isolatedMargin,string,value,708032
Position,public,void,set_isolatedWallet,string,value,703384
Position,public,void,set_isolatedWallet,string,value,708096
Position,public,void,set_leverage,string,value,703272
Position,public,void,set_leverage,string,value,707984
Position,public,void,set_liquidationPrice,string,value,703256
Position,public,void,set_liquidationPrice,string,value,707968
Position,public,void,set_marginType,string,value,703304
Position,public,void,set_marginType,string,value,708016
Position,public,void,set_markPrice,string,value,703224
Position,public,void,set_markPrice,string,value,707936
Position,public,void,set_maxNotionalValue,string,value,703288
Position,public,void,set_maxNotionalValue,string,value,708000
Position,public,void,set_notional,string,value,703368
Position,public,void,set_notional,string,value,708080
Position,public,void,set_positionAmt,string,value,703192
Position,public,void,set_positionAmt,string,value,707904
Position,public,void,set_positionSide,string,value,703352
Position,public,void,set_positionSide,string,value,708064
Position,public,void,set_symbol,string,value,703176
Position,public,void,set_symbol,string,value,707888
Position,public,void,set_unRealizedProfit,string,value,703240
Position,public,void,set_unRealizedProfit,string,value,707952
Position,public,void,set_updateTime,object,value,703400
Position,public,void,set_updateTime,object,value,708112
PositionClass,public,void,.ctor,,,636188
PositionInfo,public,void,.ctor,,,544748
PozisyonClass,public,void,.ctor,,,631188
ReqArtioxCancelOrder,public,void,.ctor,,,667848
ReqArtioxCancelOrder,public,string,get_client_ip,,,667768
ReqArtioxCancelOrder,public,class Cookie,get_cookie,,,667752
ReqArtioxCancelOrder,public,int,get_order_id,,,667784
ReqArtioxCancelOrder,public,string,get_order_type,,,667800
ReqArtioxCancelOrder,public,int[],get_pair_id,,,667816
ReqArtioxCancelOrder,public,string,get_sid,,,667832
ReqArtioxCancelOrder,public,void,set_client_ip,string,value,667776
ReqArtioxCancelOrder,public,void,set_cookie,class Cookie,value,667760
ReqArtioxCancelOrder,public,void,set_order_id,int,value,667792
ReqArtioxCancelOrder,public,void,set_order_type,string,value,667808
ReqArtioxCancelOrder,public,void,set_pair_id,int[],value,667824
ReqArtioxCancelOrder,public,void,set_sid,string,value,667840
ReqArtioxChart,public,void,.ctor,,,670028
ReqArtioxChart,public,int,get_limit,,,670012
ReqArtioxChart,public,int[],get_pair_id,,,669980
ReqArtioxChart,public,string,get_zoom_level,,,669996
ReqArtioxChart,public,void,set_limit,int,value,670020
ReqArtioxChart,public,void,set_pair_id,int[],value,669988
ReqArtioxChart,public,void,set_zoom_level,string,value,670004
ReqArtioxOrderBook,public,void,.ctor,,,669892
ReqArtioxOrderBook,public,int,get_limit,,,669876
ReqArtioxOrderBook,public,int[],get_pair_id,,,669860
ReqArtioxOrderBook,public,void,set_limit,int,value,669884
ReqArtioxOrderBook,public,void,set_pair_id,int[],value,669868
ReqArtioxSendOrder,public,void,.ctor,,,667980
ReqArtioxSendOrder,public,float,get_amount,,,667948
ReqArtioxSendOrder,public,string,get_client_ip,,,667900
ReqArtioxSendOrder,public,class Cookie,get_cookie,,,667868
ReqArtioxSendOrder,public,string,get_order_type,,,667932
ReqArtioxSendOrder,public,int[],get_pair_id,,,667916
ReqArtioxSendOrder,public,float,get_price,,,667964
ReqArtioxSendOrder,public,string,get_sid,,,667884
ReqArtioxSendOrder,public,void,set_amount,float,value,667956
ReqArtioxSendOrder,public,void,set_client_ip,string,value,667908
ReqArtioxSendOrder,public,void,set_cookie,class Cookie,value,667876
ReqArtioxSendOrder,public,void,set_order_type,string,value,667940
ReqArtioxSendOrder,public,void,set_pair_id,int[],value,667924
ReqArtioxSendOrder,public,void,set_price,float,value,667972
ReqArtioxSendOrder,public,void,set_sid,string,value,667892
ReqEquityChainSendOrder,public,void,.ctor,,,671556
ReqEquityChainSendOrder,public,string,get_accountId,,,671316
ReqEquityChainSendOrder,public,bool,get_chainOrder,,,671508
ReqEquityChainSendOrder,public,string,get_clOrdId,,,671332
ReqEquityChainSendOrder,public,bool,get_closeShortSell,,,671428
ReqEquityChainSendOrder,public,string,get_instrumentSymbol,,,671348
ReqEquityChainSendOrder,public,string,get_instrumentType,,,671364
ReqEquityChainSendOrder,public,string,get_marketSegmentAlert,,,671524
ReqEquityChainSendOrder,public,string,get_orderTypeId,,,671444
ReqEquityChainSendOrder,public,string,get_parentOrderId,,,671540
ReqEquityChainSendOrder,public,double,get_price,,,671396
ReqEquityChainSendOrder,public,double,get_qty,,,671380
ReqEquityChainSendOrder,public,string,get_sideId,,,671412
ReqEquityChainSendOrder,public,string,get_timeInForceId,,,671460
ReqEquityChainSendOrder,public,string,get_token,,,671476
ReqEquityChainSendOrder,public,long,get_tokenVersion,,,671492
ReqEquityChainSendOrder,public,void,set_accountId,string,value,671324
ReqEquityChainSendOrder,public,void,set_chainOrder,bool,value,671516
ReqEquityChainSendOrder,public,void,set_clOrdId,string,value,671340
ReqEquityChainSendOrder,public,void,set_closeShortSell,bool,value,671436
ReqEquityChainSendOrder,public,void,set_instrumentSymbol,string,value,671356
ReqEquityChainSendOrder,public,void,set_instrumentType,string,value,671372
ReqEquityChainSendOrder,public,void,set_marketSegmentAlert,string,value,671532
ReqEquityChainSendOrder,public,void,set_orderTypeId,string,value,671452
ReqEquityChainSendOrder,public,void,set_parentOrderId,string,value,671548
ReqEquityChainSendOrder,public,void,set_price,double,value,671404
ReqEquityChainSendOrder,public,void,set_qty,double,value,671388
ReqEquityChainSendOrder,public,void,set_sideId,string,value,671420
ReqEquityChainSendOrder,public,void,set_timeInForceId,string,value,671468
ReqEquityChainSendOrder,public,void,set_token,string,value,671484
ReqEquityChainSendOrder,public,void,set_tokenVersion,long,value,671500
ReqEquitySendOrder,public,void,.ctor,,,670712
ReqEquitySendOrder,public,string,get_accountId,,,670472
ReqEquitySendOrder,public,string,get_appCode,,,670440
ReqEquitySendOrder,public,string,get_appPassword,,,670456
ReqEquitySendOrder,public,string,get_clOrdId,,,670488
ReqEquitySendOrder,public,bool,get_closeShortSell,,,670600
ReqEquitySendOrder,public,string,get_instrumentSymbol,,,670504
ReqEquitySendOrder,public,string,get_instrumentType,,,670536
ReqEquitySendOrder,public,string,get_marketSegmentAlert,,,670680
ReqEquitySendOrder,public,double,get_maxFloor,,,670696
ReqEquitySendOrder,public,string,get_orderTypeId,,,670616
ReqEquitySendOrder,public,double,get_price,,,670568
ReqEquitySendOrder,public,double,get_qty,,,670552
ReqEquitySendOrder,public,string,get_sideId,,,670584
ReqEquitySendOrder,public,string,get_timeInForceId,,,670632
ReqEquitySendOrder,public,string,get_token,,,670648
ReqEquitySendOrder,public,string,get_tokenVersion,,,670664
ReqEquitySendOrder,public,string,get_uniqueSymbol,,,670520
ReqEquitySendOrder,public,void,set_accountId,string,value,670480
ReqEquitySendOrder,public,void,set_appCode,string,value,670448
ReqEquitySendOrder,public,void,set_appPassword,string,value,670464
ReqEquitySendOrder,public,void,set_clOrdId,string,value,670496
ReqEquitySendOrder,public,void,set_closeShortSell,bool,value,670608
ReqEquitySendOrder,public,void,set_instrumentSymbol,string,value,670512
ReqEquitySendOrder,public,void,set_instrumentType,string,value,670544
ReqEquitySendOrder,public,void,set_marketSegmentAlert,string,value,670688
ReqEquitySendOrder,public,void,set_maxFloor,double,value,670704
ReqEquitySendOrder,public,void,set_orderTypeId,string,value,670624
ReqEquitySendOrder,public,void,set_price,double,value,670576
ReqEquitySendOrder,public,void,set_qty,double,value,670560
ReqEquitySendOrder,public,void,set_sideId,string,value,670592
ReqEquitySendOrder,public,void,set_timeInForceId,string,value,670640
ReqEquitySendOrder,public,void,set_token,string,value,670656
ReqEquitySendOrder,public,void,set_tokenVersion,string,value,670672
ReqEquitySendOrder,public,void,set_uniqueSymbol,string,value,670528
ReqFutOptSendOrder,public,void,.ctor,,,670956
ReqFutOptSendOrder,public,string,get_accountId,,,670764
ReqFutOptSendOrder,public,string,get_appCode,,,670732
ReqFutOptSendOrder,public,string,get_appPassword,,,670748
ReqFutOptSendOrder,public,string,get_clOrdId,,,670780
ReqFutOptSendOrder,public,string,get_endDate,,,670940
ReqFutOptSendOrder,public,string,get_instrumentSymbol,,,670796
ReqFutOptSendOrder,public,string,get_orderTypeId,,,670860
ReqFutOptSendOrder,public,double,get_price,,,670828
ReqFutOptSendOrder,public,double,get_qty,,,670812
ReqFutOptSendOrder,public,string,get_sideId,,,670844
ReqFutOptSendOrder,public,string,get_timeInForceId,,,670876
ReqFutOptSendOrder,public,string,get_token,,,670892
ReqFutOptSendOrder,public,string,get_tokenVersion,,,670908
ReqFutOptSendOrder,public,string,get_tradingSessionId,,,670924
ReqFutOptSendOrder,public,void,set_accountId,string,value,670772
ReqFutOptSendOrder,public,void,set_appCode,string,value,670740
ReqFutOptSendOrder,public,void,set_appPassword,string,value,670756
ReqFutOptSendOrder,public,void,set_clOrdId,string,value,670788
ReqFutOptSendOrder,public,void,set_endDate,string,value,670948
ReqFutOptSendOrder,public,void,set_instrumentSymbol,string,value,670804
ReqFutOptSendOrder,public,void,set_orderTypeId,string,value,670868
ReqFutOptSendOrder,public,void,set_price,double,value,670836
ReqFutOptSendOrder,public,void,set_qty,double,value,670820
ReqFutOptSendOrder,public,void,set_sideId,string,value,670852
ReqFutOptSendOrder,public,void,set_timeInForceId,string,value,670884
ReqFutOptSendOrder,public,void,set_token,string,value,670900
ReqFutOptSendOrder,public,void,set_tokenVersion,string,value,670916
ReqFutOptSendOrder,public,void,set_tradingSessionId,string,value,670932
ReqFutOptTriggerSendOrder,public,void,.ctor,,,671296
ReqFutOptTriggerSendOrder,public,string,get_accountId,,,671008
ReqFutOptTriggerSendOrder,public,string,get_appCode,,,670976
ReqFutOptTriggerSendOrder,public,string,get_appPassword,,,670992
ReqFutOptTriggerSendOrder,public,string,get_clOrdId,,,671024
ReqFutOptTriggerSendOrder,public,string,get_endDate,,,671168
ReqFutOptTriggerSendOrder,public,string,get_instrumentSymbol,,,671040
ReqFutOptTriggerSendOrder,public,string,get_orderTypeId,,,671104
ReqFutOptTriggerSendOrder,public,double,get_price,,,671072
ReqFutOptTriggerSendOrder,public,double,get_qty,,,671056
ReqFutOptTriggerSendOrder,public,string,get_sideId,,,671088
ReqFutOptTriggerSendOrder,public,string,get_timeInForceId,,,671120
ReqFutOptTriggerSendOrder,public,string,get_token,,,671136
ReqFutOptTriggerSendOrder,public,string,get_tokenVersion,,,671152
ReqFutOptTriggerSendOrder,public,string,get_tradingSessionId,,,671280
ReqFutOptTriggerSendOrder,public,bool,get_triggerOrder,,,671184
ReqFutOptTriggerSendOrder,public,string,get_triggerPrice,,,671264
ReqFutOptTriggerSendOrder,public,string,get_triggerPriceDirectionId,,,671232
ReqFutOptTriggerSendOrder,public,string,get_triggerPriceTypeId,,,671216
ReqFutOptTriggerSendOrder,public,string,get_triggerSymbol,,,671248
ReqFutOptTriggerSendOrder,public,string,get_triggerTypeId,,,671200
ReqFutOptTriggerSendOrder,public,void,set_accountId,string,value,671016
ReqFutOptTriggerSendOrder,public,void,set_appCode,string,value,670984
ReqFutOptTriggerSendOrder,public,void,set_appPassword,string,value,671000
ReqFutOptTriggerSendOrder,public,void,set_clOrdId,string,value,671032
ReqFutOptTriggerSendOrder,public,void,set_endDate,string,value,671176
ReqFutOptTriggerSendOrder,public,void,set_instrumentSymbol,string,value,671048
ReqFutOptTriggerSendOrder,public,void,set_orderTypeId,string,value,671112
ReqFutOptTriggerSendOrder,public,void,set_price,double,value,671080
ReqFutOptTriggerSendOrder,public,void,set_qty,double,value,671064
ReqFutOptTriggerSendOrder,public,void,set_sideId,string,value,671096
ReqFutOptTriggerSendOrder,public,void,set_timeInForceId,string,value,671128
ReqFutOptTriggerSendOrder,public,void,set_token,string,value,671144
ReqFutOptTriggerSendOrder,public,void,set_tokenVersion,string,value,671160
ReqFutOptTriggerSendOrder,public,void,set_tradingSessionId,string,value,671288
ReqFutOptTriggerSendOrder,public,void,set_triggerOrder,bool,value,671192
ReqFutOptTriggerSendOrder,public,void,set_triggerPrice,string,value,671272
ReqFutOptTriggerSendOrder,public,void,set_triggerPriceDirectionId,string,value,671240
ReqFutOptTriggerSendOrder,public,void,set_triggerPriceTypeId,string,value,671224
ReqFutOptTriggerSendOrder,public,void,set_triggerSymbol,string,value,671256
ReqFutOptTriggerSendOrder,public,void,set_triggerTypeId,string,value,671208
Request,public,class BistRobotHesapClass,BistGetHesapRobot,,,557920
Request,public,valuetype System.Decimal,CalculateViopKZ,string; System.Collections.Generic.List`1<class GerceklesenIslemClass>; valuetype System.Decimal,sembolX; islemlerX; pozisyonX,551404
Request,public,valuetype System.Decimal,CalculateViopKZAnlik,string; System.Collections.Generic.List`1<class GerceklesenIslemClass>; valuetype System.Decimal,sembolX; islemlerX; pozisyonX,551188
Request,public,valuetype System.Decimal,CalculateViopKZFifoMaliyet,string; double; System.Collections.Generic.List`1<class GerceklesenIslemClass>; valuetype System.Decimal,sembolX; fifoMaliyetX; islemlerX; pozisyonX,551548
Request,public,valuetype System.Decimal,CalculateViopKZLastPrice,string; double; System.Collections.Generic.List`1<class GerceklesenIslemClass>; valuetype System.Decimal,sembolX; netMaliyetX; islemlerX; pozisyonX,551476
Request,public,valuetype System.Decimal,CalculateViopPositionSize,string; System.Collections.Generic.List`1<class GerceklesenIslemClass>; valuetype System.Decimal,sembolX; islemlerX; pozisyonX,551260
Request,public,valuetype System.Decimal,CalculateViopSettlementPrice,string; System.Collections.Generic.List`1<class GerceklesenIslemClass>; valuetype System.Decimal,sembolX; islemlerX; pozisyonX,551332
Request,public,string,ConvertImkbReceivedSymbol,string; string,backofficeX; strX,549876
Request,public,string,ConvertImkbReceivedSymbol,string; string; string,hesapnameX; backofficeX; strX,549920
Request,public,string,ConvertImkbSenderSymbol,string; string,backofficeX; strX,549964
Request,public,void,CriptoCancelOrder,class CriptoOrderRecord,orderX,558032
Request,public,void,CriptoCancelOrders,System.Collections.Generic.List`1<class CriptoOrderRecord>,orderlistX,558064
Request,public,void,CriptoFutureAccountInfo,string; string,accountnameX; accountnoX,558552
Request,public,void,CriptoFutureCancelOrders,System.Collections.Generic.List`1<class OpenOrder>; string,orderlistX; accountName,559908
Request,public,void,CriptoFutureSendOrder,class BuySellRecord,buysellX,560108
Request,public,void,CriptoGetDailySpotAccountSnapshot,string; string,accountnameX; accountnoX,558348
Request,public,void,CriptoGetFutureOrderHistory,string; string,accountNameX; accountNoX,559464
Request,public,void,CriptoGetFutureOrders,string; string,accountnameX; accountnoX,559012
Request,public,void,CriptoGetFuturePositions,string; string,accountnameX; accountnoX,558840
Request,public,void,CriptoGetOrders,string; string,accountnameX; accountnoX,560968
Request,public,void,CriptoGetPositions,string; string,accountnameX; accountnoX,558224
Request,public,void,CriptoSendOrder,class BuySellRecord,buysellX,560812
Request,public,void,CriptoSendOrders,System.Collections.Generic.List`1<class BuySellRecord>,buyselllistX,560844
Request,public,void,CrypexCriptoFutureCancelOrders,System.Collections.Generic.List`1<class OpenOrder>; string,orderlistX; accountName,559940
Request,public,void,GetCustomerAccounts,string,accountnameX,552580
Request,public,string,GetGeneksVipRandomID,,,550728
Request,public,System.Collections.Generic.List`1<class GerceklesenIslemClass>,GetGerceklesenViopIslemler,class AccountRecord; string,accountX; accountnoX,551120
Request,public,string,GetTEB2ViopHeader,class AccountRecord; string,accountX; messageTypeX,551056
Request,public,void,ImkbCancelOrder,class ImkbOrderRecord,orderX,552868
Request,public,void,ImkbCancelOrders,System.Collections.Generic.List`1<class ImkbOrderRecord>,orderlistX,552900
Request,public,void,ImkbCancelOrdersKEP,System.Collections.Generic.List`1<class ImkbOrderRecord>; bool,ordersX; positionsboolX,557416
Request,public,void,ImkbGetCreditStatus,string; string,accountnameX; accountnoX,554504
Request,public,void,ImkbGetHesapKEP,string; string,accountnameX; accountnoX,557512
Request,public,void,ImkbGetIslemLimit,string; string,accountnameX; accountnoX,553144
Request,public,void,ImkbGetOrders,string; string,accountnameX; accountnoX,553536
Request,public,void,ImkbGetOrdersKEP,string; string,accountnameX; accountnoX,557544
Request,public,void,ImkbGetPositions,string; string,accountnameX; accountnoX,553852
Request,public,void,ImkbGetPositionsKEP,string; string,accountnameX; accountnoX,557576
Request,public,void,ImkbGetRiskSimulation,string; string,accountnameX; accountnoX,553884
Request,public,void,ImkbGetSellableAmount,string; string; string,accountnameX; accountnoX; symbolX,554032
Request,public,void,ImkbGetStatement,string; string; valuetype System.DateTime; valuetype System.DateTime,accountnameX; accountnoX; date1X; date2X,554064
Request,public,void,ImkbGetSummary,string; string,accountnameX; accountnoX,554380
Request,public,void,ImkbGetSymbolInfo,string; string; string,accountnameX; accountnoX; symbolX,554604
Request,public,void,ImkbGetVarlikDegisim,string; string,accountnameX; accountnoX,553268
Request,public,void,ImkbImproveOrders,System.Collections.Generic.List`1<class ImkbOrderRecord>; double; double; double,orderlistX; newpriceX; lotX; GlotX,554868
Request,public,void,ImkbImproveOrdersKEP,System.Collections.Generic.List`1<class ImkbOrderRecord>; double; bool; double,ordersX; priceX; positionsboolX; lotx,557448
Request,public,void,ImkbSendOrder,class BuySellRecord,buysellX,555016
Request,public,void,ImkbSendOrderAcigaKapa,class BuySellRecord,buysellX,555180
Request,public,void,ImkbSendOrderKEP,class BuySellRecord; bool,buysellX; positionsboolX,557480
Request,public,void,ImkbSendOrders,System.Collections.Generic.List`1<class BuySellRecord>,buyselllistX,555048
Request,public,void,ImkbSendZincir,class ImkbOrderRecord; class BuySellRecord,orderX; buysellX,555080
Request,public,void,ImkbTransactionReport,string; string; valuetype System.DateTime; valuetype System.DateTime; string; string,accountnameX; accountnoX; date1X; date2X; hisseX; codeX,555312
Request,public,void,MagnusCanceOrderSymbol,string; string,symbolX; transactionIdX,562304
Request,public,void,NFTCancelOrders,System.Collections.Generic.List`1<class CriptoOrderRecord>,orderlistX,561240
Request,public,void,NFTGetOrders,string; string,accountnameX; accountnoX,561488
Request,public,void,NFTGetPositions,string; string,accountnameX; accountnoX,561364
Request,public,void,NFTSendOrder,class BuySellRecord,buysellX,561736
Request,public,void,NFTSendOrders,System.Collections.Generic.List`1<class BuySellRecord>,buyselllistX,561768
Request,public,string,SendTEB2VIOPHttpRequest,class AccountRecord; string; bool,accountX; requestX; logbool,552360
Request,public,void,VipCancelOrder,class VipOrderRecord,orderX,555436
Request,public,void,VipCancelOrders,System.Collections.Generic.List`1<class VipOrderRecord>,orderlistX,555468
Request,public,void,VipCancelOrdersKEP,System.Collections.Generic.List`1<class VipOrderRecord>; bool,ordersX; positionsboolX,557608
Request,public,void,VipGetAcik,string; string; valuetype System.DateTime,accountnameX; accountnoX; date1X,555500
Request,public,void,VipGetCollateral,string; string,accountnameX; accountnoX,555720
Request,public,void,VipGetCollateralKEP,string; string,accountnameX; accountnoX,557704
Request,public,void,VipGetFillPrice,string; string,accountnameX; accountnoX,555820
Request,public,void,VipGetFillPriceKEP,string; string,accountnameX; accountnoX,557736
Request,public,void,VipGetGayri,string; string; valuetype System.DateTime; valuetype System.DateTime,accountnameX; accountnoX; date1X; date2X,555852
Request,public,class ViopRobotHesapClass,VipGetHesapRobot,,,557832
Request,public,void,VipGetKZRapor,string; string; valuetype System.DateTime; valuetype System.DateTime,accountnameX; accountnoX; date1X; date2X,556340
Request,public,void,VipGetOrders,string; string,accountnameX; accountnoX,556024
Request,public,void,VipGetOrdersKEP,string; string,accountnameX; accountnoX,557768
Request,public,void,VipGetPositions,string; string,accountnameX; accountnoX,556244
Request,public,void,VipGetPositionsKEP,string; string,accountnameX; accountnoX,557800
Request,public,class ViopRobotHesapClass,VipGetPozisyonRobot,,,557876
Request,public,void,VipGetProfit,string; string; valuetype System.DateTime; valuetype System.DateTime,accountnameX; accountnoX; date1X; date2X,556308
Request,public,void,VipGetStatement,string; string; valuetype System.DateTime; valuetype System.DateTime,accountnameX; accountnoX; date1X; date2X,556276
Request,public,void,VipGetTeyid,string; string; valuetype System.DateTime,accountnameX; accountnoX; date1X,556372
Request,public,void,VipImproveOrder,class VipOrderRecord; class BuySellRecord,orderX; buysellX,556496
Request,public,void,VipImproveOrders,System.Collections.Generic.List`1<class VipOrderRecord>; class BuySellRecord,orderlistX; buysellX,556528
Request,public,void,VipImproveOrdersKEP,System.Collections.Generic.List`1<class VipOrderRecord>; System.Collections.Generic.List`1<class BuySellRecord>; bool,ordersX; buysellsX; positionsboolX,557640
Request,public,void,VipSendOrder,class BuySellRecord,buysellX,556676
Request,public,void,VipSendOrderKEP,class BuySellRecord; bool,buysellX; positionsboolX,557672
Request,public,void,VipSendOrders,System.Collections.Generic.List`1<class BuySellRecord>,buyselllistX,556708
Request,public,void,VipTransactionReport,string; string; valuetype System.DateTime; valuetype System.DateTime; string,accountnameX; accountnoX; date1X; date2X; sozlesmeX,556772
Request,public,void,_CriptoCancelOrder,class CriptoOrderRecord,orderX,557964
Request,public,void,_CriptoFutureCancelOrder,class OpenOrder; string,orderX; accountName,559972
Request,public,void,_CriptoFutureSendOrder,class BuySellRecord,buysellX,560140
Request,public,bool,_CriptoGetDailySpotAccountSnapshot,string; string,accountnameX; accountnoX,558256
Request,public,bool,_CriptoGetFutureOrders,string; string,accountnameX; accountnoX,558872
Request,public,bool,_CriptoGetFuturePositions,string; string,accountnameX; accountnoX,558700
Request,public,bool,_CriptoGetOrders,string; string,accountnameX; accountnoX,560876
Request,public,bool,_CriptoGetPositions,string; string,accountnameX; accountnoX,558156
Request,public,void,_CriptoSendOrder,class BuySellRecord,buysellX,560696
Request,public,void,_CrypexCriptoFutureCancelOrder,class OpenOrder; string,orderX; accountName,560040
Request,public,bool,_FonCancelOrder,string; string; string,accountnameX; accountnoX; islemnoX,557280
Request,public,bool,_FonGetPosition,string; string,accountnameX; accountnoX,556940
Request,public,bool,_FonSendOrder,string; string; string; valuetype System.Decimal; string; string,accountnameX; accountnoX; fonidX; miktarX; yonstrX; adettutarstrX,557212
Request,public,void,_ImkbCancelOrder,class ImkbOrderRecord,orderX,552752
Request,public,void,_ImkbGetCreditStatus,string; string,accountnameX; accountnoX,554412
Request,public,bool,_ImkbGetIslemLimit,string; string,accountnameX; accountnoX,552932
Request,public,bool,_ImkbGetOrders,string; string,accountnameX; accountnoX,553300
Request,public,bool,_ImkbGetPositions,string; string,accountnameX; accountnoX,553568
Request,public,void,_ImkbGetSellableAmount,string; string; string,accountnameX; accountnoX; symbolX,553916
Request,public,void,_ImkbGetSummary,string; string,accountnameX; accountnoX,554096
Request,public,void,_ImkbGetSymbolInfo,string; string; string,accountnameX; accountnoX; symbolX,554536
Request,public,bool,_ImkbGetVarlikDegisim,string; string,accountnameX; accountnoX,553176
Request,public,void,_ImkbImproveOrder,class ImkbOrderRecord; double; double,orderX; newpriceX; lotX,554636
Request,public,void,_ImkbImproveOrder,class ImkbOrderRecord; double; double; double,orderX; newpriceX; lotX; GlotX,554752
Request,public,void,_ImkbSendOrder,class BuySellRecord,buysellX,554900
Request,public,void,_ImkbSendOrderAcigaKapa,class BuySellRecord,buysellX,555112
Request,public,void,_ImkbTransactionReport,string; string; valuetype System.DateTime; valuetype System.DateTime; string; string,accountnameX; accountnoX; date1X; date2X; hisseX; codeX,555280
Request,public,void,_NFTCancelOrder,class CriptoOrderRecord,orderX,561172
Request,public,bool,_NFTGetOrders,string; string,accountnameX; accountnoX,561396
Request,public,bool,_NFTGetPositions,string; string,accountnameX; accountnoX,561272
Request,public,void,_NFTSendOrder,class BuySellRecord,buysellX,561668
Request,public,void,_VipCancelOrder,class VipOrderRecord,orderX,555344
Request,public,bool,_VipGetCollateral,string; string,accountnameX; accountnoX,555532
Request,public,bool,_VipGetFillPrice,string; string,accountnameX; accountnoX,555752
Request,public,bool,_VipGetOrders,string; string,accountnameX; accountnoX,555884
Request,public,bool,_VipGetPositions,string; string,accountnameX; accountnoX,556056
Request,public,void,_VipImproveOrder,class VipOrderRecord; class BuySellRecord,orderX; buysellX,556404
Request,public,void,_VipSendOrder,class BuySellRecord,buysellX,556560
Request,public,void,_VipTransactionReport,string; string; valuetype System.DateTime; valuetype System.DateTime; string,accountnameX; accountnoX; date1X; date2X; sozlesmeX,556740
RequestMethods,public,string,GetAccountInformation,,,666404
RequestMethods,public,string,GetAccountInformation,,,666944
RequestMethods,public,string,GetOpenOrders,,,666436
RequestMethods,public,string,GetOpenOrders,,,666976
RequestMethods,public,string,GetOrderHistory,,,666452
RequestMethods,public,string,GetOrderHistory,,,666992
RequestMethods,public,string,GetPositionInformation,,,666420
RequestMethods,public,string,GetPositionInformation,,,666960
RequestMethods,public,class CancelOrderResult,SendCancelOrder,long; string,orderId; symbol,666632
RequestMethods,public,class CancelOrderResult,SendCancelOrder,class AccountRecord; long; string,accountRecord; orderId; symbol,667172
RequestMethods,public,string,SendNewOrder,string; string; string; string; string; string; string; string,symbol; side; positionSide; type; timeInForce; quantity; price; stopPrice,666564
RequestMethods,public,string,SendNewOrder,string; string; string; string; string; string; string; string,symbol; side; positionSide; type; timeInForce; quantity; price; stopPrice,667104
ResArtioxCancelOrder,public,void,.ctor,,,668164
ResArtioxCancelOrder,public,int,get_code,,,668116
ResArtioxCancelOrder,public,bool,get_is_okay,,,668132
ResArtioxCancelOrder,public,string,get_message,,,668148
ResArtioxCancelOrder,public,void,set_code,int,value,668124
ResArtioxCancelOrder,public,void,set_is_okay,bool,value,668140
ResArtioxCancelOrder,public,void,set_message,string,value,668156
ResArtioxOrder,public,void,.ctor,,,668884
ResArtioxOrder,public,float,get_amount,,,668788
ResArtioxOrder,public,bool,get_commission_free,,,668772
ResArtioxOrder,public,long,get_creation_time,,,668868
ResArtioxOrder,public,int,get_id,,,668676
ResArtioxOrder,public,float,get_init_amount,,,668804
ResArtioxOrder,public,string,get_kind,,,668740
ResArtioxOrder,public,object,get_order_to_cancel,,,668692
ResArtioxOrder,public,int[],get_pair_id,,,668724
ResArtioxOrder,public,float,get_percent,,,668836
ResArtioxOrder,public,float,get_price,,,668820
ResArtioxOrder,public,string,get_status,,,668852
ResArtioxOrder,public,string,get_type,,,668756
ResArtioxOrder,public,int,get_user_id,,,668708
ResArtioxOrder,public,void,set_amount,float,value,668796
ResArtioxOrder,public,void,set_commission_free,bool,value,668780
ResArtioxOrder,public,void,set_creation_time,long,value,668876
ResArtioxOrder,public,void,set_id,int,value,668684
ResArtioxOrder,public,void,set_init_amount,float,value,668812
ResArtioxOrder,public,void,set_kind,string,value,668748
ResArtioxOrder,public,void,set_order_to_cancel,object,value,668700
ResArtioxOrder,public,void,set_pair_id,int[],value,668732
ResArtioxOrder,public,void,set_percent,float,value,668844
ResArtioxOrder,public,void,set_price,float,value,668828
ResArtioxOrder,public,void,set_status,string,value,668860
ResArtioxOrder,public,void,set_type,string,value,668764
ResArtioxOrder,public,void,set_user_id,int,value,668716
ResArtioxOrderBook,public,void,.ctor,,,669960
ResArtioxOrderBook,public,float,get_amount,,,669912
ResArtioxOrderBook,public,float,get_price,,,669928
ResArtioxOrderBook,public,string,get_type,,,669944
ResArtioxOrderBook,public,void,set_amount,float,value,669920
ResArtioxOrderBook,public,void,set_price,float,value,669936
ResArtioxOrderBook,public,void,set_type,string,value,669952
ResArtioxSendOrder,public,void,.ctor,,,668096
ResArtioxSendOrder,public,float,get_amount,,,668080
ResArtioxSendOrder,public,int,get_code,,,668000
ResArtioxSendOrder,public,bool,get_is_okay,,,668016
ResArtioxSendOrder,public,string,get_message,,,668032
ResArtioxSendOrder,public,string,get_symbol,,,668064
ResArtioxSendOrder,public,string,get_type,,,668048
ResArtioxSendOrder,public,void,set_amount,float,value,668088
ResArtioxSendOrder,public,void,set_code,int,value,668008
ResArtioxSendOrder,public,void,set_is_okay,bool,value,668024
ResArtioxSendOrder,public,void,set_message,string,value,668040
ResArtioxSendOrder,public,void,set_symbol,string,value,668072
ResArtioxSendOrder,public,void,set_type,string,value,668056
ResArtioxTrade,public,int,get_buy_order_id,,,668968
ResArtioxTrade,public,float,get_price,,,669016
ResArtioxTrade,public,int,get_sell_order_id,,,668984
ResArtioxTrade,public,void,set_buy_order_id,int,value,668976
ResArtioxTrade,public,void,set_price,float,value,669024
ResArtioxTrade,public,void,set_sell_order_id,int,value,668992
ResArtioxTradeItem,public,int,get_buy_order_id,,,669744
ResArtioxTradeItem,public,float,get_price,,,669792
ResArtioxTradeItem,public,int,get_sell_order_id,,,669760
ResArtioxTradeItem,public,void,set_buy_order_id,int,value,669752
ResArtioxTradeItem,public,void,set_price,float,value,669800
ResArtioxTradeItem,public,void,set_sell_order_id,int,value,669768
ResArtioxUserService,public,int,get_account_level,,,668528
ResArtioxUserService,public,bool,get_account_verified,,,668432
ResArtioxUserService,public,bool,get_vip,,,668640
ResArtioxUserService,public,void,set_account_level,int,value,668536
ResArtioxUserService,public,void,set_account_verified,bool,value,668440
ResArtioxUserService,public,void,set_vip,bool,value,668648
ResEquityOrder,public,void,.ctor,,,671656
ResEquityOrder,public,object,get_errorCode,,,671592
ResEquityOrder,public,object,get_errorDescription,,,671608
ResEquityOrder,public,bool,get_ok,,,671576
ResEquityOrder,public,string,get_transactionId,,,671624
ResEquityOrder,public,string,get_value,,,671640
ResEquityOrder,public,void,set_errorCode,object,value,671600
ResEquityOrder,public,void,set_errorDescription,object,value,671616
ResEquityOrder,public,void,set_ok,bool,value,671584
ResEquityOrder,public,void,set_transactionId,string,value,671632
ResEquityOrder,public,void,set_value,string,value,671648
RobotPositionClass,public,void,.ctor,,,545084
SenetHacimRecord,public,void,.ctor,,,648476
SenetHacimRecord,public,void,Hesapla,,,648460
SistemMultiRecord,public,void,.ctor,,,544480
SorguClass,public,void,.ctor,,,633764
StockCancelledOrder,public,void,.ctor,,,683364
StockCancelledOrder,public,class StockCancelledOrderData,get_data,,,683300
StockCancelledOrder,public,object,get_message,,,683332
StockCancelledOrder,public,int,get_statusCode,,,683348
StockCancelledOrder,public,bool,get_success,,,683316
StockCancelledOrder,public,void,set_data,class StockCancelledOrderData,value,683308
StockCancelledOrder,public,void,set_message,object,value,683340
StockCancelledOrder,public,void,set_statusCode,int,value,683356
StockCancelledOrder,public,void,set_success,bool,value,683324
StockCancelledOrderData,public,void,.ctor,,,683400
StockCancelledOrderData,public,class StockCancelledOrderList[],get_list,,,683384
StockCancelledOrderData,public,void,set_list,class StockCancelledOrderList[],value,683392
StockCancelledOrderList,public,void,.ctor,,,683612
StockCancelledOrderList,public,string,get_aciklama,,,683500
StockCancelledOrderList,public,string,get_emirTipiNew,,,683580
StockCancelledOrderList,public,float,get_fiyat,,,683468
StockCancelledOrderList,public,string,get_islem,,,683436
StockCancelledOrderList,public,string,get_islemeZamani,,,683516
StockCancelledOrderList,public,float,get_maxFloor,,,683596
StockCancelledOrderList,public,string,get_menkul,,,683420
StockCancelledOrderList,public,float,get_miktar,,,683452
StockCancelledOrderList,public,int,get_musteri,,,683548
StockCancelledOrderList,public,string,get_sureNew,,,683564
StockCancelledOrderList,public,int,get_sysId,,,683532
StockCancelledOrderList,public,float,get_tutar,,,683484
StockCancelledOrderList,public,void,set_aciklama,string,value,683508
StockCancelledOrderList,public,void,set_emirTipiNew,string,value,683588
StockCancelledOrderList,public,void,set_fiyat,float,value,683476
StockCancelledOrderList,public,void,set_islem,string,value,683444
StockCancelledOrderList,public,void,set_islemeZamani,string,value,683524
StockCancelledOrderList,public,void,set_maxFloor,float,value,683604
StockCancelledOrderList,public,void,set_menkul,string,value,683428
StockCancelledOrderList,public,void,set_miktar,float,value,683460
StockCancelledOrderList,public,void,set_musteri,int,value,683556
StockCancelledOrderList,public,void,set_sureNew,string,value,683572
StockCancelledOrderList,public,void,set_sysId,int,value,683540
StockCancelledOrderList,public,void,set_tutar,float,value,683492
StockImproveReq,public,valuetype System.Decimal,get_eskiFiyat,,,682380
StockImproveReq,public,string,get_imkbEmirNo,,,682468
StockImproveReq,public,System.Nullable`1<valuetype System.Decimal>,get_yeniFiyat,,,682420
StockImproveReq,public,void,set_eskiFiyat,valuetype System.Decimal,value,682392
StockImproveReq,public,void,set_imkbEmirNo,string,value,682476
StockImproveReq,public,void,set_yeniFiyat,System.Nullable`1<valuetype System.Decimal>,value,682428
StockOrderDeleteReq,public,void,.ctor,,,684652
StockOrderDeleteReq,public,string,get_ref,,,684636
StockOrderDeleteReq,public,void,set_ref,string,value,684644
StockOrderDeleteResponse,public,void,.ctor,,,684736
StockOrderDeleteResponse,public,class StockOrderDeleteResponseData,get_data,,,684672
StockOrderDeleteResponse,public,object,get_message,,,684704
StockOrderDeleteResponse,public,int,get_statusCode,,,684720
StockOrderDeleteResponse,public,bool,get_success,,,684688
StockOrderDeleteResponse,public,void,set_data,class StockOrderDeleteResponseData,value,684680
StockOrderDeleteResponse,public,void,set_message,object,value,684712
StockOrderDeleteResponse,public,void,set_statusCode,int,value,684728
StockOrderDeleteResponse,public,void,set_success,bool,value,684696
StockOrderDeleteResponseData,public,void,.ctor,,,684820
StockOrderDeleteResponseData,public,string,get_cal,,,684756
StockOrderDeleteResponseData,public,int,get_errorCode,,,684772
StockOrderDeleteResponseData,public,string,get_errorMessage,,,684788
StockOrderDeleteResponseData,public,int,get_errorUniqueCode,,,684804
StockOrderDeleteResponseData,public,void,set_cal,string,value,684764
StockOrderDeleteResponseData,public,void,set_errorCode,int,value,684780
StockOrderDeleteResponseData,public,void,set_errorMessage,string,value,684796
StockOrderDeleteResponseData,public,void,set_errorUniqueCode,int,value,684812
StockTrading,public,string,get_emirTipi,,,683720
StockTrading,public,valuetype System.Decimal,get_fiyat,,,683700
StockTrading,public,string,get_imkbIslemGrubu,,,683836
StockTrading,public,string,get_orderType,,,683768
StockTrading,public,void,set_emirTipi,string,value,683728
StockTrading,public,void,set_fiyat,valuetype System.Decimal,value,683712
StockTrading,public,void,set_imkbIslemGrubu,string,value,683844
StockTrading,public,void,set_orderType,string,value,683776
SummaryValue,public,string,get_accountId,,,674264
SummaryValue,public,double,get_accountRiskRatio,,,674472
SummaryValue,public,double,get_positionCollateral,,,674360
SummaryValue,public,double,get_requiredCollateralTakasbankStart,,,674504
SummaryValue,public,void,set_accountId,string,value,674272
SummaryValue,public,void,set_accountRiskRatio,double,value,674480
SummaryValue,public,void,set_positionCollateral,double,value,674368
SummaryValue,public,void,set_requiredCollateralTakasbankStart,double,value,674512
Symbol,public,string[],get_orderTypes,,,517592
Symbol,public,bool,get_quoteOrderQtyMarketAllowed,,,517640
Symbol,public,void,set_orderTypes,string[],value,517600
Symbol,public,void,set_quoteOrderQtyMarketAllowed,bool,value,517648
Takas,public,void,.ctor,,,525092
Takas,public,void,Write,,,525000
TakasItem,public,void,.ctor,,,600580
TakasItem,public,void,.ctor,,,665236
TakasPozisyon,public,void,.ctor,,,637720
Takaslist,public,void,.ctor,,,574364
Takaslist,public,void,Change,string,srtX,574108
Takaslist,public,void,Default,,,574140
Takaslist,public,void,Delete,,,574172
Takaslist,public,void,DeleteAll,,,574204
Takaslist,public,System.Collections.Generic.List`1<string>,GetNames,,,574236
Takaslist,public,void,Init,,,574268
Takaslist,public,void,Save,byte[],bytesX,574300
Takaslist,public,void,Saveas,byte[],bytesX,574332
TebHesapClass,public,void,.ctor,,,547580
TebHesapClass,public,float,get_Blokaj,,,547404
TebHesapClass,public,int,get_CevapKodu,,,547292
TebHesapClass,public,string,get_CevapMesaj,,,547308
TebHesapClass,public,string,get_Degisim,,,547484
TebHesapClass,public,int,get_EkNo,,,547340
TebHesapClass,public,float,get_Fiyat,,,547452
TebHesapClass,public,float,get_IslemStogu,,,547420
TebHesapClass,public,string,get_KarZarar,,,547500
TebHesapClass,public,string,get_KarZararYuzde,,,547516
TebHesapClass,public,float,get_Maliyet,,,547436
TebHesapClass,public,string,get_Menkul,,,547372
TebHesapClass,public,int,get_MusteriNo,,,547324
TebHesapClass,public,string,get_PozisyonBuyuklugu,,,547548
TebHesapClass,public,string,get_Renk,,,547532
TebHesapClass,public,float,get_Stok,,,547388
TebHesapClass,public,float,get_Tutar,,,547468
TebHesapClass,public,string,get_Urun,,,547356
TebHesapClass,public,string,get_UzlasmaFiyati,,,547564
TebHesapClass,public,void,set_Blokaj,float,value,547412
TebHesapClass,public,void,set_CevapKodu,int,value,547300
TebHesapClass,public,void,set_CevapMesaj,string,value,547316
TebHesapClass,public,void,set_Degisim,string,value,547492
TebHesapClass,public,void,set_EkNo,int,value,547348
TebHesapClass,public,void,set_Fiyat,float,value,547460
TebHesapClass,public,void,set_IslemStogu,float,value,547428
TebHesapClass,public,void,set_KarZarar,string,value,547508
TebHesapClass,public,void,set_KarZararYuzde,string,value,547524
TebHesapClass,public,void,set_Maliyet,float,value,547444
TebHesapClass,public,void,set_Menkul,string,value,547380
TebHesapClass,public,void,set_MusteriNo,int,value,547332
TebHesapClass,public,void,set_PozisyonBuyuklugu,string,value,547556
TebHesapClass,public,void,set_Renk,string,value,547540
TebHesapClass,public,void,set_Stok,float,value,547396
TebHesapClass,public,void,set_Tutar,float,value,547476
TebHesapClass,public,void,set_Urun,string,value,547364
TebHesapClass,public,void,set_UzlasmaFiyati,string,value,547572
TebOrderCancelorEditResultClass,public,void,.ctor,,,548756
TebOrderCancelorEditResultClass,public,int,get_BlokajId,,,548692
TebOrderCancelorEditResultClass,public,float,get_BlokajTutar,,,548708
TebOrderCancelorEditResultClass,public,int,get_CevapKodu,,,548660
TebOrderCancelorEditResultClass,public,string,get_CevapMesaj,,,548676
TebOrderCancelorEditResultClass,public,int,get_TarihliEmir,,,548724
TebOrderCancelorEditResultClass,public,string,get_TarihliEmirMesaj,,,548740
TebOrderCancelorEditResultClass,public,void,set_BlokajId,int,value,548700
TebOrderCancelorEditResultClass,public,void,set_BlokajTutar,float,value,548716
TebOrderCancelorEditResultClass,public,void,set_CevapKodu,int,value,548668
TebOrderCancelorEditResultClass,public,void,set_CevapMesaj,string,value,548684
TebOrderCancelorEditResultClass,public,void,set_TarihliEmir,int,value,548732
TebOrderCancelorEditResultClass,public,void,set_TarihliEmirMesaj,string,value,548748
TebOrderResultClass,public,void,.ctor,,,548640
TebOrderResultClass,public,int,get_CevapKodu,,,548608
TebOrderResultClass,public,string,get_CevapMesaj,,,548624
TebOrderResultClass,public,void,set_CevapKodu,int,value,548616
TebOrderResultClass,public,void,set_CevapMesaj,string,value,548632
TebOrderclass,public,void,.ctor,,,548112
TebOrderclass,public,string,get_Aciklama,,,547936
TebOrderclass,public,string,get_Adet,,,547680
TebOrderclass,public,string,get_AlisSatis,,,547664
TebOrderclass,public,string,get_BekleyenAdet,,,547824
TebOrderclass,public,System.Nullable`1<int>,get_CevapKodu,,,547600
TebOrderclass,public,string,get_CevapMesaj,,,547616
TebOrderclass,public,string,get_Emir,,,548048
TebOrderclass,public,string,get_EmirGecerlilik,,,547744
TebOrderclass,public,string,get_EmirId,,,547760
TebOrderclass,public,string,get_EmirTipi,,,547728
TebOrderclass,public,string,get_EmirTuru,,,547712
TebOrderclass,public,System.Nullable`1<valuetype System.Decimal>,get_Fiyat,,,547696
TebOrderclass,public,System.Nullable`1<valuetype System.Decimal>,get_GerceklesmeFiyati,,,547808
TebOrderclass,public,string,get_GorunenAdet,,,547872
TebOrderclass,public,string,get_Hesap,,,547888
TebOrderclass,public,string,get_Hisse,,,547648
TebOrderclass,public,System.Nullable`1<int>,get_Iceberg,,,547856
TebOrderclass,public,string,get_InsertTime,,,547952
TebOrderclass,public,System.Nullable`1<int>,get_IptalEklemeYapilabilir,,,548016
TebOrderclass,public,System.Nullable`1<int>,get_Islem,,,548080
TebOrderclass,public,System.Nullable`1<int>,get_MaxZincirSiraNo,,,548064
TebOrderclass,public,System.Nullable`1<int>,get_MidPoint,,,547840
TebOrderclass,public,string,get_OrjAnaEmirReferans,,,548032
TebOrderclass,public,string,get_Referans,,,547920
TebOrderclass,public,System.Nullable`1<int>,get_SiraNo,,,547984
TebOrderclass,public,System.Nullable`1<valuetype System.DateTime>,get_SiralamZaman,,,548096
TebOrderclass,public,System.Nullable`1<int>,get_Status,,,547776
TebOrderclass,public,string,get_TalimatId,,,548000
TebOrderclass,public,System.Nullable`1<valuetype System.DateTime>,get_Tarih,,,547632
TebOrderclass,public,System.Nullable`1<valuetype System.Decimal>,get_Tutar,,,547904
TebOrderclass,public,System.Nullable`1<int>,get_UpdateNum,,,547792
TebOrderclass,public,string,get_UpdateTime,,,547968
TebOrderclass,public,void,set_Aciklama,string,value,547944
TebOrderclass,public,void,set_Adet,string,value,547688
TebOrderclass,public,void,set_AlisSatis,string,value,547672
TebOrderclass,public,void,set_BekleyenAdet,string,value,547832
TebOrderclass,public,void,set_CevapKodu,System.Nullable`1<int>,value,547608
TebOrderclass,public,void,set_CevapMesaj,string,value,547624
TebOrderclass,public,void,set_Emir,string,value,548056
TebOrderclass,public,void,set_EmirGecerlilik,string,value,547752
TebOrderclass,public,void,set_EmirId,string,value,547768
TebOrderclass,public,void,set_EmirTipi,string,value,547736
TebOrderclass,public,void,set_EmirTuru,string,value,547720
TebOrderclass,public,void,set_Fiyat,System.Nullable`1<valuetype System.Decimal>,value,547704
TebOrderclass,public,void,set_GerceklesmeFiyati,System.Nullable`1<valuetype System.Decimal>,value,547816
TebOrderclass,public,void,set_GorunenAdet,string,value,547880
TebOrderclass,public,void,set_Hesap,string,value,547896
TebOrderclass,public,void,set_Hisse,string,value,547656
TebOrderclass,public,void,set_Iceberg,System.Nullable`1<int>,value,547864
TebOrderclass,public,void,set_InsertTime,string,value,547960
TebOrderclass,public,void,set_IptalEklemeYapilabilir,System.Nullable`1<int>,value,548024
TebOrderclass,public,void,set_Islem,System.Nullable`1<int>,value,548088
TebOrderclass,public,void,set_MaxZincirSiraNo,System.Nullable`1<int>,value,548072
TebOrderclass,public,void,set_MidPoint,System.Nullable`1<int>,value,547848
TebOrderclass,public,void,set_OrjAnaEmirReferans,string,value,548040
TebOrderclass,public,void,set_Referans,string,value,547928
TebOrderclass,public,void,set_SiraNo,System.Nullable`1<int>,value,547992
TebOrderclass,public,void,set_SiralamZaman,System.Nullable`1<valuetype System.DateTime>,value,548104
TebOrderclass,public,void,set_Status,System.Nullable`1<int>,value,547784
TebOrderclass,public,void,set_TalimatId,string,value,548008
TebOrderclass,public,void,set_Tarih,System.Nullable`1<valuetype System.DateTime>,value,547640
TebOrderclass,public,void,set_Tutar,System.Nullable`1<valuetype System.Decimal>,value,547912
TebOrderclass,public,void,set_UpdateNum,System.Nullable`1<int>,value,547800
TebOrderclass,public,void,set_UpdateTime,string,value,547976
TradeHistory,public,object,get_orderId,,,704232
TradeHistory,public,object,get_orderId,,,708884
TradeHistory,public,string,get_positionSide,,,704392
TradeHistory,public,string,get_positionSide,,,709044
TradeHistory,public,string,get_price,,,704264
TradeHistory,public,string,get_price,,,708916
TradeHistory,public,void,set_orderId,object,value,704240
TradeHistory,public,void,set_orderId,object,value,708892
TradeHistory,public,void,set_positionSide,string,value,704400
TradeHistory,public,void,set_positionSide,string,value,709052
TradeHistory,public,void,set_price,string,value,704272
TradeHistory,public,void,set_price,string,value,708924
TradeImkb,public,void,.ctor,,,569132
TradeImkb,public,void,Change,string,srtX,568876
TradeImkb,public,void,Default,,,568908
TradeImkb,public,void,Delete,,,568940
TradeImkb,public,void,DeleteAll,,,568972
TradeImkb,public,System.Collections.Generic.List`1<string>,GetNames,,,569004
TradeImkb,public,void,Init,,,569036
TradeImkb,public,void,Save,byte[],bytesX,569068
TradeImkb,public,void,Saveas,byte[],bytesX,569100
TradeVip,public,void,.ctor,,,569436
TradeVip,public,void,Change,string,srtX,569180
TradeVip,public,void,Default,,,569212
TradeVip,public,void,Delete,,,569244
TradeVip,public,void,DeleteAll,,,569276
TradeVip,public,System.Collections.Generic.List`1<string>,GetNames,,,569308
TradeVip,public,void,Init,,,569340
TradeVip,public,void,Save,byte[],bytesX,569372
TradeVip,public,void,Saveas,byte[],bytesX,569404
TwoDateTransactionResponseDetay,public,double,get_fiyat,,,682176
TwoDateTransactionResponseDetay,public,int,get_hesap,,,682108
TwoDateTransactionResponseDetay,public,void,set_fiyat,double,value,682184
TwoDateTransactionResponseDetay,public,void,set_hesap,int,value,682116
TypeASItem,public,double,get_Hacim,,,700132
TypeASItem,public,void,set_Hacim,double,value,700140
TypeMPItem,public,double,get_Hacim,,,700412
TypeMPItem,public,void,set_Hacim,double,value,700420
TypeOIItem,public,double,get_Hacim,,,700296
TypeOIItem,public,void,set_Hacim,double,value,700304
TypeTakasToplam,public,void,.ctor,,,607776
Vb2a5Em3TtCKxkbaRni,public,void,.ctor,object; IntPtr,,0
Vb2a5Em3TtCKxkbaRni,public,string,Invoke,valuetype System.Guid&; string; class System.IFormatProvider,,0
Vb2a5Em3TtCKxkbaRni,public,string,r7iItWL60,valuetype System.Guid&; string; class System.IFormatProvider; class Vb2a5Em3TtCKxkbaRni,,763892
ViopIslemHandler,public,void,.ctor,object; IntPtr,object; method,0
ViopIslemHandler,public,class System.IAsyncResult,BeginInvoke,valuetype ideal.IslemStruct1; class System.AsyncCallback; object,itemX; callback; object,0
ViopIslemHandler,public,void,EndInvoke,class System.IAsyncResult,result,0
ViopIslemHandler,public,void,Invoke,valuetype ideal.IslemStruct1,itemX,0
ViopOrderCancelReq,public,void,.ctor,,,685800
ViopOrderCancelReq,public,string,get_imkbEmirNo,,,685784
ViopOrderCancelReq,public,string,get_ref,,,685768
ViopOrderCancelReq,public,void,set_imkbEmirNo,string,value,685792
ViopOrderCancelReq,public,void,set_ref,string,value,685776
ViopOrderCancelResponse,public,void,.ctor,,,685884
ViopOrderCancelResponse,public,class ViopOrderCancelResponseData,get_data,,,685820
ViopOrderCancelResponse,public,object,get_message,,,685852
ViopOrderCancelResponse,public,int,get_statusCode,,,685868
ViopOrderCancelResponse,public,bool,get_success,,,685836
ViopOrderCancelResponse,public,void,set_data,class ViopOrderCancelResponseData,value,685828
ViopOrderCancelResponse,public,void,set_message,object,value,685860
ViopOrderCancelResponse,public,void,set_statusCode,int,value,685876
ViopOrderCancelResponse,public,void,set_success,bool,value,685844
ViopOrderCancelResponseData,public,void,.ctor,,,685968
ViopOrderCancelResponseData,public,string,get_cal,,,685904
ViopOrderCancelResponseData,public,int,get_errorCode,,,685920
ViopOrderCancelResponseData,public,string,get_errorMessage,,,685936
ViopOrderCancelResponseData,public,int,get_errorUniqueCode,,,685952
ViopOrderCancelResponseData,public,void,set_cal,string,value,685912
ViopOrderCancelResponseData,public,void,set_errorCode,int,value,685928
ViopOrderCancelResponseData,public,void,set_errorMessage,string,value,685944
ViopOrderCancelResponseData,public,void,set_errorUniqueCode,int,value,685960
ViopPozisyon,public,void,.ctor,,,685536
ViopPozisyon,public,float,get_guniciKz,,,685520
ViopPozisyon,public,float,get_kapanis,,,685488
ViopPozisyon,public,float,get_maliyet,,,685472
ViopPozisyon,public,float,get_parasalTutar,,,685504
ViopPozisyon,public,int,get_pozisyonSayisi,,,685456
ViopPozisyon,public,string,get_sozlesmeKodu,,,685424
ViopPozisyon,public,string,get_uzunKisa,,,685440
ViopPozisyon,public,void,set_guniciKz,float,value,685528
ViopPozisyon,public,void,set_kapanis,float,value,685496
ViopPozisyon,public,void,set_maliyet,float,value,685480
ViopPozisyon,public,void,set_parasalTutar,float,value,685512
ViopPozisyon,public,void,set_pozisyonSayisi,int,value,685464
ViopPozisyon,public,void,set_sozlesmeKodu,string,value,685432
ViopPozisyon,public,void,set_uzunKisa,string,value,685448
ViopRobotHesapClass,public,void,.ctor,,,549440
VipAccountSummaryResponse,public,void,.ctor,,,686052
VipAccountSummaryResponse,public,class VipAccountSummaryResponseData,get_data,,,685988
VipAccountSummaryResponse,public,object,get_message,,,686020
VipAccountSummaryResponse,public,int,get_statusCode,,,686036
VipAccountSummaryResponse,public,bool,get_success,,,686004
VipAccountSummaryResponse,public,void,set_data,class VipAccountSummaryResponseData,value,685996
VipAccountSummaryResponse,public,void,set_message,object,value,686028
VipAccountSummaryResponse,public,void,set_statusCode,int,value,686044
VipAccountSummaryResponse,public,void,set_success,bool,value,686012
VipAccountSummaryResponseBvtm,public,void,.ctor,,,686464
VipAccountSummaryResponseBvtm,public,float,get_anlikkzmaliyet,,,686448
VipAccountSummaryResponseBvtm,public,float,get_baslangicTeminati,,,686224
VipAccountSummaryResponseBvtm,public,float,get_cekilebilirTeminat,,,686304
VipAccountSummaryResponseBvtm,public,float,get_cekilebilirTeminatPasifDahil,,,686432
VipAccountSummaryResponseBvtm,public,float,get_digerTeminatlar,,,686192
VipAccountSummaryResponseBvtm,public,int,get_hesap,,,686128
VipAccountSummaryResponseBvtm,public,string,get_hesapDurumu,,,686320
VipAccountSummaryResponseBvtm,public,float,get_kalanTeminat,,,686256
VipAccountSummaryResponseBvtm,public,float,get_karzarar,,,686336
VipAccountSummaryResponseBvtm,public,float,get_kz_sonFiyat,,,686368
VipAccountSummaryResponseBvtm,public,float,get_nakitTeminatlar,,,686176
VipAccountSummaryResponseBvtm,public,float,get_pasifDahilGerekliBaslangic,,,686352
VipAccountSummaryResponseBvtm,public,float,get_primToplami,,,686384
VipAccountSummaryResponseBvtm,public,float,get_primToplamiAlacak,,,686416
VipAccountSummaryResponseBvtm,public,float,get_primToplamiBorc,,,686400
VipAccountSummaryResponseBvtm,public,string,get_riskDurumu,,,686160
VipAccountSummaryResponseBvtm,public,float,get_seanslikTeminat,,,686208
VipAccountSummaryResponseBvtm,public,float,get_surdurmeTeminatiMarji,,,686240
VipAccountSummaryResponseBvtm,public,valuetype System.DateTime,get_tarih,,,686108
VipAccountSummaryResponseBvtm,public,float,get_teminatTamamlamaCagrisiHesaplama,,,686272
VipAccountSummaryResponseBvtm,public,float,get_teminatTamamlamaCagrisiMiktari,,,686288
VipAccountSummaryResponseBvtm,public,string,get_teminatTipi,,,686144
VipAccountSummaryResponseBvtm,public,void,set_anlikkzmaliyet,float,value,686456
VipAccountSummaryResponseBvtm,public,void,set_baslangicTeminati,float,value,686232
VipAccountSummaryResponseBvtm,public,void,set_cekilebilirTeminat,float,value,686312
VipAccountSummaryResponseBvtm,public,void,set_cekilebilirTeminatPasifDahil,float,value,686440
VipAccountSummaryResponseBvtm,public,void,set_digerTeminatlar,float,value,686200
VipAccountSummaryResponseBvtm,public,void,set_hesap,int,value,686136
VipAccountSummaryResponseBvtm,public,void,set_hesapDurumu,string,value,686328
VipAccountSummaryResponseBvtm,public,void,set_kalanTeminat,float,value,686264
VipAccountSummaryResponseBvtm,public,void,set_karzarar,float,value,686344
VipAccountSummaryResponseBvtm,public,void,set_kz_sonFiyat,float,value,686376
VipAccountSummaryResponseBvtm,public,void,set_nakitTeminatlar,float,value,686184
VipAccountSummaryResponseBvtm,public,void,set_pasifDahilGerekliBaslangic,float,value,686360
VipAccountSummaryResponseBvtm,public,void,set_primToplami,float,value,686392
VipAccountSummaryResponseBvtm,public,void,set_primToplamiAlacak,float,value,686424
VipAccountSummaryResponseBvtm,public,void,set_primToplamiBorc,float,value,686408
VipAccountSummaryResponseBvtm,public,void,set_riskDurumu,string,value,686168
VipAccountSummaryResponseBvtm,public,void,set_seanslikTeminat,float,value,686216
VipAccountSummaryResponseBvtm,public,void,set_surdurmeTeminatiMarji,float,value,686248
VipAccountSummaryResponseBvtm,public,void,set_tarih,valuetype System.DateTime,value,686120
VipAccountSummaryResponseBvtm,public,void,set_teminatTamamlamaCagrisiHesaplama,float,value,686280
VipAccountSummaryResponseBvtm,public,void,set_teminatTamamlamaCagrisiMiktari,float,value,686296
VipAccountSummaryResponseBvtm,public,void,set_teminatTipi,string,value,686152
VipAccountSummaryResponseData,public,void,.ctor,,,686088
VipAccountSummaryResponseData,public,class VipAccountSummaryResponseBvtm[],get_bvtm,,,686072
VipAccountSummaryResponseData,public,void,set_bvtm,class VipAccountSummaryResponseBvtm[],value,686080
VipContractGtp,public,void,.ctor,,,545024
VipContractGtp,public,class Record,GetContract,string,keyX,544992
VipKZRaporRecord,public,void,.ctor,,,544964
VipNet,public,void,.ctor,,,525632
VipNet,public,void,Write,,,525540
VipOrderImproveResponse,public,void,.ctor,,,688460
VipOrderImproveResponse,public,class VipOrderImroveData,get_data,,,688396
VipOrderImproveResponse,public,object,get_message,,,688428
VipOrderImproveResponse,public,int,get_statusCode,,,688444
VipOrderImproveResponse,public,bool,get_success,,,688412
VipOrderImproveResponse,public,void,set_data,class VipOrderImroveData,value,688404
VipOrderImproveResponse,public,void,set_message,object,value,688436
VipOrderImproveResponse,public,void,set_statusCode,int,value,688452
VipOrderImproveResponse,public,void,set_success,bool,value,688420
VipOrderImprovementReq,public,void,.ctor,,,688376
VipOrderImprovementReq,public,int,get_acikKapali,,,688344
VipOrderImprovementReq,public,valuetype System.Decimal,get_eskiFiyat,,,688276
VipOrderImprovementReq,public,int,get_eskiMiktar,,,688312
VipOrderImprovementReq,public,valuetype System.Decimal,get_fiyat,,,688256
VipOrderImprovementReq,public,string,get_imkbEmirNo,,,688240
VipOrderImprovementReq,public,int,get_miktar,,,688296
VipOrderImprovementReq,public,string,get_ref,,,688224
VipOrderImprovementReq,public,string,get_sure,,,688328
VipOrderImprovementReq,public,string,get_sureTarih,,,688360
VipOrderImprovementReq,public,void,set_acikKapali,int,value,688352
VipOrderImprovementReq,public,void,set_eskiFiyat,valuetype System.Decimal,value,688288
VipOrderImprovementReq,public,void,set_eskiMiktar,int,value,688320
VipOrderImprovementReq,public,void,set_fiyat,valuetype System.Decimal,value,688268
VipOrderImprovementReq,public,void,set_imkbEmirNo,string,value,688248
VipOrderImprovementReq,public,void,set_miktar,int,value,688304
VipOrderImprovementReq,public,void,set_ref,string,value,688232
VipOrderImprovementReq,public,void,set_sure,string,value,688336
VipOrderImprovementReq,public,void,set_sureTarih,string,value,688368
VipOrderImroveData,public,void,.ctor,,,688544
VipOrderImroveData,public,string,get_cal,,,688480
VipOrderImroveData,public,int,get_errorCode,,,688496
VipOrderImroveData,public,string,get_errorMessage,,,688512
VipOrderImroveData,public,int,get_errorUniqueCode,,,688528
VipOrderImroveData,public,void,set_cal,string,value,688488
VipOrderImroveData,public,void,set_errorCode,int,value,688504
VipOrderImroveData,public,void,set_errorMessage,string,value,688520
VipOrderImroveData,public,void,set_errorUniqueCode,int,value,688536
VipOrderRecord,public,void,.ctor,,,544880
VipOrdersReq,public,void,.ctor,,,686516
VipOrdersReq,public,string,get__ref,,,686484
VipOrdersReq,public,string,get_gerceklesenDetay,,,686500
VipOrdersReq,public,void,set__ref,string,value,686492
VipOrdersReq,public,void,set_gerceklesenDetay,string,value,686508
VipOrdersResponse,public,void,.ctor,,,686600
VipOrdersResponse,public,class VipOrdersResponseData,get_data,,,686536
VipOrdersResponse,public,object,get_message,,,686568
VipOrdersResponse,public,int,get_statusCode,,,686584
VipOrdersResponse,public,bool,get_success,,,686552
VipOrdersResponse,public,void,set_data,class VipOrdersResponseData,value,686544
VipOrdersResponse,public,void,set_message,object,value,686576
VipOrdersResponse,public,void,set_statusCode,int,value,686592
VipOrdersResponse,public,void,set_success,bool,value,686560
VipOrdersResponseArr,public,void,.ctor,,,687060
VipOrdersResponseArr,public,string,get_durum,,,686784
VipOrdersResponseArr,public,string,get_emir,,,686720
VipOrdersResponseArr,public,string,get_emirDurum,,,686688
VipOrdersResponseArr,public,string,get_emirGirisAni,,,686964
VipOrdersResponseArr,public,string,get_emirTipiNew,,,686884
VipOrdersResponseArr,public,double,get_fiyat,,,686752
VipOrdersResponseArr,public,double,get_gerceklesenMiktar,,,686816
VipOrdersResponseArr,public,double,get_gerceklesenOrtalama,,,686832
VipOrdersResponseArr,public,string,get_gerceklesmeSonZaman,,,687044
VipOrdersResponseArr,public,int,get_hesapNo,,,686656
VipOrdersResponseArr,public,string,get_hisseKodu,,,686704
VipOrdersResponseArr,public,string,get_imkbEmirNo,,,686800
VipOrdersResponseArr,public,string,get_iptalAciklama,,,686948
VipOrdersResponseArr,public,float,get_miktar,,,686736
VipOrdersResponseArr,public,int,get_orj_SysId,,,686900
VipOrdersResponseArr,public,float,get_orjinalTutar,,,687028
VipOrdersResponseArr,public,string,get_seans,,,686848
VipOrdersResponseArr,public,string,get_seansNew,,,687012
VipOrdersResponseArr,public,valuetype System.DateTime,get_sonTarih,,,686864
VipOrdersResponseArr,public,int,get_sysId,,,686672
VipOrdersResponseArr,public,string,get_tetikSozlesme,,,686996
VipOrdersResponseArr,public,float,get_triggerPrice,,,686932
VipOrdersResponseArr,public,string,get_triggerTypeDesc,,,686916
VipOrdersResponseArr,public,float,get_tutar,,,686768
VipOrdersResponseArr,public,float,get_veriDagiticiMiktar,,,686980
VipOrdersResponseArr,public,void,set_durum,string,value,686792
VipOrdersResponseArr,public,void,set_emir,string,value,686728
VipOrdersResponseArr,public,void,set_emirDurum,string,value,686696
VipOrdersResponseArr,public,void,set_emirGirisAni,string,value,686972
VipOrdersResponseArr,public,void,set_emirTipiNew,string,value,686892
VipOrdersResponseArr,public,void,set_fiyat,double,value,686760
VipOrdersResponseArr,public,void,set_gerceklesenMiktar,double,value,686824
VipOrdersResponseArr,public,void,set_gerceklesenOrtalama,double,value,686840
VipOrdersResponseArr,public,void,set_gerceklesmeSonZaman,string,value,687052
VipOrdersResponseArr,public,void,set_hesapNo,int,value,686664
VipOrdersResponseArr,public,void,set_hisseKodu,string,value,686712
VipOrdersResponseArr,public,void,set_imkbEmirNo,string,value,686808
VipOrdersResponseArr,public,void,set_iptalAciklama,string,value,686956
VipOrdersResponseArr,public,void,set_miktar,float,value,686744
VipOrdersResponseArr,public,void,set_orj_SysId,int,value,686908
VipOrdersResponseArr,public,void,set_orjinalTutar,float,value,687036
VipOrdersResponseArr,public,void,set_seans,string,value,686856
VipOrdersResponseArr,public,void,set_seansNew,string,value,687020
VipOrdersResponseArr,public,void,set_sonTarih,valuetype System.DateTime,value,686876
VipOrdersResponseArr,public,void,set_sysId,int,value,686680
VipOrdersResponseArr,public,void,set_tetikSozlesme,string,value,687004
VipOrdersResponseArr,public,void,set_triggerPrice,float,value,686940
VipOrdersResponseArr,public,void,set_triggerTypeDesc,string,value,686924
VipOrdersResponseArr,public,void,set_tutar,float,value,686776
VipOrdersResponseArr,public,void,set_veriDagiticiMiktar,float,value,686988
VipOrdersResponseData,public,void,.ctor,,,686636
VipOrdersResponseData,public,class VipOrdersResponseArr[],get_emirler,,,686620
VipOrdersResponseData,public,void,set_emirler,class VipOrdersResponseArr[],value,686628
VipPositionRecord,public,void,.ctor,,,544852
VipPositions,public,void,.ctor,,,687144
VipPositions,public,class VipPositionsData,get_data,,,687080
VipPositions,public,object,get_message,,,687112
VipPositions,public,int,get_statusCode,,,687128
VipPositions,public,bool,get_success,,,687096
VipPositions,public,void,set_data,class VipPositionsData,value,687088
VipPositions,public,void,set_message,object,value,687120
VipPositions,public,void,set_statusCode,int,value,687136
VipPositions,public,void,set_success,bool,value,687104
VipPositionsBvp,public,void,.ctor,,,687520
VipPositionsBvp,public,int,get_acikpozisyondeger,,,687344
VipPositionsBvp,public,int,get_acikpoztoplami,,,687312
VipPositionsBvp,public,float,get_agirortmaliyet,,,687504
VipPositionsBvp,public,float,get_anlikkzmaliyet,,,687472
VipPositionsBvp,public,string,get_doviztutar,,,687424
VipPositionsBvp,public,float,get_gunicikzsonfiyat,,,687456
VipPositionsBvp,public,int,get_hesap,,,687216
VipPositionsBvp,public,string,get_hesapdurumu,,,687360
VipPositionsBvp,public,float,get_kapanis,,,687392
VipPositionsBvp,public,float,get_karzarar,,,687248
VipPositionsBvp,public,int,get_kisapoztoplami,,,687296
VipPositionsBvp,public,float,get_kzsonfiyat,,,687440
VipPositionsBvp,public,float,get_maliyet,,,687376
VipPositionsBvp,public,int,get_netpozisyon,,,687328
VipPositionsBvp,public,float,get_sonfiyatkzmaliyet,,,687488
VipPositionsBvp,public,string,get_sozlesme,,,687264
VipPositionsBvp,public,string,get_tarih,,,687200
VipPositionsBvp,public,string,get_tip,,,687232
VipPositionsBvp,public,float,get_tutar,,,687408
VipPositionsBvp,public,int,get_uzunpoztoplami,,,687280
VipPositionsBvp,public,void,set_acikpozisyondeger,int,value,687352
VipPositionsBvp,public,void,set_acikpoztoplami,int,value,687320
VipPositionsBvp,public,void,set_agirortmaliyet,float,value,687512
VipPositionsBvp,public,void,set_anlikkzmaliyet,float,value,687480
VipPositionsBvp,public,void,set_doviztutar,string,value,687432
VipPositionsBvp,public,void,set_gunicikzsonfiyat,float,value,687464
VipPositionsBvp,public,void,set_hesap,int,value,687224
VipPositionsBvp,public,void,set_hesapdurumu,string,value,687368
VipPositionsBvp,public,void,set_kapanis,float,value,687400
VipPositionsBvp,public,void,set_karzarar,float,value,687256
VipPositionsBvp,public,void,set_kisapoztoplami,int,value,687304
VipPositionsBvp,public,void,set_kzsonfiyat,float,value,687448
VipPositionsBvp,public,void,set_maliyet,float,value,687384
VipPositionsBvp,public,void,set_netpozisyon,int,value,687336
VipPositionsBvp,public,void,set_sonfiyatkzmaliyet,float,value,687496
VipPositionsBvp,public,void,set_sozlesme,string,value,687272
VipPositionsBvp,public,void,set_tarih,string,value,687208
VipPositionsBvp,public,void,set_tip,string,value,687240
VipPositionsBvp,public,void,set_tutar,float,value,687416
VipPositionsBvp,public,void,set_uzunpoztoplami,int,value,687288
VipPositionsData,public,void,.ctor,,,687180
VipPositionsData,public,class VipPositionsBvp[],get_bvps,,,687164
VipPositionsData,public,void,set_bvps,class VipPositionsBvp[],value,687172
VipProfitLossReportReq,public,void,.ctor,,,687848
VipProfitLossReportReq,public,string,get_basTarih,,,687800
VipProfitLossReportReq,public,string,get_bitTarih,,,687816
VipProfitLossReportReq,public,string,get_sozlesmeTuru,,,687832
VipProfitLossReportReq,public,void,set_basTarih,string,value,687808
VipProfitLossReportReq,public,void,set_bitTarih,string,value,687824
VipProfitLossReportReq,public,void,set_sozlesmeTuru,string,value,687840
VipProfitLossResponse,public,void,.ctor,,,687932
VipProfitLossResponse,public,class VipProfitLossResponseData,get_data,,,687868
VipProfitLossResponse,public,object,get_message,,,687900
VipProfitLossResponse,public,int,get_statusCode,,,687916
VipProfitLossResponse,public,bool,get_success,,,687884
VipProfitLossResponse,public,void,set_data,class VipProfitLossResponseData,value,687876
VipProfitLossResponse,public,void,set_message,object,value,687908
VipProfitLossResponse,public,void,set_statusCode,int,value,687924
VipProfitLossResponse,public,void,set_success,bool,value,687892
VipProfitLossResponseData,public,void,.ctor,,,687984
VipProfitLossResponseData,public,class Vrd[],get_vrd,,,687952
VipProfitLossResponseData,public,class Vr[],get_vrs,,,687968
VipProfitLossResponseData,public,void,set_vrd,class Vrd[],value,687960
VipProfitLossResponseData,public,void,set_vrs,class Vr[],value,687976
VipProfitRecord,public,void,.ctor,,,544936
VipReportCashReq,public,void,.ctor,,,687572
VipReportCashReq,public,string,get_basTarih,,,687540
VipReportCashReq,public,string,get_bitTarih,,,687556
VipReportCashReq,public,void,set_basTarih,string,value,687548
VipReportCashReq,public,void,set_bitTarih,string,value,687564
VipReportCashResponse,public,void,.ctor,,,687656
VipReportCashResponse,public,class VipReportCashResponseData,get_data,,,687592
VipReportCashResponse,public,object,get_message,,,687624
VipReportCashResponse,public,int,get_statusCode,,,687640
VipReportCashResponse,public,bool,get_success,,,687608
VipReportCashResponse,public,void,set_data,class VipReportCashResponseData,value,687600
VipReportCashResponse,public,void,set_message,object,value,687632
VipReportCashResponse,public,void,set_statusCode,int,value,687648
VipReportCashResponse,public,void,set_success,bool,value,687616
VipReportCashResponseData,public,void,.ctor,,,687692
VipReportCashResponseData,public,class VipReportCashResponseList[],get_list,,,687676
VipReportCashResponseData,public,void,set_list,class VipReportCashResponseList[],value,687684
VipReportCashResponseList,public,void,.ctor,,,687780
VipReportCashResponseList,public,string,get_aciklama,,,687732
VipReportCashResponseList,public,float,get_alacak,,,687764
VipReportCashResponseList,public,float,get_borc,,,687748
VipReportCashResponseList,public,valuetype System.DateTime,get_valorTarihi,,,687712
VipReportCashResponseList,public,void,set_aciklama,string,value,687740
VipReportCashResponseList,public,void,set_alacak,float,value,687772
VipReportCashResponseList,public,void,set_borc,float,value,687756
VipReportCashResponseList,public,void,set_valorTarihi,valuetype System.DateTime,value,687724
VipSendOrderReq,public,void,.ctor,,,688796
VipSendOrderReq,public,int,get_acikKapali,,,688748
VipSendOrderReq,public,string,get_aksamSeansi,,,688780
VipSendOrderReq,public,valuetype System.Decimal,get_fiyat,,,688612
VipSendOrderReq,public,valuetype System.Decimal,get_gorunenMiktar,,,688680
VipSendOrderReq,public,string,get_islem,,,688580
VipSendOrderReq,public,int,get_miktar,,,688596
VipSendOrderReq,public,string,get_orderType,,,688632
VipSendOrderReq,public,string,get_smsGonderimi,,,688764
VipSendOrderReq,public,string,get_sozlesme,,,688564
VipSendOrderReq,public,string,get_sure,,,688664
VipSendOrderReq,public,string,get_sureTarih,,,688648
VipSendOrderReq,public,int,get_tetikFiyat,,,688716
VipSendOrderReq,public,object,get_tetikSozlesme,,,688732
VipSendOrderReq,public,int,get_tetikTipi,,,688700
VipSendOrderReq,public,void,set_acikKapali,int,value,688756
VipSendOrderReq,public,void,set_aksamSeansi,string,value,688788
VipSendOrderReq,public,void,set_fiyat,valuetype System.Decimal,value,688624
VipSendOrderReq,public,void,set_gorunenMiktar,valuetype System.Decimal,value,688692
VipSendOrderReq,public,void,set_islem,string,value,688588
VipSendOrderReq,public,void,set_miktar,int,value,688604
VipSendOrderReq,public,void,set_orderType,string,value,688640
VipSendOrderReq,public,void,set_smsGonderimi,string,value,688772
VipSendOrderReq,public,void,set_sozlesme,string,value,688572
VipSendOrderReq,public,void,set_sure,string,value,688672
VipSendOrderReq,public,void,set_sureTarih,string,value,688656
VipSendOrderReq,public,void,set_tetikFiyat,int,value,688724
VipSendOrderReq,public,void,set_tetikSozlesme,object,value,688740
VipSendOrderReq,public,void,set_tetikTipi,int,value,688708
VipSendOrderResponse,public,void,.ctor,,,688880
VipSendOrderResponse,public,class VipSendOrderResponseDataData,get_data,,,688816
VipSendOrderResponse,public,object,get_message,,,688848
VipSendOrderResponse,public,int,get_statusCode,,,688864
VipSendOrderResponse,public,bool,get_success,,,688832
VipSendOrderResponse,public,void,set_data,class VipSendOrderResponseDataData,value,688824
VipSendOrderResponse,public,void,set_message,object,value,688856
VipSendOrderResponse,public,void,set_statusCode,int,value,688872
VipSendOrderResponse,public,void,set_success,bool,value,688840
VipSendOrderResponseDataData,public,void,.ctor,,,688964
VipSendOrderResponseDataData,public,int,get_errorCode,,,688916
VipSendOrderResponseDataData,public,string,get_errorMessage,,,688932
VipSendOrderResponseDataData,public,int,get_errorUniqueCode,,,688948
VipSendOrderResponseDataData,public,string,get_hsr,,,688900
VipSendOrderResponseDataData,public,void,set_errorCode,int,value,688924
VipSendOrderResponseDataData,public,void,set_errorMessage,string,value,688940
VipSendOrderResponseDataData,public,void,set_errorUniqueCode,int,value,688956
VipSendOrderResponseDataData,public,void,set_hsr,string,value,688908
VipStatementRecord,public,void,.ctor,,,544908
VipTransactionReport,public,void,.ctor,,,544824
VipTransactionResponse,public,void,.ctor,,,689116
VipTransactionResponse,public,class VipTransactionResponseData,get_data,,,689052
VipTransactionResponse,public,object,get_message,,,689084
VipTransactionResponse,public,int,get_statusCode,,,689100
VipTransactionResponse,public,bool,get_success,,,689068
VipTransactionResponse,public,void,set_data,class VipTransactionResponseData,value,689060
VipTransactionResponse,public,void,set_message,object,value,689092
VipTransactionResponse,public,void,set_statusCode,int,value,689108
VipTransactionResponse,public,void,set_success,bool,value,689076
VipTransactionResponseData,public,void,.ctor,,,689152
VipTransactionResponseData,public,class VipTransactionResponseVrd[],get_vrd,,,689136
VipTransactionResponseData,public,void,set_vrd,class VipTransactionResponseVrd[],value,689144
VipTransactionResponseVrd,public,void,.ctor,,,689480
VipTransactionResponseVrd,public,int,get_acikKomisyon,,,689416
VipTransactionResponseVrd,public,int,get_acikMiktar,,,689400
VipTransactionResponseVrd,public,string,get_alisSatis,,,689272
VipTransactionResponseVrd,public,double,get_borsaPayi,,,689432
VipTransactionResponseVrd,public,double,get_bsmv,,,689464
VipTransactionResponseVrd,public,string,get_emirSaati,,,689352
VipTransactionResponseVrd,public,double,get_fiyat,,,689288
VipTransactionResponseVrd,public,float,get_hacim,,,689320
VipTransactionResponseVrd,public,int,get_hesap,,,689172
VipTransactionResponseVrd,public,int,get_islem,,,689224
VipTransactionResponseVrd,public,string,get_karsiUye,,,689336
VipTransactionResponseVrd,public,double,get_komisyon,,,689448
VipTransactionResponseVrd,public,int,get_miktar,,,689304
VipTransactionResponseVrd,public,string,get_pazar,,,689256
VipTransactionResponseVrd,public,string,get_saat,,,689208
VipTransactionResponseVrd,public,int,get_seans,,,689384
VipTransactionResponseVrd,public,string,get_sozlesme,,,689240
VipTransactionResponseVrd,public,valuetype System.DateTime,get_tarih,,,689188
VipTransactionResponseVrd,public,string,get_tip,,,689368
VipTransactionResponseVrd,public,void,set_acikKomisyon,int,value,689424
VipTransactionResponseVrd,public,void,set_acikMiktar,int,value,689408
VipTransactionResponseVrd,public,void,set_alisSatis,string,value,689280
VipTransactionResponseVrd,public,void,set_borsaPayi,double,value,689440
VipTransactionResponseVrd,public,void,set_bsmv,double,value,689472
VipTransactionResponseVrd,public,void,set_emirSaati,string,value,689360
VipTransactionResponseVrd,public,void,set_fiyat,double,value,689296
VipTransactionResponseVrd,public,void,set_hacim,float,value,689328
VipTransactionResponseVrd,public,void,set_hesap,int,value,689180
VipTransactionResponseVrd,public,void,set_islem,int,value,689232
VipTransactionResponseVrd,public,void,set_karsiUye,string,value,689344
VipTransactionResponseVrd,public,void,set_komisyon,double,value,689456
VipTransactionResponseVrd,public,void,set_miktar,int,value,689312
VipTransactionResponseVrd,public,void,set_pazar,string,value,689264
VipTransactionResponseVrd,public,void,set_saat,string,value,689216
VipTransactionResponseVrd,public,void,set_seans,int,value,689392
VipTransactionResponseVrd,public,void,set_sozlesme,string,value,689248
VipTransactionResponseVrd,public,void,set_tarih,valuetype System.DateTime,value,689200
VipTransactionResponseVrd,public,void,set_tip,string,value,689376
VipTransactionsReq,public,void,.ctor,,,689032
VipTransactionsReq,public,string,get_baslangicTarihi,,,689000
VipTransactionsReq,public,string,get_bitisTarihi,,,689016
VipTransactionsReq,public,string,get_sozlesme,,,688984
VipTransactionsReq,public,void,set_baslangicTarihi,string,value,689008
VipTransactionsReq,public,void,set_bitisTarihi,string,value,689024
VipTransactionsReq,public,void,set_sozlesme,string,value,688992
Vrd,public,float,get_kullanımFiyati,,,688120
Vrd,public,void,set_kullanımFiyati,float,value,688128
ideal.AccountInfoModel,public,void,.ctor,,,24412
ideal.AccountInfoModel,public,bool,get_AuthenticatorTfaEnabled,,,24380
ideal.AccountInfoModel,public,string,get_Email,,,24168
ideal.AccountInfoModel,public,bool,get_EmailConfirmed,,,24264
ideal.AccountInfoModel,public,bool,get_EmailTfaEnabled,,,24364
ideal.AccountInfoModel,public,string,get_FirstName,,,24200
ideal.AccountInfoModel,public,int,get_GroupId,,,24152
ideal.AccountInfoModel,public,string,get_Gsm,,,24232
ideal.AccountInfoModel,public,bool,get_GsmConfirmed,,,24248
ideal.AccountInfoModel,public,string,get_IdentityNumber,,,24184
ideal.AccountInfoModel,public,bool,get_IsLocal,,,24396
ideal.AccountInfoModel,public,bool,get_KycEnabled,,,24296
ideal.AccountInfoModel,public,string,get_LastLoginIp,,,24332
ideal.AccountInfoModel,public,valuetype System.DateTime,get_LastLoginTime,,,24312
ideal.AccountInfoModel,public,string,get_LastName,,,24216
ideal.AccountInfoModel,public,bool,get_PhoneTfaEnabled,,,24348
ideal.AccountInfoModel,public,string,get_Status,,,24280
ideal.AccountInfoModel,public,int,get_UserId,,,24136
ideal.AccountInfoModel,public,void,set_AuthenticatorTfaEnabled,bool,value,24388
ideal.AccountInfoModel,public,void,set_Email,string,value,24176
ideal.AccountInfoModel,public,void,set_EmailConfirmed,bool,value,24272
ideal.AccountInfoModel,public,void,set_EmailTfaEnabled,bool,value,24372
ideal.AccountInfoModel,public,void,set_FirstName,string,value,24208
ideal.AccountInfoModel,public,void,set_GroupId,int,value,24160
ideal.AccountInfoModel,public,void,set_Gsm,string,value,24240
ideal.AccountInfoModel,public,void,set_GsmConfirmed,bool,value,24256
ideal.AccountInfoModel,public,void,set_IdentityNumber,string,value,24192
ideal.AccountInfoModel,public,void,set_IsLocal,bool,value,24404
ideal.AccountInfoModel,public,void,set_KycEnabled,bool,value,24304
ideal.AccountInfoModel,public,void,set_LastLoginIp,string,value,24340
ideal.AccountInfoModel,public,void,set_LastLoginTime,valuetype System.DateTime,value,24324
ideal.AccountInfoModel,public,void,set_LastName,string,value,24224
ideal.AccountInfoModel,public,void,set_PhoneTfaEnabled,bool,value,24356
ideal.AccountInfoModel,public,void,set_Status,string,value,24288
ideal.AccountInfoModel,public,void,set_UserId,int,value,24144
ideal.AccountSpotWallet,public,void,.ctor,,,22488
ideal.AccountSpotWallet,public,string,get_Available,,,22472
ideal.AccountSpotWallet,public,string,get_Blocked,,,22440
ideal.AccountSpotWallet,public,double,get_Request,,,22424
ideal.AccountSpotWallet,public,string,get_Total,,,22456
ideal.AccountSpotWallet,public,void,set_Available,string,value,22480
ideal.AccountSpotWallet,public,void,set_Blocked,string,value,22448
ideal.AccountSpotWallet,public,void,set_Request,double,value,22432
ideal.AccountSpotWallet,public,void,set_Total,string,value,22464
ideal.AlgoClass,public,bool,EmirGonder,valuetype System.Decimal; valuetype System.Decimal; string,miktarX; fiyat; aciklamaX,108440
ideal.AlgoClass,public,bool,EmirGonderArbitraj,string; valuetype System.Decimal; valuetype System.Decimal; string,sembolX; miktarX; fiyatX; emirTipX,108532
ideal.AlgoClass,public,valuetype System.Decimal,FindEmirKademeFiyat,string; valuetype System.Decimal; valuetype System.Decimal,sembol; miktar; hedeffiyat,108484
ideal.AlgoClass,public,void,SendOrderPov,int; valuetype System.Decimal; string,miktar; fiyat; aciklama,108592
ideal.Arbitraj1Class,public,void,EmirGonder,string; valuetype System.Decimal; valuetype System.Decimal; string,sembolX; miktarX; fiyatX; emirTipX,137976
ideal.ArbitrajClass,public,void,EmirGonder,int; double; string,sembolnoX; miktarX; aciklamaX,79448
ideal.BasicTakas,public,void,.ctor,,,61896
ideal.BasicTakas,public,void,ReadTakas,,,61780
ideal.BinanceSpotClient,public,System.Threading.Tasks.Task`1<valuetype System.Decimal>,GetAccountBalance,string,asset,10220
ideal.BinanceSpotClient,public,System.Threading.Tasks.Task`1<class AccountInfo>,GetAccountInfo,,,10284
ideal.BinanceSpotClient,public,System.Threading.Tasks.Task`1<valuetype System.Decimal>,GetCurrentPrice,string,symbol,10204
ideal.BinanceSpotClient,public,System.Threading.Tasks.Task`1<string>,PlaceOrder,string; string; valuetype System.Decimal; valuetype System.Decimal,symbol; side; quantity; price,10236
ideal.BmcClass,public,class ideal.BmcPozisyonClass,GetPozisyon,string; string; string,tarama; periyot; sembol,180228
ideal.BmcClass,public,void,PozisyonlariKapat,,,180316
ideal.BmcClass,public,void,SetPozisyon,string; string; string; class ideal.BmcPozisyonClass,tarama; periyot; sembol; item,180432
ideal.BmcEmirClass,public,void,.ctor,,,180084
ideal.BmcPozisyonClass,public,void,.ctor,,,180056
ideal.BorsaBultenItem,public,string,get_AcilisFiyati,,,131840
ideal.BorsaBultenItem,public,string,get_AcilisSeansiFiyati,,,131856
ideal.BorsaBultenItem,public,string,get_Bist100Endeks,,,131744
ideal.BorsaBultenItem,public,string,get_Bist30Endeks,,,131760
ideal.BorsaBultenItem,public,string,get_BistKatilimTumEndeks,,,132464
ideal.BorsaBultenItem,public,string,get_BrutTakas,,,131776
ideal.BorsaBultenItem,public,string,get_EnDusukAcigaSatisFiyati,,,132208
ideal.BorsaBultenItem,public,string,get_EnDusukFiyat,,,131872
ideal.BorsaBultenItem,public,string,get_EnYuksekAcigaSatisFiyati,,,132224
ideal.BorsaBultenItem,public,string,get_EnYuksekFiyat,,,131888
ideal.BorsaBultenItem,public,string,get_KapanisFiyati,,,131904
ideal.BorsaBultenItem,public,string,get_KapanisFiyatindanIslemlerIslemHacmi,,,132160
ideal.BorsaBultenItem,public,string,get_KapanisFiyatindanIslemlerIslemMiktari,,,132176
ideal.BorsaBultenItem,public,string,get_KapanisFiyatindanIslemlerSozlesmeSayisi,,,132192
ideal.BorsaBultenItem,public,string,get_KapanisSeansiFiyati,,,131920
ideal.BorsaBultenItem,public,string,get_OncekiKapanisFiyati,,,131824
ideal.BorsaBultenItem,public,string,get_OzelIslemBildirimiEnDusukFiyat,,,132304
ideal.BorsaBultenItem,public,string,get_OzelIslemBildirimiEnYuksekFiyat,,,132320
ideal.BorsaBultenItem,public,string,get_ReferansFiyat,,,132048
ideal.BorsaBultenItem,public,void,set_AcilisFiyati,string,value,131848
ideal.BorsaBultenItem,public,void,set_AcilisSeansiFiyati,string,value,131864
ideal.BorsaBultenItem,public,void,set_Bist100Endeks,string,value,131752
ideal.BorsaBultenItem,public,void,set_Bist30Endeks,string,value,131768
ideal.BorsaBultenItem,public,void,set_BistKatilimTumEndeks,string,value,132472
ideal.BorsaBultenItem,public,void,set_BrutTakas,string,value,131784
ideal.BorsaBultenItem,public,void,set_EnDusukAcigaSatisFiyati,string,value,132216
ideal.BorsaBultenItem,public,void,set_EnDusukFiyat,string,value,131880
ideal.BorsaBultenItem,public,void,set_EnYuksekAcigaSatisFiyati,string,value,132232
ideal.BorsaBultenItem,public,void,set_EnYuksekFiyat,string,value,131896
ideal.BorsaBultenItem,public,void,set_KapanisFiyati,string,value,131912
ideal.BorsaBultenItem,public,void,set_KapanisFiyatindanIslemlerIslemHacmi,string,value,132168
ideal.BorsaBultenItem,public,void,set_KapanisFiyatindanIslemlerIslemMiktari,string,value,132184
ideal.BorsaBultenItem,public,void,set_KapanisFiyatindanIslemlerSozlesmeSayisi,string,value,132200
ideal.BorsaBultenItem,public,void,set_KapanisSeansiFiyati,string,value,131928
ideal.BorsaBultenItem,public,void,set_OncekiKapanisFiyati,string,value,131832
ideal.BorsaBultenItem,public,void,set_OzelIslemBildirimiEnDusukFiyat,string,value,132312
ideal.BorsaBultenItem,public,void,set_OzelIslemBildirimiEnYuksekFiyat,string,value,132328
ideal.BorsaBultenItem,public,void,set_ReferansFiyat,string,value,132056
ideal.CancelOrderResponse,public,void,.ctor,,,22528
ideal.CancelOrdersResult,public,void,.ctor,,,22596
ideal.CancelOrdersResult,public,string,get_code,,,22580
ideal.CancelOrdersResult,public,int,get_id,,,22564
ideal.CancelOrdersResult,public,bool,get_ok,,,22548
ideal.CancelOrdersResult,public,void,set_code,string,value,22588
ideal.CancelOrdersResult,public,void,set_id,int,value,22572
ideal.CancelOrdersResult,public,void,set_ok,bool,value,22556
ideal.ChartControl,public,void,.ctor,,,483952
ideal.ChartControl,public,void,ActivateNextStock,,,489576
ideal.ChartControl,public,void,ActivateSymbolEnrty,string; int,str; leftValX,489608
ideal.ChartControl,public,void,AddNewSymbol,int,leftValX,489640
ideal.ChartControl,public,void,ChangeBlackEdition,,,489672
ideal.ChartControl,public,void,ChangeEurolineEdition,,,489716
ideal.ChartControl,public,void,ChangeLinLog,int,logMode,489760
ideal.ChartControl,public,void,ChangePeriod,string,periodIn,489792
ideal.ChartControl,public,void,ChangeSymbol,string,symbolCode,489824
ideal.ChartControl,public,void,CheckCustomIndSaved,string,customnameX,489956
ideal.ChartControl,public,void,CopyIndicator,,,493540
ideal.ChartControl,public,void,CopyToExcel,,,489988
ideal.ChartControl,public,void,DeleteAllBars,,,489912
ideal.ChartControl,public,void,DeleteBar,,,489868
ideal.ChartControl,family,void,Dispose,bool,disposing,494472
ideal.ChartControl,public,void,DownloadTakas,,,494084
ideal.ChartControl,public,void,DrawAll,bool; bool; int,calculaterangeX; calculateindicatorX; invalidateX,490032
ideal.ChartControl,public,void,DrawIndicatorsOnly,,,490172
ideal.ChartControl,public,void,EditBar,,,490216
ideal.ChartControl,public,void,ExportToFile,,,490260
ideal.ChartControl,public,void,FaizEkle,,,493724
ideal.ChartControl,public,void,FaizSil,,,493756
ideal.ChartControl,public,void,FiyatAlarmiEkle,,,492792
ideal.ChartControl,public,string,GetActiveSymbolName,,,490304
ideal.ChartControl,public,int,GetCurrentBarNo,,,490336
ideal.ChartControl,public,string,GetDivideModeString,,,490352
ideal.ChartControl,public,string,GetDrawStyleString,,,490396
ideal.ChartControl,public,bool,GetFormasyon,string,formasyonType,490412
ideal.ChartControl,public,string,GetPeriodString,,,490444
ideal.ChartControl,public,void,GoBackward,,,493104
ideal.ChartControl,public,void,GoForward,,,493148
ideal.ChartControl,public,void,ImportFromFile,,,490488
ideal.ChartControl,public,void,ImportFromFileMetaTrader,,,490532
ideal.ChartControl,public,void,IndikatorAlarmiEkle,,,492836
ideal.ChartControl,public,void,InsertElement,string,elementType,490576
ideal.ChartControl,public,void,InsertFormasyon,string; bool,formasyonType; onoff,490620
ideal.ChartControl,public,void,InsertIndicator,,,490652
ideal.ChartControl,public,void,InsertIndicator,int,frameNo,490696
ideal.ChartControl,public,void,InsertIndicatorForSistemMulti,,,490728
ideal.ChartControl,public,void,InsertIndicators,System.Collections.Generic.List`1<class ideal.cxIndicator>,indicatorsx,490760
ideal.ChartControl,public,void,InsertSymbol,string,symbolCode,490852
ideal.ChartControl,public,void,LoopNextStock,,,490884
ideal.ChartControl,public,void,LoopPreviousStock,,,490916
ideal.ChartControl,family,void,OnPaintBackground,class System.Windows.Forms.PaintEventArgs,pevent,484104
ideal.ChartControl,public,void,ParalelTrendCiz,,,490948
ideal.ChartControl,public,void,PasteImage,,,494440
ideal.ChartControl,public,void,PasteIndicator,,,493584
ideal.ChartControl,public,void,PrepareReplayData,,,493028
ideal.ChartControl,public,void,ProcessBirimSeviyeMenu,int,seviye,493660
ideal.ChartControl,public,void,ProcessBirimYontemMenu,int,yontem,493628
ideal.ChartControl,public,void,ProcessKurumData,valuetype ideal.IslemStruct1,itemX,491080
ideal.ChartControl,public,void,ProcessParamMenu,string,keyX,490992
ideal.ChartControl,public,void,ProcessRealTimeData,string; bool,symbolX; calclastBarVolBool,491036
ideal.ChartControl,public,void,ReadData,,,491148
ideal.ChartControl,public,void,ReadTakasDegisim,,,494172
ideal.ChartControl,public,void,ReadTakasGun,,,494128
ideal.ChartControl,public,void,RecalculateSistem,,,491528
ideal.ChartControl,public,void,RemoveFrame,int,frameNo,491560
ideal.ChartControl,public,void,RemoveSymbol,int,no,491592
ideal.ChartControl,public,void,RequestData,,,493852
ideal.ChartControl,public,void,SanalModBellektenYapistir,,,493280
ideal.ChartControl,public,void,SanalModFiyatTersYapistir,,,493368
ideal.ChartControl,public,void,SanalModTersYapistir,,,493324
ideal.ChartControl,public,void,SanalModVeriDegistir,,,493236
ideal.ChartControl,public,void,SanalModVeriEkle,,,493192
ideal.ChartControl,public,void,SanalModVeriSil,,,493412
ideal.ChartControl,public,void,ScaleBackward,,,491788
ideal.ChartControl,public,void,ScaleCompress,,,491624
ideal.ChartControl,public,void,ScaleCompressToolbar,,,491668
ideal.ChartControl,public,void,ScaleDown,,,491980
ideal.ChartControl,public,void,ScaleEnd,,,491884
ideal.ChartControl,public,void,ScaleExpand,,,491712
ideal.ChartControl,public,void,ScaleForward,,,491852
ideal.ChartControl,public,void,ScaleHome,,,491916
ideal.ChartControl,public,void,ScaleHome2,,,491948
ideal.ChartControl,public,void,ScaleLeft,,,491756
ideal.ChartControl,public,void,ScalePageDown,,,492068
ideal.ChartControl,public,void,ScalePageUp,,,492112
ideal.ChartControl,public,void,ScaleRight,,,491820
ideal.ChartControl,public,void,ScaleUp,,,492024
ideal.ChartControl,public,void,SetDivider,int,xMode,492156
ideal.ChartControl,public,void,SetLanguage,,,492880
ideal.ChartControl,public,void,SetSize,,,492296
ideal.ChartControl,public,void,SetSize,int; int; int; int,leftIn; topIn; widthIn; heightIn,492304
ideal.ChartControl,public,void,ShowDividerMenu,valuetype System.Drawing.Point,point,492348
ideal.ChartControl,public,void,ShowFormasyonMenu,valuetype System.Drawing.Point,point,492580
ideal.ChartControl,public,void,ShowIndicatorValues,,,492416
ideal.ChartControl,public,void,ShowParamMenu,valuetype System.Drawing.Point,point,492448
ideal.ChartControl,public,void,ShowPeriodMenu,valuetype System.Drawing.Point,point,492480
ideal.ChartControl,public,void,ShowTrendMenu,valuetype System.Drawing.Point,point,492548
ideal.ChartControl,public,void,SplitStock,,,492612
ideal.ChartControl,public,void,StartReplay,,,493060
ideal.ChartControl,public,void,TrendDelete,,,492656
ideal.ChartControl,public,void,TufeTuikEkle,,,493788
ideal.ChartControl,public,void,TufeTuikSil,,,493820
ideal.ChartControl,public,void,UpdateTrendAlarms,,,492700
ideal.ChartControl,public,valuetype System.Decimal,get__Rkademe,,,483924
ideal.ChartControl,public,void,set__Rkademe,valuetype System.Decimal,value,483944
ideal.ChartItem,public,void,.ctor,,,241512
ideal.ChartItem,public,valuetype System.DateTime,get_Date,,,241476
ideal.ChartItem,public,double,get_Val,,,241496
ideal.ChartItem,public,void,set_Date,valuetype System.DateTime,value,241488
ideal.ChartItem,public,void,set_Val,double,value,241504
ideal.ClassTamir,public,void,ConvertCharts,,,378004
ideal.DurumRobot,public,void,.ctor,,,145804
ideal.EgzotikEmirClass,public,void,.ctor,,,155144
ideal.EmirRec,public,void,.ctor,,,102292
ideal.EmirRec,public,class ideal.EmirRec,StringToItem,string,str,102248
ideal.Extension,public,System.Collections.Generic.List`1<class ChartResponse>,ConvertChartObj,object,obj,24092
ideal.FixEmirRec,public,void,.ctor,,,87300
ideal.FixHesapRec,public,void,.ctor,,,87356
ideal.FixOrderData,public,void,.ctor,,,20184
ideal.FixOrderData,public,class OrderReport,get_cancelOrderReport,,,20132
ideal.FixOrderData,public,class Error,get_error,,,20148
ideal.FixOrderData,public,class NewOrder,get_newOrder,,,20100
ideal.FixOrderData,public,class OrderReport,get_orderReport,,,20116
ideal.FixOrderData,public,valuetype ideal.Piyasa,get_piyasa,,,20164
ideal.FixOrderData,public,void,set_cancelOrderReport,class OrderReport,value,20140
ideal.FixOrderData,public,void,set_error,class Error,value,20156
ideal.FixOrderData,public,void,set_newOrder,class NewOrder,value,20108
ideal.FixOrderData,public,void,set_orderReport,class OrderReport,value,20124
ideal.FixOrderData,public,void,set_piyasa,valuetype ideal.Piyasa,value,20176
ideal.FixPortfoy,public,void,.ctor,,,87740
ideal.FixPortfoy,public,void,DefineFields,,,87412
ideal.FixPortfoy,public,class ideal.FixHesapRec,GetRumuzHesap,string; string,hesapname; althesap,87456
ideal.FixPortfoy,public,void,PrepareHesapNoRumuzDict,,,87488
ideal.FixPortfoy,public,void,ReadFixOrder,,,87532
ideal.FixPortfoy,public,void,SetDefaultParam,,,87576
ideal.FixPortfoy,public,void,SetTema,int,tema,87620
ideal.FixPortfoy,public,void,ShowOmsKep,string; class BuySell,symbolX; pageparamsX,87664
ideal.FixPortfoy,public,void,WriteFixOrder,,,87696
ideal.FixRouterAccountData,public,void,.ctor,,,20080
ideal.FixRouterAccountData,public,string,get_account,,,20064
ideal.FixRouterAccountData,public,valuetype ideal.FixRouterAccountEnum,get_account_type,,,20044
ideal.FixRouterAccountData,public,void,set_account,string,value,20072
ideal.FixRouterAccountData,public,void,set_account_type,valuetype ideal.FixRouterAccountEnum,value,20056
ideal.FormRobotServer,public,void,.ctor,,,269160
ideal.FormRobotServer,family,void,Dispose,bool,disposing,271992
ideal.FormRobotServer,public,string,ErrorMessageParse,class System.Exception,errorX,271568
ideal.FormRobotServer,public,string,GetGtpHeader,string; string; string; string; string,AccountName; Parola; Password; accountnoX; postmessageX,271420
ideal.FormRobotServer,public,void,RobotServerAtaHisseSistem1,class ideal.cxSistem; string,sistem; filename,271204
ideal.FormRobotServer,public,void,RobotServerMeksaHisseSistem1,class ideal.cxSistem; string,sistem; filename,271296
ideal.FormRobotServer,public,void,RobotServerPozisyonEsitle,class ideal.cxSistem; string; int; string; valuetype System.Drawing.Color,sistemX; symbolX; lotX; infoX; colorX,271112
ideal.FormRobotServer,public,string,SendHttpRequest,string; string; string,requestX; methodX; urlX,271508
ideal.FormRobotServer,public,bool,ValidateServerCertificate,object; class System.Security.Cryptography.X509Certificates.X509Certificate; class System.Security.Cryptography.X509Certificates.X509Chain; valuetype System.Net.Security.SslPolicyErrors,sender; certificate; chain; sslPolicyErrors,271552
ideal.FormRobotServerEditLine,public,void,.ctor,,,272116
ideal.FormRobotServerEditLine,family,void,Dispose,bool,disposing,272232
ideal.FormRobotServerError,public,void,.ctor,,,126504
ideal.FormRobotServerError,family,void,Dispose,bool,disposing,126472
ideal.FormationRegion,public,float,get_BottomPrice,,,18116
ideal.FormationRegion,public,float,get_TopPrice,,,18100
ideal.FormationRegion,public,void,set_BottomPrice,float,value,18124
ideal.FormationRegion,public,void,set_TopPrice,float,value,18108
ideal.GridBotClass,public,void,EmirGonder,valuetype System.Decimal; string,miktarX; aciklamaX,147088
ideal.GridBotClass,public,System.Collections.Generic.List`1<valuetype System.Decimal>,GetIzgaraFiyatList,int; valuetype System.Decimal; valuetype System.Decimal; valuetype System.Decimal,tipX; countX; altfiyatX; adimX,146988
ideal.GridBotClass,public,System.Collections.Generic.List`1<valuetype System.Decimal>,GetIzgaraFiyatList,,,147132
ideal.GrupEmirClass,public,void,.ctor,,,122960
ideal.GrupHesapClass,public,void,.ctor,,,122988
ideal.HacimClass,public,void,.ctor,,,62284
ideal.HacimClass,public,void,CalculateHacim,,,61988
ideal.HacimClass,public,void,UpdateHacim,,,62128
ideal.HacimClass,public,void,UpdateKz,,,62268
ideal.HacimRecord,public,void,.ctor,,,61916
ideal.HacimTickRecord,public,void,.ctor,,,61960
ideal.HacimTickRecord,public,int,GetTimeIndex,,,61944
ideal.HedefClass,public,void,RobotRun,,,150160
ideal.HedefEmirClass,public,void,.ctor,,,150660
ideal.HedefEmirClass,public,void,Log,,,150616
ideal.HesapNameClass,public,void,.ctor,,,122920
ideal.HesapNameClass,public,string,GetRumuz,string; string,hesapname; althesap,122876
ideal.HesapRec,public,void,.ctor,,,102348
ideal.HisseAkdClass,public,void,CalculateHisseKurum,int,sembolid,62920
ideal.HisseAnalizRobotClass,public,void,.ctor,,,79008
ideal.HisseAnalizRobotClass,public,void,EmirGonder,double; string,miktarX; aciklamaX,78884
ideal.HisseAnalizRobotClass,public,string,GetRobotKey,,,78976
ideal.HisseAnalizRobotClass,public,void,MailGonder,string,mesaj,78960
ideal.HisseAnalizRobotClass,public,void,SmsGonder,string; string,numara; mesaj,78928
ideal.KodRobotClass,public,void,.ctor,,,90708
ideal.KodRobotClass,public,void,CalculateIslemKasa,double,miktar,90524
ideal.KodRobotClass,public,void,CalculateKZ,,,90436
ideal.KodRobotClass,public,void,CalculateStartKasa,,,90480
ideal.KodRobotClass,public,class ideal.KodRobotClass,DeepCopy,,,90568
ideal.KodRobotClass,public,void,EmirGonder,double; string; long,miktarX; aciklamaX; robotidX,90600
ideal.KodRobotClass,public,string,GetRobotKey,,,90644
ideal.KodRobotClass,public,void,SmsGonder,string; string,numara; mesaj,90676
ideal.KodRobotSettingClass,public,void,.ctor,,,90872
ideal.KodRobotSettingClass,public,void,Read,,,90784
ideal.KodRobotSettingClass,public,void,Write,,,90828
ideal.KurumAkdClass,public,void,.ctor,,,62636
ideal.KurumAkdClass,public,void,CalculateAkd,int,kurumid,62312
ideal.KurumAkdClass,public,void,CalculateKurumHisse,int,kurumid,62568
ideal.KurumAkdClass,public,void,CalculateKurumTum,int,kurumid,62452
ideal.KurumChartClass,public,void,.ctor,,,63452
ideal.KurumChartClass,public,void,AddIslemxx,valuetype ideal.IslemStruct1,tradeitem,63408
ideal.KurumChartClass,public,void,ConvertIslemlerDayCount,int,daycountX,63084
ideal.KurumChartClass,public,void,ConvertIslemlerTarih,string,datestrX,63016
ideal.KurumChartClass,public,void,ConvertIslemlerToday,,,63116
ideal.KurumChartClass,public,System.Collections.Generic.List`1<valuetype System.DateTime>,GetDateListFromCount,int,countX,63148
ideal.KurumChartClass,public,System.Collections.Generic.List`1<class ideal.cxBar>,GetKurumChart,string; int; int; bool; float&; float&,sembolX; kurumIdX; daycount; kumulatifbool; kzX; kumulatifnetX,63180
ideal.KurumChartClass,public,System.Collections.Generic.List`1<class KurumRecord>,ReadKurumTarihsel,string,filenameX,63344
ideal.KurumChartClass,public,void,WriteKurumTarihsel,System.Collections.Generic.List`1<class KurumRecord>; string,listX; filenameX,63376
ideal.KurumHacimClass,public,void,.ctor,,,78224
ideal.KurumMaliyet,public,void,.ctor,,,60768
ideal.MenuChart,public,void,.ctor,,,499088
ideal.MenuChart,family,void,Dispose,bool,disposing,501824
ideal.MenuChart,public,void,Init,,,501792
ideal.MenuChart,public,void,Render,,,501748
ideal.MenuImkbMain,public,void,.ctor,,,186348
ideal.MenuImkbMain,family,void,Dispose,bool,disposing,187760
ideal.MenuImkbMain,public,void,Init,,,187560
ideal.MenuImkbMain,public,void,Render,,,187492
ideal.MenuImkbSymbol,public,void,.ctor,,,503348
ideal.MenuImkbSymbol,family,void,Dispose,bool,disposing,503760
ideal.MenuImkbSymbol,public,void,Init,,,503644
ideal.MenuImkbSymbol,public,void,Init,string,targetForm,503676
ideal.MenuImkbSymbol,public,void,Render,,,503612
ideal.MenuPortfolio,public,void,.ctor,,,309240
ideal.MenuPortfolio,family,void,Dispose,bool,disposing,309420
ideal.MenuPortfolio,public,void,Init,,,309388
ideal.MenuPortfolio,public,void,Render,,,309356
ideal.MenuToolbarPortfoy,public,void,.ctor,,,382216
ideal.MenuToolbarPortfoy,family,void,Dispose,bool,disposing,383048
ideal.MenuToolbarPortfoy,public,void,Init,,,382844
ideal.MenuToolbarPortfoy,public,void,Render,,,382812
ideal.MenuVipMain,public,void,.ctor,,,498532
ideal.MenuVipMain,family,void,Dispose,bool,disposing,499044
ideal.MenuVipMain,public,void,Init,,,498784
ideal.MenuVipMain,public,void,Render,,,498740
ideal.MenuVipSymbol,public,void,.ctor,,,265796
ideal.MenuVipSymbol,family,void,Dispose,bool,disposing,266020
ideal.MenuVipSymbol,public,void,Init,,,265988
ideal.MenuVipSymbol,public,void,Render,,,265956
ideal.MyButton,public,valuetype System.Drawing.Color,get__BorderColor,,,144760
ideal.MyButton,public,void,set__BorderColor,valuetype System.Drawing.Color,value,144780
ideal.NagantsRobotClass,public,void,.ctor,,,81160
ideal.NagantsRobotClass,public,void,EmirGonder,double; string,miktarX; aciklamaX,81036
ideal.NagantsRobotClass,public,string,GetRobotKey,,,81128
ideal.NagantsRobotClass,public,void,MailGonder,string,mesaj,81080
ideal.NagantsRobotClass,public,bool,PozTasiGunSembolHesapla,string&,yeniVadeSembolX,80992
ideal.NagantsRobotClass,public,void,SmsGonder,string; string,numara; mesaj,81096
ideal.Oms,public,class ideal.HesapRec,GetRumuzHesap,string; string,hesapname; althesap,102448
ideal.Oms,public,void,PrepareHesapNoRumuzDict,,,102480
ideal.OrderIcry,public,void,.ctor,,,21944
ideal.OrderItem,public,void,.ctor,,,22364
ideal.OrderItem,public,string,get_clientId,,,22348
ideal.OrderItem,public,object,get_createdDate,,,22188
ideal.OrderItem,public,int,get_id,,,22156
ideal.OrderItem,public,string,get_leftQuantity,,,22252
ideal.OrderItem,public,string,get_price,,,22220
ideal.OrderItem,public,string,get_quantity,,,22236
ideal.OrderItem,public,string,get_side,,,22300
ideal.OrderItem,public,string,get_status,,,22316
ideal.OrderItem,public,string,get_symbol,,,22172
ideal.OrderItem,public,string,get_totalQuote,,,22284
ideal.OrderItem,public,string,get_triggerPrice,,,22268
ideal.OrderItem,public,string,get_type,,,22332
ideal.OrderItem,public,object,get_updatedDate,,,22204
ideal.OrderItem,public,void,set_clientId,string,value,22356
ideal.OrderItem,public,void,set_createdDate,object,value,22196
ideal.OrderItem,public,void,set_id,int,value,22164
ideal.OrderItem,public,void,set_leftQuantity,string,value,22260
ideal.OrderItem,public,void,set_price,string,value,22228
ideal.OrderItem,public,void,set_quantity,string,value,22244
ideal.OrderItem,public,void,set_side,string,value,22308
ideal.OrderItem,public,void,set_status,string,value,22324
ideal.OrderItem,public,void,set_symbol,string,value,22180
ideal.OrderItem,public,void,set_totalQuote,string,value,22292
ideal.OrderItem,public,void,set_triggerPrice,string,value,22276
ideal.OrderItem,public,void,set_type,string,value,22340
ideal.OrderItem,public,void,set_updatedDate,object,value,22212
ideal.OrderItems,public,void,.ctor,,,22384
ideal.OrderRequest,public,void,.ctor,,,22728
ideal.OrderRequest,public,string,get_ClientId,,,22616
ideal.OrderRequest,public,string,get_Price,,,22680
ideal.OrderRequest,public,string,get_Quantity,,,22696
ideal.OrderRequest,public,string,get_Side,,,22648
ideal.OrderRequest,public,string,get_Symbol,,,22664
ideal.OrderRequest,public,string,get_Total,,,22712
ideal.OrderRequest,public,string,get_Type,,,22632
ideal.OrderRequest,public,void,set_ClientId,string,value,22624
ideal.OrderRequest,public,void,set_Price,string,value,22688
ideal.OrderRequest,public,void,set_Quantity,string,value,22704
ideal.OrderRequest,public,void,set_Side,string,value,22656
ideal.OrderRequest,public,void,set_Symbol,string,value,22672
ideal.OrderRequest,public,void,set_Total,string,value,22720
ideal.OrderRequest,public,void,set_Type,string,value,22640
ideal.OrdersHistory,public,void,.ctor,,,22768
ideal.OrdersHistoryItem,public,void,.ctor,,,22748
ideal.PGCKurumMaliyet,public,void,.ctor,,,60740
ideal.PacalBotClass,public,void,EmirGonder,valuetype System.Decimal; string,miktarX; aciklamaX,141112
ideal.PacalBotClass,public,System.Collections.Generic.List`1<class ideal.SeviyeClass>,GetIzgaraFiyatList,,,141156
ideal.ParaBirEmirClass,public,void,.ctor,,,164996
ideal.ParaBirPozisyonClass,public,void,.ctor,,,164968
ideal.ParaBirPozisyonClass,public,void,EmirGonder,valuetype System.Decimal,miktarX,164880
ideal.ParaBirPozisyonClass,public,void,SmsGonder,valuetype System.Decimal,miktarX,164924
ideal.ParaViopClass,public,void,.ctor,,,168244
ideal.ParaViopClass,public,void,Deserialize,,,168156
ideal.ParaViopClass,public,void,Serialize,,,168200
ideal.ParaViopEmirClass,public,void,.ctor,,,168128
ideal.ParaViopPozisyonClass,public,void,.ctor,,,168100
ideal.ParaViopPozisyonClass,public,void,EmirGonder,valuetype System.Decimal; class ideal.ParaViopPozisyonClass,miktarX; pozisyonitem,168012
ideal.ParaViopPozisyonClass,public,void,SmsGonder,valuetype System.Decimal,miktarX,168056
ideal.PgcPozisyonClass,public,void,.ctor,,,155116
ideal.PgcPozisyonClass,public,void,EmirGonder,valuetype System.Decimal,miktarX,154984
ideal.PgcPozisyonClass,public,void,SmsGonder,valuetype System.Decimal,miktarX,155028
ideal.PgcPozisyonClass,public,string,VeriTipToString,,,155072
ideal.PortfoyAyarClass,public,void,.ctor,,,122700
ideal.PortfoyAyarClass,public,void,Read,,,122588
ideal.PortfoyAyarClass,public,void,Write,,,122656
ideal.PortfoyGrupClass,public,void,.ctor,,,122836
ideal.PortfoyGrupClass,public,void,Read,,,122748
ideal.PortfoyGrupClass,public,void,Write,,,122792
ideal.RiskClass,public,string,HacimTipString,,,79808
ideal.RiskHisselerClass,public,string,HacimTipString,,,80532
ideal.RiskTakasClass,public,void,.ctor,,,80056
ideal.RiskTakasClass,public,void,Calculate,,,79916
ideal.RiskYuksekHacimClass,public,void,.ctor,,,80312
ideal.RiskYuksekHacimClass,public,void,Calculate,,,80220
ideal.RoboEmirClass,public,void,.ctor,,,222532
ideal.RoboEmirClass,public,void,ChangeBekleyen,string; string; valuetype System.Decimal; valuetype System.Decimal,sembolx; yonx; eskifiyatx; yenifiyatx,222240
ideal.RoboEmirClass,public,void,CheckBekleyenEmirler,,,222308
ideal.RoboEmirClass,public,void,DeleteBekleyen,string; string; valuetype System.Decimal,sembolx; yonx; fiyatx,222376
ideal.RoboEmirClass,public,void,InsertBekleyen,string; string; valuetype System.Decimal; valuetype System.Decimal; bool; valuetype System.Decimal; valuetype System.Decimal; string; string; bool,sembolx; yonx; fiyatx; lotx; acigax; karaltickx; stoptickx; accountname; accountno; izleyenboolx,222444
ideal.RoboEmirClass,public,void,SendMarketOrder,class ideal.RoboEmirClass,item,222488
ideal.RoboTradeClass,public,void,.ctor,,,80792
ideal.RoboTradeClass,public,void,EmirGonder,double; string,miktarX; aciklamaX,80748
ideal.RoboTradeSettingClass,public,void,.ctor,,,80952
ideal.RoboTradeSettingClass,public,void,Deserialize,,,80864
ideal.RoboTradeSettingClass,public,void,Serialize,,,80908
ideal.RobotKorumaClass,public,void,.ctor,,,78160
ideal.RobotOrderClass,public,void,.ctor,,,77708
ideal.SYS_Chart_Response,public,void,.ctor,,,241404
ideal.SYS_Chart_Response,public,class ideal.Sys_Chart_Item[],get_d,,,241388
ideal.SYS_Chart_Response,public,string,get_s,,,241372
ideal.SYS_Chart_Response,public,void,set_d,class ideal.Sys_Chart_Item[],value,241396
ideal.SYS_Chart_Response,public,void,set_s,string,value,241380
ideal.SablonRobotClass,public,void,.ctor,,,78552
ideal.SablonRobotClass,public,class ideal.SablonRobotClass,DeepCopy,,,78520
ideal.SablonRobotClass,public,void,EmirGonder,double; string; long,miktarX; aciklamaX; robotidX,78284
ideal.SablonRobotClass,public,string,GetRobotKey,,,78376
ideal.SablonRobotClass,public,void,GunKzHesapla,,,78452
ideal.SablonRobotClass,public,void,MailGonder,string,mesaj,78360
ideal.SablonRobotClass,public,bool,PozTasiGunSembolHesapla,string&,yeniVadeSembolX,78408
ideal.SablonRobotClass,public,void,SmsGonder,string; string,numara; mesaj,78328
ideal.SistemDolguClass,public,void,.ctor,,,77792
ideal.SistemObjectClass,public,void,.ctor,,,77764
ideal.Sys_Chart_Item,public,void,.ctor,,,241456
ideal.Sys_Chart_Item,public,string,get_t,,,241424
ideal.Sys_Chart_Item,public,string,get_v,,,241440
ideal.Sys_Chart_Item,public,void,set_t,string,value,241432
ideal.Sys_Chart_Item,public,void,set_v,string,value,241448
ideal.TablomClass,public,void,EmirGonder,double,miktarX,79216
ideal.TahtaClass,public,void,SendOrder1,class ideal.TahtaRobot1Class; int; valuetype System.Decimal; string,robotitem; miktar; fiyat; aciklama,174580
ideal.TahtaClass,public,void,SendOrder2,class ideal.TahtaRobot2Class; int; valuetype System.Decimal; string,robotitem; miktar; fiyat; aciklama,174624
ideal.TahtaEmir1Class,public,void,.ctor,,,174240
ideal.TahtaEmir2Class,public,void,.ctor,,,174372
ideal.TahtaRobot1Class,public,void,.ctor,,,174212
ideal.TahtaRobot1Class,public,valuetype System.Decimal,KZHesapla,,,174192
ideal.TahtaRobot1Class,public,valuetype System.Decimal,get_AlisOrtalama,,,174152
ideal.TahtaRobot1Class,public,valuetype System.Decimal,get_Maliyet,,,174132
ideal.TahtaRobot1Class,public,int,get_Pozisyon,,,174116
ideal.TahtaRobot1Class,public,valuetype System.Decimal,get_SatisOrtalama,,,174172
ideal.TahtaRobot2Class,public,void,.ctor,,,174344
ideal.TahtaRobot2Class,public,valuetype System.Decimal,get_AlisOrtalama,,,174304
ideal.TahtaRobot2Class,public,valuetype System.Decimal,get_Maliyet,,,174284
ideal.TahtaRobot2Class,public,int,get_Pozisyon,,,174268
ideal.TahtaRobot2Class,public,valuetype System.Decimal,get_SatisOrtalama,,,174324
ideal.TaramaEmirClass,public,void,.ctor,,,182500
ideal.TaramaPozisyonClass,public,void,.ctor,,,182472
ideal.TaramaRobotSettingClass,public,void,.ctor,,,182748
ideal.TaramaRobotSettingClass,public,void,Deserialize,,,182548
ideal.TaramaRobotSettingClass,public,class ideal.TaramaPozisyonClass,GetPozisyon,string; string,tarama; sembol,182640
ideal.TaramaRobotSettingClass,public,void,Serialize,,,182704
ideal.TaramaRobotSettingClass,public,void,SetPozisyon,string; string; class ideal.TaramaPozisyonClass,tarama; sembol; item,182672
ideal.Tickers,public,string,get_Volume,,,23264
ideal.Tickers,public,void,set_Volume,string,value,23272
ideal.TradeBotClass,public,class ideal.TradeBotEmirClass,GetOrder,valuetype System.Decimal,pricex,125452
ideal.TradeBotClass,public,string,SendOrder,class ideal.TradeBotEmirClass; double; double; string; valuetype ideal.TradeBotOrderType; bool,orderx; price; amount; buysell; ordertype; alertBool,125516
ideal.TradeBotClass,public,void,StopOrder,string,pricekey,125484
ideal.TradeBotColorPriceClass,public,void,.ctor,,,126452
ideal.TradeBotEmirClass,public,void,.ctor,,,126344
ideal.TradeBotEmirClass,public,void,ClaculateKarALStop,,,126300
ideal.TradeBotEmirClass,public,bool,get_AcigaBool,,,126208
ideal.TradeBotEmirClass,public,valuetype System.Decimal,get_AmountMO,,,126048
ideal.TradeBotEmirClass,public,valuetype System.Decimal,get_AmountSL,,,126068
ideal.TradeBotEmirClass,public,valuetype System.Decimal,get_AmountTP,,,126028
ideal.TradeBotEmirClass,public,valuetype System.Decimal,get_BalanceMO,,,126148
ideal.TradeBotEmirClass,public,valuetype System.Decimal,get_BalanceSL,,,126188
ideal.TradeBotEmirClass,public,valuetype System.Decimal,get_BalanceTP,,,126168
ideal.TradeBotEmirClass,public,string,get_BuySell,,,125780
ideal.TradeBotEmirClass,public,string,get_Direction,,,125796
ideal.TradeBotEmirClass,public,string,get_ExceuteOrderNo,,,125732
ideal.TradeBotEmirClass,public,string,get_ExecutionStatusMO,,,125812
ideal.TradeBotEmirClass,public,string,get_ExecutionStatusSL,,,125844
ideal.TradeBotEmirClass,public,string,get_ExecutionStatusTP,,,125828
ideal.TradeBotEmirClass,public,valuetype System.Decimal,get_GAmountMO,,,126088
ideal.TradeBotEmirClass,public,valuetype System.Decimal,get_GAmountSL,,,126128
ideal.TradeBotEmirClass,public,valuetype System.Decimal,get_GAmountTP,,,126108
ideal.TradeBotEmirClass,public,valuetype System.Decimal,get_GpriceMO,,,125988
ideal.TradeBotEmirClass,public,valuetype System.Decimal,get_GpriceSL,,,126008
ideal.TradeBotEmirClass,public,valuetype System.Decimal,get_GpriceTP,,,125968
ideal.TradeBotEmirClass,public,bool,get_IzleyenBool,,,126224
ideal.TradeBotEmirClass,public,string,get_OrderNo,,,125716
ideal.TradeBotEmirClass,public,valuetype System.Decimal,get_PriceMO,,,125908
ideal.TradeBotEmirClass,public,valuetype System.Decimal,get_PriceSL,,,125948
ideal.TradeBotEmirClass,public,valuetype System.Decimal,get_PriceTP,,,125928
ideal.TradeBotEmirClass,public,string,get_Root,,,125892
ideal.TradeBotEmirClass,public,string,get_SLOrderNo,,,125764
ideal.TradeBotEmirClass,public,valuetype System.Decimal,get_SPTick,,,126260
ideal.TradeBotEmirClass,public,string,get_Symbol,,,125876
ideal.TradeBotEmirClass,public,string,get_TPOrderNo,,,125748
ideal.TradeBotEmirClass,public,valuetype System.Decimal,get_TPTick,,,126240
ideal.TradeBotEmirClass,public,valuetype ideal.TradeBotStatus,get_TradeOderStatus,,,126280
ideal.TradeBotEmirClass,public,string,get_Yon,,,125860
ideal.TradeBotEmirClass,public,void,set_AcigaBool,bool,value,126216
ideal.TradeBotEmirClass,public,void,set_AmountMO,valuetype System.Decimal,value,126060
ideal.TradeBotEmirClass,public,void,set_AmountSL,valuetype System.Decimal,value,126080
ideal.TradeBotEmirClass,public,void,set_AmountTP,valuetype System.Decimal,value,126040
ideal.TradeBotEmirClass,public,void,set_BalanceMO,valuetype System.Decimal,value,126160
ideal.TradeBotEmirClass,public,void,set_BalanceSL,valuetype System.Decimal,value,126200
ideal.TradeBotEmirClass,public,void,set_BalanceTP,valuetype System.Decimal,value,126180
ideal.TradeBotEmirClass,public,void,set_BuySell,string,value,125788
ideal.TradeBotEmirClass,public,void,set_Direction,string,value,125804
ideal.TradeBotEmirClass,public,void,set_ExceuteOrderNo,string,value,125740
ideal.TradeBotEmirClass,public,void,set_ExecutionStatusMO,string,value,125820
ideal.TradeBotEmirClass,public,void,set_ExecutionStatusSL,string,value,125852
ideal.TradeBotEmirClass,public,void,set_ExecutionStatusTP,string,value,125836
ideal.TradeBotEmirClass,public,void,set_GAmountMO,valuetype System.Decimal,value,126100
ideal.TradeBotEmirClass,public,void,set_GAmountSL,valuetype System.Decimal,value,126140
ideal.TradeBotEmirClass,public,void,set_GAmountTP,valuetype System.Decimal,value,126120
ideal.TradeBotEmirClass,public,void,set_GpriceMO,valuetype System.Decimal,value,126000
ideal.TradeBotEmirClass,public,void,set_GpriceSL,valuetype System.Decimal,value,126020
ideal.TradeBotEmirClass,public,void,set_GpriceTP,valuetype System.Decimal,value,125980
ideal.TradeBotEmirClass,public,void,set_IzleyenBool,bool,value,126232
ideal.TradeBotEmirClass,public,void,set_OrderNo,string,value,125724
ideal.TradeBotEmirClass,public,void,set_PriceMO,valuetype System.Decimal,value,125920
ideal.TradeBotEmirClass,public,void,set_PriceSL,valuetype System.Decimal,value,125960
ideal.TradeBotEmirClass,public,void,set_PriceTP,valuetype System.Decimal,value,125940
ideal.TradeBotEmirClass,public,void,set_Root,string,value,125900
ideal.TradeBotEmirClass,public,void,set_SLOrderNo,string,value,125772
ideal.TradeBotEmirClass,public,void,set_SPTick,valuetype System.Decimal,value,126272
ideal.TradeBotEmirClass,public,void,set_Symbol,string,value,125884
ideal.TradeBotEmirClass,public,void,set_TPOrderNo,string,value,125756
ideal.TradeBotEmirClass,public,void,set_TPTick,valuetype System.Decimal,value,126252
ideal.TradeBotEmirClass,public,void,set_TradeOderStatus,valuetype ideal.TradeBotStatus,value,126292
ideal.TradeBotEmirClass,public,void,set_Yon,string,value,125868
ideal.TradeItem,public,int,get_OrderId,,,22824
ideal.TradeItem,public,string,get_Price,,,22888
ideal.TradeItem,public,void,set_OrderId,int,value,22832
ideal.TradeItem,public,void,set_Price,string,value,22896
ideal.TrendBotClass,public,void,EmirGonder,valuetype System.Decimal; string,miktarX; aciklamaX,157132
ideal.View.ViewFon.RangeTrackBar,public,void,.ctor,,,513968
ideal.View.ViewFon.RangeTrackBar,family,void,OnMouseDown,class System.Windows.Forms.MouseEventArgs,e,514172
ideal.View.ViewFon.RangeTrackBar,family,void,OnMouseMove,class System.Windows.Forms.MouseEventArgs,e,514188
ideal.View.ViewFon.RangeTrackBar,family,void,OnMouseUp,class System.Windows.Forms.MouseEventArgs,e,514204
ideal.View.ViewFon.RangeTrackBar,family,void,OnPaint,class System.Windows.Forms.PaintEventArgs,e,513984
ideal.View.ViewFon.RangeTrackBar,public,int,get_MaxValue,,,513944
ideal.View.ViewFon.RangeTrackBar,public,int,get_MinValue,,,513896
ideal.View.ViewFon.RangeTrackBar,public,int,get_SelectedMax,,,513920
ideal.View.ViewFon.RangeTrackBar,public,int,get_SelectedMin,,,513872
ideal.View.ViewFon.RangeTrackBar,public,void,set_MaxValue,int,value,513960
ideal.View.ViewFon.RangeTrackBar,public,void,set_MinValue,int,value,513912
ideal.View.ViewFon.RangeTrackBar,public,void,set_SelectedMax,int,value,513936
ideal.View.ViewFon.RangeTrackBar,public,void,set_SelectedMin,int,value,513888
ideal.View.ViewFon.formFonGrafik,public,void,.ctor,int; int; string; class Pgc,leftX; topX; symbolX; pageparamsX,512412
ideal.View.ViewFon.formFonGrafik,public,void,ApplyPattern,class Pgc,pageparamsX,513016
ideal.View.ViewFon.formFonGrafik,public,class System.Drawing.StringFormat,CellHizala,string,hizalastr,513576
ideal.View.ViewFon.formFonGrafik,public,void,ChangeColors,class ideal.cxColorEditor,coloritemX,513092
ideal.View.ViewFon.formFonGrafik,public,byte[],ConvertPageToByteArray,,,513160
ideal.View.ViewFon.formFonGrafik,family,void,Dispose,bool,disposing,513648
ideal.View.ViewFon.formFonGrafik,family,void,OnPaintBackground,class System.Windows.Forms.PaintEventArgs,pevent,512748
ideal.View.ViewFon.formFonGrafik,family,bool,ProcessCmdKey,valuetype System.Windows.Forms.Message&; valuetype System.Windows.Forms.Keys,msg; keyData,512704
ideal.View.ViewFon.formFonGrafik,public,void,ProcessMenuMessage,string,messageX,513204
ideal.View.formViopKurumHacim,public,void,.ctor,,,507728
ideal.View.formViopKurumHacim,public,void,ConvertOldToNew,string,filenameX,509012
ideal.View.formViopKurumHacim,family,void,Dispose,bool,disposing,509436
ideal.ViewPortfolio.formRedirectUri,public,void,.ctor,,,516572
ideal.ViewPortfolio.formRedirectUri,family,void,Dispose,bool,disposing,517112
ideal.ViewPortfolio.formRedirectUri,public,string,IncomingReq,string,inputmsg,516632
ideal.YatayBotClass,public,void,EmirGonder,valuetype System.Decimal; string,miktarX; aciklamaX,134488
ideal.YeniFormat,public,void,ConvertBistDagilim,,,58784
ideal.YeniFormat,public,void,ConvertBistDagilim,string,filenameX,58876
ideal.YeniFormat,public,void,ConvertBistIslemler,,,58232
ideal.YeniFormat,public,void,ConvertBistIslemler,string,filenameX,58324
ideal.YeniFormat,public,void,ConvertViopDagilim,,,58968
ideal.YeniFormat,public,void,ConvertViopDagilim,string,filenameX,59060
ideal.YeniFormat,public,void,ConvertViopIslemler,,,58416
ideal.YeniFormat,public,void,ConvertViopIslemler,string,filenameX,58508
ideal.YeniFormat,public,void,ConvertViopOrj,,,58600
ideal.YeniFormat,public,void,ConvertViopOrj,string,filenameX,58692
ideal.YeniPort,public,void,ImkbCancelOrdersAlgo,class ideal.HesapRec; class ideal.YeniPort; System.Collections.Generic.List`1<class ideal.EmirRec>,hesapitem; yeniport; iptalorders,103992
ideal.YeniPort,public,void,ImkbCancelOrdersYeni,System.Collections.Generic.List`1<class ImkbOrderRecord>,ordersX,103960
ideal.YeniPort,public,void,ImkbGetPositionsYeni,string; string,accountnameX; accountnoX,103864
ideal.YeniPort,public,void,ImkbGetTumYeni,string; string; int,accountnameX; accountnoX; interval,103820
ideal.YeniPort,public,void,ImkbImproveOrdersAlgo,class ideal.HesapRec; class ideal.YeniPort; System.Collections.Generic.List`1<class ideal.EmirRec>; valuetype System.Decimal,hesapitem; yeniport; orders; priceX,104080
ideal.YeniPort,public,void,ImkbImproveOrdersYeni,System.Collections.Generic.List`1<class ImkbOrderRecord>; double,ordersX; priceX,104048
ideal.YeniPort,public,void,ImkbSendOrderYeni,class BuySellRecord,buysellX,103896
ideal.YeniPort,public,void,ImkbSendOrdersYeni,System.Collections.Generic.List`1<class BuySellRecord>,buyselllistX,103928
ideal.YeniPort,public,void,VipCancelOrdersYeni,System.Collections.Generic.List`1<class VipOrderRecord>,ordersX,105112
ideal.YeniPort,public,void,VipGetPositionsYeni,string; string,accountnameX; accountnoX,105016
ideal.YeniPort,public,void,VipGetTumYeni,string; string; int,accountnameX; accountnoX; interval,104972
ideal.YeniPort,public,void,VipImproveOrdersAlgo,class ideal.HesapRec; class ideal.YeniPort; System.Collections.Generic.List`1<class ideal.EmirRec>; valuetype System.Decimal,hesapitem; yeniport; orders; priceX,105176
ideal.YeniPort,public,void,VipImproveOrdersYeni,System.Collections.Generic.List`1<class VipOrderRecord>; System.Collections.Generic.List`1<class BuySellRecord>,ordersX; buysellsX,105144
ideal.YeniPort,public,void,VipSendOrderYeni,class BuySellRecord,buysellX,105048
ideal.YeniPort,public,void,VipSendOrdersYeni,System.Collections.Generic.List`1<class BuySellRecord>,buyselllistX,105080
ideal.YeniPort,public,void,_ImkbGetOrdersYeni,string; string,accountnameX; accountnoX,103348
ideal.YeniPort,public,void,_ImkbGetPositionsYeni,string; string,accountnameX; accountnoX,103040
ideal.YeniPort,public,void,_ImkbGetSummaryYeni,string; string,accountnameX; accountnoX,103656
ideal.YeniPort,public,void,_VipGetCollateralYeni,string; string,accountnameX; accountnoX,104736
ideal.YeniPort,public,void,_VipGetFillPriceYeni,string; string,accountnameX; accountnoX,104596
ideal.YeniPort,public,void,_VipGetOrdersYeni,string; string,accountnameX; accountnoX,104384
ideal.YeniPort,public,void,_VipGetPositionsYeni,string; string,accountnameX; accountnoX,104172
ideal.clsFixOrder,public,void,AddOrUpdateAccounts,class GetAccountsResponse,accountsResponse,19280
ideal.clsFixOrder,public,void,AddOrUpdateFixOrderDictionary,class OrderReport,orderReport,19476
ideal.clsFixOrder,public,void,AddOrUpdateFixOrderDictionary,class Error,error,19568
ideal.clsFixOrder,public,void,AddOrUpdateFixOrderDictionary,valuetype System.Guid; class ideal.FixOrderData,guid; fixOrderData,19612
ideal.clsFixOrder,public,bool,CancelOrder,class CancelReplaceOrder,cancelOrder,19008
ideal.clsFixOrder,public,bool,CancelOrders,System.Collections.Generic.List`1<class CancelOrder>,cancelOrders,19040
ideal.clsFixOrder,public,bool,CancelOrders,System.Collections.Generic.List`1<string>,orderUids,19084
ideal.clsFixOrder,public,void,ClearAccounts,,,19324
ideal.clsFixOrder,public,void,ClearFixOrderDictionary,,,19644
ideal.clsFixOrder,public,void,EmirGonderTest,,,19152
ideal.clsFixOrder,public,bool,GetAccounts,,,19248
ideal.clsFixOrder,public,class ideal.cxBasic,GetCxBasic,string,sembol,19440
ideal.clsFixOrder,public,class ideal.FixOrderData,GetFixOrderData,string,guid,19688
ideal.clsFixOrder,public,class ideal.FixOrderData,GetFixOrderData,valuetype System.Guid,guid,19704
ideal.clsFixOrder,public,bool,GetOrders,class GetOrders,getOrders,19184
ideal.clsFixOrder,public,void,GetOrdersToday,,,19216
ideal.clsFixOrder,public,valuetype ideal.Piyasa,GetPiyasa,string,sembol,19456
ideal.clsFixOrder,public,bool,LoginCheck,,,18768
ideal.clsFixOrder,public,void,LoginFixOrder,string; string,Username; Password,18736
ideal.clsFixOrder,public,bool,SendData,string; bool,data; log,19356
ideal.clsFixOrder,public,void,SendHB,,,18800
ideal.clsFixOrder,public,bool,SendOrder,class NewOrder,order,18832
ideal.clsFixOrder,public,bool,UpdateOrders,System.Collections.Generic.List`1<class CancelReplaceOrder>,cancelReplaceOrders,18864
ideal.clsFixOrder,public,bool,UpdateOrders,System.Collections.Generic.List`1<string>; double,orderUids; newPrice,18908
ideal.clsFixOrder,public,"System.Collections.Generic.Dictionary`2<valuetype System.Guid, class ideal.FixOrderData>",get_GetOrderDictionary,,,19736
ideal.clsFixOrder,public,valuetype ideal.ConnectionState,get_State,,,18716
ideal.clsFixOrder,public,void,set_State,valuetype ideal.ConnectionState,value,18728
ideal.clsFixOrder,public,string,toFixOrderDateTime,valuetype System.DateTime,date,19388
ideal.clsFixOrder,public,valuetype System.DateTime,toFixOrderDateTime,string,date,19404
ideal.clsFixOrder,public,string,toFixOrderGuid,valuetype System.Guid,guid,19424
ideal.cxApi,public,int,ShowScrollBar,IntPtr; int; int,hWnd; wBar; bShow,0
ideal.cxBar,public,void,.ctor,,,11032
ideal.cxBar,public,float,AveragePrice,,,10400
ideal.cxBar,public,int,GetIndexFromDate,string,periodX,10356
ideal.cxBar,public,float,GetRenkoBrickSize,System.Collections.Generic.List`1<class ideal.cxBar>,dataListX,10956
ideal.cxBar,public,System.Collections.Generic.List`1<class ideal.cxBar>,GetRenkoList,System.Collections.Generic.List`1<class ideal.cxBar>; float,dataListX; bricksizeX,10988
ideal.cxBar,public,string,GetStringFromDate,string,periodX,10312
ideal.cxBar,public,System.Collections.Generic.List`1<float>,PeriodAdjust,System.Collections.Generic.List`1<class ideal.cxBar>; System.Collections.Generic.List`1<class ideal.cxBar>; System.Collections.Generic.List`1<float>,lowbarsX; highbarsX; dataX,10912
ideal.cxBar,public,void,Read,string; string; System.Collections.Generic.List`1<class ideal.cxBar>,symbolX; periodX; dataListX,10448
ideal.cxBar,public,void,ReadBarCount,string; string; System.Collections.Generic.List`1<class ideal.cxBar>; int,symbolX; periodX; dataListX; barcountx,10480
ideal.cxBar,public,void,ReadData,string; string; System.Collections.Generic.List`1<class ideal.cxBar>; int,symbolX; periodX; dataListX; barcountx,10512
ideal.cxBar,public,void,ReadRbar,string; string; System.Collections.Generic.List`1<class ideal.cxBar>; valuetype System.Decimal,symbolX; periodX; dataListX; Rkademe,10820
ideal.cxBar,public,float,TypicalPrice,,,10432
ideal.cxBasic,public,void,CalculateChartIndex,,,34380
ideal.cxBasic,public,void,CalculatePriceStep,,,34544
ideal.cxBasic,public,void,CalculateTeorikPrice,,,34588
ideal.cxBasic,public,void,DeleteExpiredCharts,,,34920
ideal.cxBasic,public,double,GetAlertPrice,string,pricetypeX,34676
ideal.cxBasic,public,valuetype System.Decimal,SetPriceAdjustedStep,class ideal.cxBasic; valuetype System.Decimal,basicX; priceX,34796
ideal.cxBistMarket,public,void,.ctor,,,36464
ideal.cxBistMarket,public,void,ReadFile,,,36432
ideal.cxBistSeri,public,void,.ctor,,,36392
ideal.cxBistSeri,public,void,ReadFile,,,36360
ideal.cxBrutTakas,public,void,.ctor,,,36972
ideal.cxBrutTakas,public,void,ReadFile,,,36928
ideal.cxChartData,public,void,.ctor,,,38780
ideal.cxChartData,public,double,CalculateVolatility,string; int,symbolX; numberX,37032
ideal.cxChartData,public,int,ConvertDateToIndex,valuetype System.DateTime; string,datetimeX; periodX,37076
ideal.cxChartData,public,valuetype System.DateTime,ConvertIndexToDate,int; string,indexX; periodX,37108
ideal.cxChartData,public,string,ConvertIndexToString,int; string,indexX; periodX,37156
ideal.cxChartData,public,valuetype System.DateTime,ConvertStringToDate,string,datestrX,37200
ideal.cxChartData,public,int,ConvertStringToIndex,string; string,datestrX; periodX,37236
ideal.cxChartData,public,string,GetChartPeriodName,string,codeX,37280
ideal.cxChartData,public,float,GetHistoricClosingPrice,string; int,symbolX; dayindexX,37312
ideal.cxChartData,public,class ChartRecord,GetHistoricDataRec,string; int; string,symbolX; dayindexX; periodX,37380
ideal.cxChartData,public,void,InsertBarsToChartFile,System.Collections.Generic.List`1<class DownloadRecord>,originallistX,37448
ideal.cxChartData,public,void,InsertDownloadedBarsToChartFile,,,37516
ideal.cxChartData,public,void,ReadFromFile,string; string,symbolX; periodX,37728
ideal.cxChartData,public,void,RemoveBarsFromChartFile,System.Collections.Generic.List`1<class DownloadRecord>,originallistX,37772
ideal.cxChartData,public,void,RepairChartFile,string; string; int,symbol; period; lastindex,37840
ideal.cxChartData,public,void,RepairChartFileDate,string; string; valuetype System.DateTime,symbol; period; date,37884
ideal.cxChartData,public,void,SplitEndeksBirim,string; string; int; valuetype System.Decimal,symbolX; periodX; indexX; ratioX,38748
ideal.cxChartData,public,void,SplitEndeksChart,string; string; int; valuetype System.Decimal,symbolX; periodX; indexX; ratioX,38740
ideal.cxChartData,public,void,SplitIndexAllPeriods,string; valuetype System.Decimal,symbolX; ratioX,38732
ideal.cxChartData,public,void,SplitStock,string; string; int; float,symbolX; periodX; indexX; ratioX,37928
ideal.cxChartData,public,void,SplitStock5S,string; int; float,symbolX; indexX; ratioX,37996
ideal.cxChartData,public,void,SplitStockAllPeriods,string; string; float,symbolX; dateX; ratioX,38064
ideal.cxChartData,public,void,UpdateChartBuffers,class ideal.cxBasic,basicitemX,38108
ideal.cxChartData,public,void,UpdateChartGunBuffer,class ideal.cxBasic,basicitemX,38176
ideal.cxChartData,public,void,UpdateNewTickBuffer,string; float; float; int; int; int,symbolX; islemprice; lot; hour; minute; second,38312
ideal.cxChartData,public,void,UpdateTickBuffer,string,symbolX,38244
ideal.cxChartData,public,void,WriteBufferToChartFile,string; string,symbolX; periodX,38380
ideal.cxChartData,public,void,WriteBufferToTickFile,string,symbolX,38544
ideal.cxChartLoop,public,void,Read,,,38844
ideal.cxChartLoop,public,void,Sort,,,38876
ideal.cxChartLoop,public,void,Write,,,38932
ideal.cxCizilen,public,float,get_ImkbVolume,,,38996
ideal.cxConvert,public,string,FiyatTipArrayToString,valuetype ideal.enPriceFields[]; string,arrX; seperatorX,39188
ideal.cxConvert,public,valuetype ideal.enPriceFields[],StringToFiyatTipArray,string; char,strX; seperatorX,39576
ideal.cxDagilim,public,System.Collections.Generic.List`1<valuetype ideal.DagilimStruct>,GetBistDagilimList,string,dateX,60616
ideal.cxDagilim,public,System.Collections.Generic.List`1<valuetype ideal.DagilimStruct>,GetViopDagilimList,string,dateX,60660
ideal.cxEmirSira,public,void,.ctor,,,56340
ideal.cxEmirSira,public,void,ClearData,,,56276
ideal.cxEmirSira,public,class ideal.cxEmirSira,GetItem,string,symbolX,56308
ideal.cxEvent,public,void,OnBistIslemReceived,valuetype ideal.IslemStruct1,itemX,69304
ideal.cxEvent,public,void,OnChartBasicReceived,string,symbolX,68920
ideal.cxEvent,public,void,OnChartReceived,string,symbolX,68872
ideal.cxEvent,public,void,OnEmirSiraRefreshReceived,string; string,symbolX; datastrX,69496
ideal.cxEvent,public,void,OnEmirSiraUpdateReceived,string; string,symbolX; datastrX,69448
ideal.cxEvent,public,void,OnImkbTradeReceived,class ideal.cxTrade,itemX,69112
ideal.cxEvent,public,void,OnPortfolioReceived,string,messageX,68536
ideal.cxEvent,public,void,OnViopIslemReceived,valuetype ideal.IslemStruct1,itemX,69352
ideal.cxEvent,public,void,OnVipTradeReceived,class ideal.cxTrade,itemX,69160
ideal.cxEvent,public,void,YeniPortfoy,string,messageX,68392
ideal.cxEvent,public,void,add_BistIslemReceived,class BistIslemHandler,value,69272
ideal.cxEvent,public,void,add_ChartDataBasicReceived,class ChartDataBasicHandler,value,68888
ideal.cxEvent,public,void,add_ChartDataReceived,class ChartDataHandler,value,68840
ideal.cxEvent,public,void,add_EmirSiraRefreshReceived,class EmirSiraHandler,value,69464
ideal.cxEvent,public,void,add_EmirSiraUpdateReceived,class EmirSiraHandler,value,69416
ideal.cxEvent,public,void,add_EventYeniPortfoy,class MessageDataHandler,value,68360
ideal.cxEvent,public,void,add_ImkbTradeReceived,class TradeHandler,value,69080
ideal.cxEvent,public,void,add_PortfolioReceived,class MessageDataHandler,value,68504
ideal.cxEvent,public,void,add_ViopIslemReceived,class ViopIslemHandler,value,69320
ideal.cxEvent,public,void,add_VipTradeReceived,class TradeHandler,value,69128
ideal.cxEvent,public,void,remove_BistIslemReceived,class BistIslemHandler,value,69288
ideal.cxEvent,public,void,remove_ChartDataBasicReceived,class ChartDataBasicHandler,value,68904
ideal.cxEvent,public,void,remove_ChartDataReceived,class ChartDataHandler,value,68856
ideal.cxEvent,public,void,remove_EmirSiraRefreshReceived,class EmirSiraHandler,value,69480
ideal.cxEvent,public,void,remove_EmirSiraUpdateReceived,class EmirSiraHandler,value,69432
ideal.cxEvent,public,void,remove_EventYeniPortfoy,class MessageDataHandler,value,68376
ideal.cxEvent,public,void,remove_ImkbTradeReceived,class TradeHandler,value,69096
ideal.cxEvent,public,void,remove_PortfolioReceived,class MessageDataHandler,value,68520
ideal.cxEvent,public,void,remove_ViopIslemReceived,class ViopIslemHandler,value,69336
ideal.cxEvent,public,void,remove_VipTradeReceived,class TradeHandler,value,69144
ideal.cxExtension,public,void,_AddChartPeriods,class System.Windows.Forms.ComboBox,combo,42120
ideal.cxExtension,public,string,_ChartLinLog,int,linlog,46192
ideal.cxExtension,public,valuetype System.DateTime,_ClosestWorkDayForTakas,valuetype System.DateTime,dateX,47600
ideal.cxExtension,public,string,_EngTrkPriceField,string,str,48592
ideal.cxExtension,public,void,_FillHacimKurum,class System.Windows.Forms.ComboBox,combo,42196
ideal.cxExtension,public,int,_KurumToId,string,str,48496
ideal.cxExtension,public,string,_SymbolChartFile,string; string,symbolX; periodX,43800
ideal.cxExtension,public,string,_SymbolDecodeImkb,string,strX,44092
ideal.cxExtension,public,string,_SymbolDecodeVip,string,strX,44136
ideal.cxExtension,public,string,_SymbolEncodeImkb,string,strX,44180
ideal.cxExtension,public,string,_SymbolEncodeVip,string,strX,44224
ideal.cxExtension,public,string,_SymbolSearchImkb,string,strX,44528
ideal.cxExtension,public,string,_SymbolVipExpiry,string,symbolX,44748
ideal.cxExtension,public,string,_SymbolWithVipMarket,string; string,symbolX; marketX,44704
ideal.cxExtension,public,valuetype System.DateTime,_ToChartDate,int; string,index; period,46256
ideal.cxExtension,public,valuetype System.DateTime,_ToChartDateF_,int; string,index; period,46304
ideal.cxExtension,public,string,_ToPriceString,float; int,val; decpoint,46556
ideal.cxExtension,public,string,_ToPriceString,double; int,val; decpoint,46716
ideal.cxExtension,public,string,_ToPriceString,valuetype System.Decimal; int,val; decpoint,46876
ideal.cxExtension,public,string,_ToVolumeString,float; byte,val; fmt,46588
ideal.cxExtension,public,string,_ToVolumeString,double; byte,val; fmt,46748
ideal.cxExtension,public,string,_ToVolumeString,valuetype System.Decimal; byte,val; fmt,46908
ideal.cxExtension,public,string,_TrkEngPriceField,string,str,48560
ideal.cxFileTools,public,string,GenerateTakasFilenameFromDate,string,datestrX,49160
ideal.cxFileTools,public,string[],ReadTakasAllLines,string,datestrX,49224
ideal.cxFon,public,valuetype System.DateTime,get_ChartSorgulanmaTarihi,,,64656
ideal.cxFon,public,valuetype System.DateTime,get_DetaySorgulanmaTarihi,,,64636
ideal.cxFon,public,System.Nullable`1<float>,get_Fiyat,,,64060
ideal.cxFon,public,System.Nullable`1<valuetype System.DateTime>,get_FiyatDate,,,64044
ideal.cxFon,public,void,set_ChartSorgulanmaTarihi,valuetype System.DateTime,value,64668
ideal.cxFon,public,void,set_DetaySorgulanmaTarihi,valuetype System.DateTime,value,64648
ideal.cxFon,public,void,set_Fiyat,System.Nullable`1<float>,value,64068
ideal.cxFon,public,void,set_FiyatDate,System.Nullable`1<valuetype System.DateTime>,value,64052
ideal.cxForm,public,void,ShowAccounts,,,74316
ideal.cxForm,public,void,ShowBrutTakas,,,74508
ideal.cxForm,public,void,ShowBuySellImkb,valuetype System.Drawing.Point; string; string; double; string; class BuySell; bool,pointX; symbolX; buysellX; priceX; amountX; pageparamsX; topmostX,74672
ideal.cxForm,public,void,ShowBuySellVip,valuetype System.Drawing.Point; string; string; string; double; string; class BuySell; bool,pointX; symbolX; buysellX; pricetypeX; priceX; amountX; pageparamsX; topmostX,74760
ideal.cxForm,public,void,ShowChart,string,symbolX,74880
ideal.cxForm,public,void,ShowDepthImkb,int; int; string; class Depth,leftX; topX; symbolX; pageparamsX,75248
ideal.cxForm,public,void,ShowDepthVip,int; int; string; class Depth,leftX; topX; symbolX; pageparamsX,75396
ideal.cxForm,public,void,ShowDownloadChart,,,75568
ideal.cxForm,public,void,ShowEmirSira,int; int; string; class Depth,leftX; topX; symbolX; pageparamsX,75280
ideal.cxForm,public,void,ShowFixPortfolio,string,tabPageName,76348
ideal.cxForm,public,void,ShowGetiriGrafik,,,75952
ideal.cxForm,public,void,ShowHacim,class BuySell,pageparamsX,75856
ideal.cxForm,public,void,ShowHesap,string; string; string; string; class BuySell,accountnameX; accountnoX; piyasaX; tabX; pageparamsX,75632
ideal.cxForm,public,void,ShowIndicatorValues,,,75664
ideal.cxForm,public,void,ShowKurumHacim,,,75888
ideal.cxForm,public,void,ShowOmsPortfoy,string,tabPageName,76380
ideal.cxForm,public,void,ShowPgcChart,int; int; string; class Pgc,leftX; topX; symbolX; pageparamsX,76240
ideal.cxForm,public,void,ShowPortfolio,,,76316
ideal.cxForm,public,void,ShowPortfolioSetting,,,76412
ideal.cxForm,public,void,ShowSistemOptimizer,,,76516
ideal.cxForm,public,void,ShowSistemSorgu,,,76548
ideal.cxForm,public,void,ShowTakas,string,symbolX,76676
ideal.cxForm,public,void,ShowTakasList,int; int; string; class Step,leftX; topX; symbolX; pageparamsX,76708
ideal.cxHelper,public,valuetype System.DateTime,toOrderDateTime,string,date,65380
ideal.cxICRYPEX,public,System.Threading.Tasks.Task`1<string>,CancelOrders,class AccountRecord; string,accountX; orderId,20892
ideal.cxICRYPEX,public,System.Threading.Tasks.Task`1<class ideal.AccountInfoModel>,GetAccountInfo,class AccountRecord,accountX,20792
ideal.cxICRYPEX,public,string,GetChartData,string; long; long; double,marketSymbolX; startdateX; enddateX; intervalX,21428
ideal.cxICRYPEX,public,System.Threading.Tasks.Task`1<string>,GetFutureOrders,class AccountRecord,accountX,20956
ideal.cxICRYPEX,public,string,GetOpenOrders,class AccountRecord; string,accountX; marketSymbolX,20988
ideal.cxICRYPEX,public,System.Threading.Tasks.Task`1<string>,GetOrders,class AccountRecord,accountX,20908
ideal.cxICRYPEX,public,System.Threading.Tasks.Task`1<string>,GetOrdersHistory,class AccountRecord,accountX,20876
ideal.cxICRYPEX,public,string,GetPlaceOrder,class AccountRecord; string,accountX; marketSymbolX,21056
ideal.cxICRYPEX,public,string,GetaccountSnapshot,class AccountRecord,accountX,20808
ideal.cxICRYPEX,public,System.Threading.Tasks.Task`1<string>,OrderHistoryBySymbol,class AccountRecord; string,accountX; marketSymbolX,21140
ideal.cxICRYPEX,public,System.Threading.Tasks.Task`1<string>,OrderInsert,class AccountRecord; class BuySellRecord,accountX; buySellX,20972
ideal.cxICRYPEX,public,System.Threading.Tasks.Task`1<string>,Orderbook,class AccountRecord; string,accountX; marketSymbolX,21200
ideal.cxICRYPEX,public,string,TradesOfTheOrder,class AccountRecord; string,accountX; OrderId,21156
ideal.cxImkbIndex,public,void,.ctor,,,50408
ideal.cxImkbIndex,public,void,ReadIndices,,,50332
ideal.cxImkbIndex,public,void,ReadStocks,,,50364
ideal.cxImkbIndexWeight,public,void,.ctor,,,50560
ideal.cxImkbIndexWeight,public,void,Deserialize,,,50492
ideal.cxImkbIndexWeight,public,float,getSymbolIndexWeight,string; string,symbolRootX; indexCodeX,50460
ideal.cxImkbOrder,public,void,.ctor,,,50840
ideal.cxImkbOrder,public,System.Collections.Generic.List`1<class DistributionRecord>,GetDistributionList,int; valuetype System.DateTime; string; string,statusX; dateX; stockX; brokerX,50748
ideal.cxImkbTedbir,public,void,.ctor,,,50660
ideal.cxImkbTedbir,public,void,Deserialize,,,50628
ideal.cxImkbTedbir,public,string,get_JsonStr,,,50612
ideal.cxImkbTedbir,public,void,set_JsonStr,string,value,50620
ideal.cxIndicator,public,void,.ctor,,,11464
ideal.cxIndicator,public,void,Calculate,System.Collections.Generic.List`1<class ideal.cxBar>,barsX,11868
ideal.cxIndicator,public,System.Collections.Generic.List`1<float>,CalculateATR,System.Collections.Generic.List`1<float>; float,datalistX; periodX,11836
ideal.cxIndicator,public,void,CalculateAccumulationDistribution,System.Collections.Generic.List`1<class ideal.cxBar>,bars,13368
ideal.cxIndicator,public,void,CalculateAccumulationSwingIndex,System.Collections.Generic.List`1<class ideal.cxBar>,bars,13336
ideal.cxIndicator,public,void,CalculateAlligator,System.Collections.Generic.List`1<class ideal.cxBar>,bars,11912
ideal.cxIndicator,public,void,CalculateAroonOscillator,System.Collections.Generic.List`1<class ideal.cxBar>,bars,13596
ideal.cxIndicator,public,void,CalculateAroonUpDown,System.Collections.Generic.List`1<class ideal.cxBar>,bars,13552
ideal.cxIndicator,public,void,CalculateAverageDirectionalIndex,System.Collections.Generic.List`1<class ideal.cxBar>,bars,13412
ideal.cxIndicator,public,void,CalculateAverageDirectionalIndex,System.Collections.Generic.List`1<float>,dataList,13444
ideal.cxIndicator,public,void,CalculateAverageDirectionalIndexE,System.Collections.Generic.List`1<class ideal.cxBar>,bars,13488
ideal.cxIndicator,public,void,CalculateAverageDirectionalRating,System.Collections.Generic.List`1<class ideal.cxBar>,bars,13520
ideal.cxIndicator,public,void,CalculateAverageTrueRange,System.Collections.Generic.List`1<class ideal.cxBar>,bars,13628
ideal.cxIndicator,public,void,CalculateAwesomeOscillator,System.Collections.Generic.List`1<class ideal.cxBar>,bars,13672
ideal.cxIndicator,public,void,CalculateBilancoFK,System.Collections.Generic.List`1<class ideal.cxBar>,bars,13716
ideal.cxIndicator,public,void,CalculateBilancoNetKar,System.Collections.Generic.List`1<class ideal.cxBar>,bars,13760
ideal.cxIndicator,public,void,CalculateBilancoOdenmisSerm,System.Collections.Generic.List`1<class ideal.cxBar>,bars,13792
ideal.cxIndicator,public,void,CalculateBilancoOzSerm,System.Collections.Generic.List`1<class ideal.cxBar>,bars,13824
ideal.cxIndicator,public,void,CalculateBilancoPD,System.Collections.Generic.List`1<class ideal.cxBar>,bars,13856
ideal.cxIndicator,public,void,CalculateBilancoPDDD,System.Collections.Generic.List`1<class ideal.cxBar>,bars,13888
ideal.cxIndicator,public,void,CalculateBollingerBands,System.Collections.Generic.List`1<float>,dataList,11956
ideal.cxIndicator,public,void,CalculateBollingerBandsStatic,System.Collections.Generic.List`1<class ideal.cxBar>,barsX,12000
ideal.cxIndicator,public,void,CalculateBollingerWidth,System.Collections.Generic.List`1<class ideal.cxBar>,bars,13932
ideal.cxIndicator,public,void,CalculateChaikinMoneyFlow,System.Collections.Generic.List`1<class ideal.cxBar>,bars,14108
ideal.cxIndicator,public,void,CalculateChaikinOscillator,System.Collections.Generic.List`1<class ideal.cxBar>,bars,14152
ideal.cxIndicator,public,void,CalculateChaikinVolatility,System.Collections.Generic.List`1<class ideal.cxBar>,bars,14196
ideal.cxIndicator,public,void,CalculateChandeMomentum,System.Collections.Generic.List`1<float>,dataList,13976
ideal.cxIndicator,public,void,CalculateCommodityChannelIndex,System.Collections.Generic.List`1<class ideal.cxBar>,bars,14020
ideal.cxIndicator,public,void,CalculateCommoditySelectionIndex,System.Collections.Generic.List`1<class ideal.cxBar>,bars,14064
ideal.cxIndicator,public,void,CalculateDUBIX,System.Collections.Generic.List`1<float>,dataList,16376
ideal.cxIndicator,public,void,CalculateDema,System.Collections.Generic.List`1<float>,dataList,12044
ideal.cxIndicator,public,void,CalculateDemandIndex,System.Collections.Generic.List`1<class ideal.cxBar>,bars,14240
ideal.cxIndicator,public,void,CalculateDetrendedPriceOscillator,System.Collections.Generic.List`1<float>,dataList,14284
ideal.cxIndicator,public,void,CalculateDigerSymbol,System.Collections.Generic.List`1<class ideal.cxBar>,barsX,17136
ideal.cxIndicator,public,void,CalculateDirectionalIndicator,System.Collections.Generic.List`1<class ideal.cxBar>,bars,14328
ideal.cxIndicator,public,void,CalculateDirectionalMovement,System.Collections.Generic.List`1<class ideal.cxBar>,bars,14372
ideal.cxIndicator,public,void,CalculateDoubleMA,System.Collections.Generic.List`1<float>; System.Collections.Generic.List`1<class ideal.cxBar>,dataList; barsX,12088
ideal.cxIndicator,public,void,CalculateEaseOfMovement,System.Collections.Generic.List`1<class ideal.cxBar>,bars,14416
ideal.cxIndicator,public,void,CalculateEhlersDistCoefFilter,System.Collections.Generic.List`1<class ideal.cxBar>,bars,12176
ideal.cxIndicator,public,void,CalculateEhlersFilter,System.Collections.Generic.List`1<class ideal.cxBar>,bars,12132
ideal.cxIndicator,public,void,CalculateElliotWaveOscillator,System.Collections.Generic.List`1<class ideal.cxBar>,bars,17204
ideal.cxIndicator,public,void,CalculateEnvelope,System.Collections.Generic.List`1<float>,dataList,12264
ideal.cxIndicator,public,void,CalculateEnvelopeStatic,System.Collections.Generic.List`1<class ideal.cxBar>,barsX,12308
ideal.cxIndicator,public,void,CalculateFaizMb,System.Collections.Generic.List`1<class ideal.cxBar>,bars,17612
ideal.cxIndicator,public,void,CalculateFibonacciBands,System.Collections.Generic.List`1<class ideal.cxBar>,bars,12352
ideal.cxIndicator,public,void,CalculateFisherTransform,System.Collections.Generic.List`1<float>,dataList,17676
ideal.cxIndicator,public,void,CalculateForecastOscillator,System.Collections.Generic.List`1<float>,dataList,14460
ideal.cxIndicator,public,void,CalculateFxSniper,System.Collections.Generic.List`1<float>,dataList,16960
ideal.cxIndicator,public,System.Collections.Generic.List`1<float>,CalculateHHV,System.Collections.Generic.List`1<float>; float,datalist; periodX,11772
ideal.cxIndicator,public,void,CalculateHighLowBox,System.Collections.Generic.List`1<class ideal.cxBar>,barsX,12384
ideal.cxIndicator,public,void,CalculateHighLowRange,System.Collections.Generic.List`1<class ideal.cxBar>,bars,12428
ideal.cxIndicator,public,void,CalculateHullMA,System.Collections.Generic.List`1<float>,dataList,17468
ideal.cxIndicator,public,void,CalculateIchimoku,System.Collections.Generic.List`1<class ideal.cxBar>,bars,12472
ideal.cxIndicator,public,void,CalculateIntradayMomentumIndex,System.Collections.Generic.List`1<class ideal.cxBar>,bars,14504
ideal.cxIndicator,public,void,CalculateKairi,System.Collections.Generic.List`1<float>,dataList,14548
ideal.cxIndicator,public,void,CalculateKeltnerChannel,System.Collections.Generic.List`1<class ideal.cxBar>,bars,12516
ideal.cxIndicator,public,void,CalculateKlingerOscillator,System.Collections.Generic.List`1<class ideal.cxBar>,bars,14580
ideal.cxIndicator,public,System.Collections.Generic.List`1<float>,CalculateLLV,System.Collections.Generic.List`1<float>; float,datalistX; periodX,11804
ideal.cxIndicator,public,void,CalculateLinearRegression,System.Collections.Generic.List`1<float>,dataList,12560
ideal.cxIndicator,public,void,CalculateLinearRegressionIndicator,System.Collections.Generic.List`1<float>,dataList,14624
ideal.cxIndicator,public,void,CalculateLinearRegressionIntercept,System.Collections.Generic.List`1<float>,dataList,14688
ideal.cxIndicator,public,void,CalculateLinearRegressionSlope,System.Collections.Generic.List`1<float>,dataList,14656
ideal.cxIndicator,public,void,CalculateLot,System.Collections.Generic.List`1<class ideal.cxBar>,bars,14720
ideal.cxIndicator,public,System.Collections.Generic.List`1<float>,CalculateMA,System.Collections.Generic.List`1<float>; valuetype ideal.enAvrMethods; float,datalist; method; period,11728
ideal.cxIndicator,public,void,CalculateMMA,System.Collections.Generic.List`1<class ideal.cxBar>,bars,17336
ideal.cxIndicator,public,void,CalculateMacd,System.Collections.Generic.List`1<float>,dataList,14752
ideal.cxIndicator,public,void,CalculateMacdHistogram,System.Collections.Generic.List`1<float>,dataList,14784
ideal.cxIndicator,public,void,CalculateMassIndex,System.Collections.Generic.List`1<class ideal.cxBar>,bars,14828
ideal.cxIndicator,public,void,CalculateMomentum,System.Collections.Generic.List`1<float>,dataList,14872
ideal.cxIndicator,public,void,CalculateMoneyFlowIndex,System.Collections.Generic.List`1<class ideal.cxBar>,bars,14904
ideal.cxIndicator,public,void,CalculateMovingAverage,System.Collections.Generic.List`1<float>,dataList,12604
ideal.cxIndicator,public,void,CalculateMovingAverageStatic,System.Collections.Generic.List`1<class ideal.cxBar>,barsX,12648
ideal.cxIndicator,public,void,CalculateNegativeVolumeIndex,System.Collections.Generic.List`1<class ideal.cxBar>,bars,14948
ideal.cxIndicator,public,void,CalculateNonlinearEhlersFilter,System.Collections.Generic.List`1<class ideal.cxBar>; float,bars; n,12220
ideal.cxIndicator,public,void,CalculateOnBalanceVolume,System.Collections.Generic.List`1<class ideal.cxBar>,bars,14980
ideal.cxIndicator,public,void,CalculateOpenInterest,System.Collections.Generic.List`1<class ideal.cxBar>,bars,15024
ideal.cxIndicator,public,void,CalculatePGC,System.Collections.Generic.List`1<class ideal.cxBar>,bars,17580
ideal.cxIndicator,public,void,CalculatePHPL01,System.Collections.Generic.List`1<class ideal.cxBar>,barsX,12888
ideal.cxIndicator,public,void,CalculateParabolicSAR,System.Collections.Generic.List`1<class ideal.cxBar>,bars,12680
ideal.cxIndicator,public,void,CalculateParabolicSAR,System.Collections.Generic.List`1<float>,dataList,12724
ideal.cxIndicator,public,void,CalculatePerformance,System.Collections.Generic.List`1<class ideal.cxBar>,bars,15056
ideal.cxIndicator,public,void,CalculatePivot,System.Collections.Generic.List`1<class ideal.cxBar>,bars,17380
ideal.cxIndicator,public,void,CalculatePivotBand,System.Collections.Generic.List`1<class ideal.cxBar>,bars,12768
ideal.cxIndicator,public,void,CalculatePolarizedFractalEfficiency,System.Collections.Generic.List`1<float>,dataList,15088
ideal.cxIndicator,public,void,CalculatePositiveVolumeIndex,System.Collections.Generic.List`1<class ideal.cxBar>,bars,15132
ideal.cxIndicator,public,void,CalculatePriceOscillatorPercent,System.Collections.Generic.List`1<float>,dataList,15164
ideal.cxIndicator,public,void,CalculatePriceOscillatorPercentHistogram,System.Collections.Generic.List`1<float>,dataList,15208
ideal.cxIndicator,public,void,CalculatePriceOscillatorPoints,System.Collections.Generic.List`1<float>,dataList,15252
ideal.cxIndicator,public,void,CalculatePriceOscillatorPointsHistogram,System.Collections.Generic.List`1<float>,dataList,15296
ideal.cxIndicator,public,void,CalculatePriceRange,System.Collections.Generic.List`1<class ideal.cxBar>,bars,12800
ideal.cxIndicator,public,void,CalculatePriceRocPercent,System.Collections.Generic.List`1<float>,dataList,15340
ideal.cxIndicator,public,void,CalculatePriceRocPoints,System.Collections.Generic.List`1<class ideal.cxBar>,bars,15372
ideal.cxIndicator,public,void,CalculatePriceRocPoints,System.Collections.Generic.List`1<float>,dataList,15404
ideal.cxIndicator,public,void,CalculatePriceVolumeTrend,System.Collections.Generic.List`1<class ideal.cxBar>,bars,15436
ideal.cxIndicator,public,void,CalculateProjectionBands,System.Collections.Generic.List`1<class ideal.cxBar>,bars,12844
ideal.cxIndicator,public,void,CalculateProjectionBandwidth,System.Collections.Generic.List`1<class ideal.cxBar>,bars,15468
ideal.cxIndicator,public,void,CalculateProjectionOscillator,System.Collections.Generic.List`1<class ideal.cxBar>,bars,15512
ideal.cxIndicator,public,void,CalculateQQE,System.Collections.Generic.List`1<float>,dataList,17048
ideal.cxIndicator,public,void,CalculateQQEI,System.Collections.Generic.List`1<float>,dataList,17092
ideal.cxIndicator,public,void,CalculateQstick,System.Collections.Generic.List`1<class ideal.cxBar>,bars,15556
ideal.cxIndicator,public,void,CalculateRAVI,System.Collections.Generic.List`1<float>,dataList,15632
ideal.cxIndicator,public,void,CalculateRSIDenvelope,System.Collections.Generic.List`1<class ideal.cxBar>,barsX,15808
ideal.cxIndicator,public,void,CalculateRangeIndicator,System.Collections.Generic.List`1<class ideal.cxBar>,bars,15588
ideal.cxIndicator,public,void,CalculateRelativeMomentumIndex,System.Collections.Generic.List`1<float>,dataList,15676
ideal.cxIndicator,public,void,CalculateRelativeStrengthIndex,System.Collections.Generic.List`1<float>,dataList,15720
ideal.cxIndicator,public,void,CalculateRelativeVolatilityIndex,System.Collections.Generic.List`1<class ideal.cxBar>,bars,15764
ideal.cxIndicator,public,void,CalculateRsquared,System.Collections.Generic.List`1<class ideal.cxBar>,bars,15852
ideal.cxIndicator,public,void,CalculateSenti,System.Collections.Generic.List`1<class ideal.cxBar>; valuetype ideal.exIndicatorTypes,barsX; sentiIndicator,17512
ideal.cxIndicator,public,void,CalculateStandardDeviation,System.Collections.Generic.List`1<float>,dataList,15896
ideal.cxIndicator,public,void,CalculateStandardError,System.Collections.Generic.List`1<float>,dataList,15928
ideal.cxIndicator,public,void,CalculateStandardErrorBands,System.Collections.Generic.List`1<float>,dataList,12932
ideal.cxIndicator,public,void,CalculateStochasticFastOscillator,System.Collections.Generic.List`1<class ideal.cxBar>,bars,16048
ideal.cxIndicator,public,void,CalculateStochasticMomentumIndex,System.Collections.Generic.List`1<class ideal.cxBar>,bars,15960
ideal.cxIndicator,public,void,CalculateStochasticMomentumIndex,System.Collections.Generic.List`1<float>,datalistX,16004
ideal.cxIndicator,public,void,CalculateStochasticOscillator,System.Collections.Generic.List`1<class ideal.cxBar>,bars,16092
ideal.cxIndicator,public,void,CalculateStochasticRSI,System.Collections.Generic.List`1<float>,dataList,16136
ideal.cxIndicator,public,void,CalculateStochasticSlow,System.Collections.Generic.List`1<class ideal.cxBar>,bars,17248
ideal.cxIndicator,public,void,CalculateSwingIndex,System.Collections.Generic.List`1<class ideal.cxBar>,bars,16180
ideal.cxIndicator,public,void,CalculateTKE,System.Collections.Generic.List`1<class ideal.cxBar>,bars,16256
ideal.cxIndicator,public,void,CalculateTTI,System.Collections.Generic.List`1<float>,dataList,17292
ideal.cxIndicator,public,void,CalculateTakas,System.Collections.Generic.List`1<class ideal.cxBar>,bars,16224
ideal.cxIndicator,public,void,CalculateTema,System.Collections.Generic.List`1<float>,dataList,12976
ideal.cxIndicator,public,void,CalculateTillsonT3,System.Collections.Generic.List`1<class ideal.cxBar>,bars,17424
ideal.cxIndicator,public,void,CalculateTimeSeriesForecast,System.Collections.Generic.List`1<float>,dataList,13020
ideal.cxIndicator,public,void,CalculateToma,System.Collections.Generic.List`1<float>,dataList,13052
ideal.cxIndicator,public,void,CalculateToma,System.Collections.Generic.List`1<float>; valuetype ideal.enAvrMethods,dataList; matype,13096
ideal.cxIndicator,public,void,CalculateTomaPuan,System.Collections.Generic.List`1<float>,dataList,17004
ideal.cxIndicator,public,void,CalculateTomas,System.Collections.Generic.List`1<float>,dataList,13140
ideal.cxIndicator,public,void,CalculateTrendScore,System.Collections.Generic.List`1<float>,dataList,16300
ideal.cxIndicator,public,void,CalculateTrix,System.Collections.Generic.List`1<float>,dataList,16344
ideal.cxIndicator,public,void,CalculateTufeTuik,System.Collections.Generic.List`1<class ideal.cxBar>,bars,17644
ideal.cxIndicator,public,void,CalculateTypicalPrice,System.Collections.Generic.List`1<class ideal.cxBar>,bars,13184
ideal.cxIndicator,public,void,CalculateUltimateOscillator,System.Collections.Generic.List`1<class ideal.cxBar>,bars,16408
ideal.cxIndicator,public,void,CalculateVerticalHorizontalFilter,System.Collections.Generic.List`1<float>,dataList,16452
ideal.cxIndicator,public,void,CalculateVolume,System.Collections.Generic.List`1<class ideal.cxBar>,bars,16496
ideal.cxIndicator,public,void,CalculateVolumeOscillatorPercent,System.Collections.Generic.List`1<class ideal.cxBar>,bars,16528
ideal.cxIndicator,public,void,CalculateVolumeOscillatorPercentHistogram,System.Collections.Generic.List`1<class ideal.cxBar>,bars,16572
ideal.cxIndicator,public,void,CalculateVolumeOscillatorPoints,System.Collections.Generic.List`1<class ideal.cxBar>,bars,16616
ideal.cxIndicator,public,void,CalculateVolumeOscillatorPointsHistogram,System.Collections.Generic.List`1<class ideal.cxBar>,bars,16660
ideal.cxIndicator,public,void,CalculateVolumeSymbol,System.Collections.Generic.List`1<class ideal.cxBar>,barsX,16704
ideal.cxIndicator,public,void,CalculateVolumeSymbolPercent,System.Collections.Generic.List`1<class ideal.cxBar>,barsX,16772
ideal.cxIndicator,public,void,CalculateWeightedClose,System.Collections.Generic.List`1<class ideal.cxBar>,bars,13216
ideal.cxIndicator,public,void,CalculateWilliamsAccDist,System.Collections.Generic.List`1<class ideal.cxBar>,bars,16840
ideal.cxIndicator,public,void,CalculateWilliamsR,System.Collections.Generic.List`1<class ideal.cxBar>,bars,16884
ideal.cxIndicator,public,void,CalculateWilliamsR,System.Collections.Generic.List`1<float>,dataList,16928
ideal.cxIndicator,public,void,CalculateZigZagPercent,System.Collections.Generic.List`1<float>,dataList,13248
ideal.cxIndicator,public,void,CalculateZigZagPoints,System.Collections.Generic.List`1<float>,dataList,13292
ideal.cxIndicator,public,class ideal.cxIndicator,CopySelectedItem,,,17720
ideal.cxIndicator,public,class ideal.cxIndicator,DeepCopy,,,17908
ideal.cxIndicator,public,valuetype ideal.enAvrMethods,GetAverageMethod,string,methodstr,11496
ideal.cxIndicator,public,System.Collections.Generic.List`1<string>,GetIndicatorValueList,System.Collections.Generic.List`1<class ideal.cxBar>; string; int; string; bool,barsX; chartperiodX; barnoX; decimalformatX; dateboolX,11516
ideal.cxIndicator,public,void,Init,,,17752
ideal.cxIndicator,public,void,ReadDefaultParameters,,,17820
ideal.cxIndicator,public,void,SaveDefaultParameters,class ideal.cxIndicator,indicatorX,17864
ideal.cxIndicator,public,System.Collections.Generic.List`1<float>,SelectPriceField,System.Collections.Generic.List`1<class ideal.cxBar>,bars,11608
ideal.cxIndicator,public,void,SetAverage,,,11684
ideal.cxIndicator,public,class ideal.cxIndicator,ShallowCopy,,,11576
ideal.cxIndicator,public,int,get_SpecialDrawing,,,11448
ideal.cxIslemDagilim,public,class ideal.PGCKurumMaliyet,PGCKurummaliyet,string; int,sembolX; kurumsayisiX,61448
ideal.cxIslemler,public,System.Collections.Generic.List`1<class ideal.cxBar>,GetBistIslemKurum,string; int; int,sembolX; kurumIdX; daycount,59676
ideal.cxIslemler,public,System.Collections.Generic.List`1<valuetype ideal.IslemStruct1>,GetBistIslemList,string,symbolX,59556
ideal.cxIslemler,public,System.Collections.Generic.List`1<valuetype ideal.IslemStruct1>,GetBistIslemList,string; string,dateX; symbolX,59588
ideal.cxIslemler,public,System.Collections.Generic.List`1<valuetype ideal.IslemStruct1>,GetBistIslemList,"byte; string; string; System.Collections.Generic.Dictionary`2<string, string>",periodX; dateX; filterX; symboldictX,59632
ideal.cxIslemler,public,System.Collections.Generic.List`1<valuetype ideal.IslemStruct1>,GetViopIslemList,string,symbolX,60164
ideal.cxIslemler,public,System.Collections.Generic.List`1<valuetype ideal.IslemStruct1>,GetViopIslemList,string; string,dateX; symbolX,60196
ideal.cxIslemler,public,System.Collections.Generic.List`1<valuetype ideal.IslemStruct1>,GetViopIslemList,"byte; string; string; System.Collections.Generic.Dictionary`2<string, string>",periodX; dateX; filterX; symboldictX,60240
ideal.cxIslemler,public,System.Collections.Generic.List`1<valuetype ideal.IslemStruct1>,GetViopOrjList,string; string,dateX; symbolX,60284
ideal.cxIslemler,public,void,ReadBistIslemler,,,59940
ideal.cxIslemler,public,void,ReadViopIslemler,,,60360
ideal.cxIslemler,public,void,RemoveBistItem,int,posX,59768
ideal.cxIslemler,public,void,RemoveViopItem,int,posX,60328
ideal.cxIslemler,public,void,UpdateBistMoneyFlow,valuetype ideal.IslemStruct1; class ideal.cxBasic,islemitem; basicitemX,59984
ideal.cxIslemler,public,void,WriteBistBuffer,,,60048
ideal.cxIslemler,public,void,WriteViopBuffer,,,60404
ideal.cxPortfolio,public,void,.ctor,,,66932
ideal.cxPortfolio,public,void,AddPortfoy,string; string,accountnameX; accountnoX,65612
ideal.cxPortfolio,public,float,CalculatePriceStep,string,symbolX,66252
ideal.cxPortfolio,public,bool,CheckLogin,string,accountnameX,65848
ideal.cxPortfolio,public,bool,CheckZincirYetki,string,brokerX,65880
ideal.cxPortfolio,public,void,Deserialize,,,65924
ideal.cxPortfolio,public,class AccountRecord,GetAccount,string,accountnameX,66072
ideal.cxPortfolio,public,System.Collections.Generic.List`1<string>,GetAccountNoList,string,accountnameX,66140
ideal.cxPortfolio,public,string,GetActiveAccountNo,string,accountnameX,66040
ideal.cxPortfolio,public,class Portfoy,GetActivePortfoy,,,65644
ideal.cxPortfolio,public,string,GetGeneksSoftOTP,class AccountRecord,accountX,66840
ideal.cxPortfolio,public,valuetype System.DateTime,GetGtpValorTarih,,,66172
ideal.cxPortfolio,public,string,GetImkbCurrentSessionFromAccountName,string,accountnameX,66296
ideal.cxPortfolio,public,double,GetImkbLimit,string; string,accountnameX; accountnoX,65676
ideal.cxPortfolio,public,double,GetImkbOverall,string; string,accountnameX; accountnoX,65708
ideal.cxPortfolio,public,string,GetKurumMetodType,string; string,kurumX; backofficeX,66384
ideal.cxPortfolio,public,string,GetKurumNameKisaForOTP,class AccountRecord,accountX,66796
ideal.cxPortfolio,public,string,GetKurumUnvan,string,kurumX,66340
ideal.cxPortfolio,public,bool,GetOTPCheckBool,class AccountRecord,accountX,66872
ideal.cxPortfolio,public,class Portfoy,GetPortfoy,string; string,accountnameX; accountnoX,65740
ideal.cxPortfolio,public,System.Collections.Generic.List`1<valuetype System.Decimal>,GetPriceSteps,string,symbolX,66208
ideal.cxPortfolio,public,double,GetSymbolDefaultLot,string,symbolX,66428
ideal.cxPortfolio,public,string,GetTestData,string,filenamex,66460
ideal.cxPortfolio,public,double,GetViopMultiplier,string,Symbolx,66492
ideal.cxPortfolio,public,double,GetViopMultiplierForPozSize,string,Symbolx,66524
ideal.cxPortfolio,public,void,InsertBuySellToAlgo,class BuySellRecord,buysellX,66588
ideal.cxPortfolio,public,void,InsertBuySellToList,class BuySellRecord,buysellX,66632
ideal.cxPortfolio,public,void,InsertEvent,string,eventmessageX,66556
ideal.cxPortfolio,public,string,PeperSalt_Hash,string,valuex,66664
ideal.cxPortfolio,public,void,ReadBrokers,,,66708
ideal.cxPortfolio,public,void,ReadFileSifreler,,,65804
ideal.cxPortfolio,public,void,RemovePortfoy,string; string,accountnameX; accountnoX,65772
ideal.cxPortfolio,public,void,Serialize,,,66752
ideal.cxReceiver,public,void,IdbRefreshVipBasic,string,connectionIDX,31608
ideal.cxReceiver,public,void,IdbRefreshVipDepth,string,connectionIDX,31624
ideal.cxReceiver,public,void,Parse1CompressedKurumData,string; int,messageX; messagetypeX,28280
ideal.cxReceiver,public,void,Parse1EmirSira,string; int; bool,messageX; messagetypeX; sendboolX,26992
ideal.cxReceiver,public,void,Parse1_Imkb2Combined,string; int; bool; bool,messageX; messagetypeX; sendboolX; decompboolX,25312
ideal.cxReceiver,public,void,Parse1_ImkbDerinlik,string,messageX,25428
ideal.cxReceiver,public,void,Parse1_ImkbVarant,string,messageX,25472
ideal.cxReceiver,public,void,Parse1_VipCombined,string; int; bool; bool,messageX; messagetypeX; sendboolX; decompboolX,25540
ideal.cxReceiver,public,void,Parse1_VipDerinlik,string,messageX,25800
ideal.cxReceiver,public,void,Parse1_VipOption,string,messageX,25916
ideal.cxReceiver,public,void,Parse2ChartTransfer,string; int; bool,messageX; functioncodeX; sendboolX,30140
ideal.cxReceiver,public,void,Parse2ImkbTradeDownload,string; int; bool,messageX; functioncodeX; sendboolX,30468
ideal.cxReceiver,public,void,Parse2ImkbVolumeTransfer,string; int; bool,messageX; functioncodeX; sendboolX,30536
ideal.cxReceiver,public,void,Parse2TakasTransfer,string; int; bool,messageX; functioncodeX; sendboolX,30776
ideal.cxReceiver,public,void,Parse2VipNetTransfer,string; int; bool,messageX; functioncodeX; sendboolX,30900
ideal.cxReceiver,public,void,Parse2VipTradeDownload,string; int; bool,messageX; functioncodeX; sendboolX,30832
ideal.cxReceiver,public,void,RequestChart,string; string; bool,symbolX; periodX; allX,31092
ideal.cxReceiver,public,void,RequestChartFromArtiox,string; string; bool,symbolX; periodX; allX,31412
ideal.cxReceiver,public,void,RequestChartFromBinance,string; string; bool,symbolX; periodX; allX,31388
ideal.cxReceiver,public,void,RequestChartFromIcrypex,string; string; bool,symbolX; periodX; allX,31404
ideal.cxReceiver,public,void,RequestEmirSira,string,symbolX,29528
ideal.cxReceiver,public,void,RequestImkbBasic,,,29028
ideal.cxReceiver,public,void,RequestImkbDepth,,,29272
ideal.cxReceiver,public,void,RequestImkbTrade,,,31168
ideal.cxReceiver,public,void,RequestPriceAllMarkets,,,29604
ideal.cxReceiver,public,void,RequestTumChart,string,periyot,31124
ideal.cxReceiver,public,void,RequestVipBasic,,,29704
ideal.cxReceiver,public,void,RequestVipDepth,,,29836
ideal.cxReceiver,public,void,RequestVipOptions,,,29772
ideal.cxReceiver,public,void,RequestVipTrade,,,31268
ideal.cxRobotLisansController,public,void,.ctor,,,65116
ideal.cxRobotLisansController,public,bool,LisansDurum,bool,isMesaj,65156
ideal.cxRobotLisansController,public,void,RobotLisansKontrol,string; int; int,Symbol; AktifPasif; GercekSanal,65124
ideal.cxRobotLisansController,public,bool,RobotLisansKontrol,string,Symbol,65188
ideal.cxRobotLisansController,public,void,ShowGKKULMessage,,,65172
ideal.cxSiraOrderRec,public,void,.ctor,,,52536
ideal.cxSistem,public,void,.ctor,,,322612
ideal.cxSistem,public,System.Collections.Generic.List`1<float>,ADR,object,periodX,364432
ideal.cxSistem,public,System.Collections.Generic.List`1<float>,ADR,System.Collections.Generic.List`1<class ideal.cxBar>; object,barsX; periodX,364464
ideal.cxSistem,public,System.Collections.Generic.List`1<float>,ADX,object,periodX,364272
ideal.cxSistem,public,System.Collections.Generic.List`1<float>,ADX,System.Collections.Generic.List`1<class ideal.cxBar>; object,barsX; periodX,364304
ideal.cxSistem,public,System.Collections.Generic.List`1<float>,ADX,System.Collections.Generic.List`1<float>; object,datalistX; periodX,364336
ideal.cxSistem,public,System.Collections.Generic.List`1<float>,ADXE,object,periodX,364368
ideal.cxSistem,public,System.Collections.Generic.List`1<float>,ADXE,System.Collections.Generic.List`1<class ideal.cxBar>; object,barsX; periodX,364400
ideal.cxSistem,public,class ideal.PGCKurumMaliyet,AKDHesapla,string; int,symbolX; kurumSayisiX,372696
ideal.cxSistem,public,System.Collections.Generic.List`1<float>,AccumulationDistribution,,,364208
ideal.cxSistem,public,System.Collections.Generic.List`1<float>,AccumulationDistribution,System.Collections.Generic.List`1<class ideal.cxBar>,barsX,364240
ideal.cxSistem,public,System.Collections.Generic.List`1<float>,AccumulationSwingIndex,object,periodX,364144
ideal.cxSistem,public,System.Collections.Generic.List`1<float>,AccumulationSwingIndex,System.Collections.Generic.List`1<class ideal.cxBar>; object,barsX; periodX,364176
ideal.cxSistem,public,float,AlisFiyat,string,symbolX,371320
ideal.cxSistem,public,float,AlisLot,string,symbolX,371336
ideal.cxSistem,public,System.Collections.Generic.List`1<float>,Alligator1,,,360816
ideal.cxSistem,public,System.Collections.Generic.List`1<float>,Alligator1,System.Collections.Generic.List`1<class ideal.cxBar>,barsX,360848
ideal.cxSistem,public,System.Collections.Generic.List`1<float>,Alligator2,,,360880
ideal.cxSistem,public,System.Collections.Generic.List`1<float>,Alligator2,System.Collections.Generic.List`1<class ideal.cxBar>,barsX,360912
ideal.cxSistem,public,System.Collections.Generic.List`1<float>,Alligator3,,,360944
ideal.cxSistem,public,System.Collections.Generic.List`1<float>,Alligator3,System.Collections.Generic.List`1<class ideal.cxBar>,barsX,360976
ideal.cxSistem,public,System.Collections.Generic.List`1<float>,AroonDown,object,periodX,364560
ideal.cxSistem,public,System.Collections.Generic.List`1<float>,AroonDown,System.Collections.Generic.List`1<class ideal.cxBar>; object,barsX; periodX,364592
ideal.cxSistem,public,System.Collections.Generic.List`1<float>,AroonOsc,object,periodX,364624
ideal.cxSistem,public,System.Collections.Generic.List`1<float>,AroonOsc,System.Collections.Generic.List`1<class ideal.cxBar>; object,barsX; periodX,364656
ideal.cxSistem,public,System.Collections.Generic.List`1<float>,AroonUp,object,periodX,364496
ideal.cxSistem,public,System.Collections.Generic.List`1<float>,AroonUp,System.Collections.Generic.List`1<class ideal.cxBar>; object,barsX; periodX,364528
ideal.cxSistem,public,bool,AsagiKestiyse,System.Collections.Generic.List`1<float>; System.Collections.Generic.List`1<float>,list1X; list2X,353412
ideal.cxSistem,public,bool,AsagiKestiyse,System.Collections.Generic.List`1<float>; object,list1X; sabitX,353444
ideal.cxSistem,public,System.Collections.Generic.List`1<float>,AverageTrueRange,object,periodX,364688
ideal.cxSistem,public,System.Collections.Generic.List`1<float>,AverageTrueRange,System.Collections.Generic.List`1<class ideal.cxBar>; object,barsX; periodX,364720
ideal.cxSistem,public,System.Collections.Generic.List`1<float>,AverageTrueRange,System.Collections.Generic.List`1<float>; object,datalistX; periodX,364752
ideal.cxSistem,public,System.Collections.Generic.List`1<float>,AwesomeOsc,object; object,period1X; period2X,364784
ideal.cxSistem,public,System.Collections.Generic.List`1<float>,AwesomeOsc,System.Collections.Generic.List`1<class ideal.cxBar>; object; object,barsX; period1X; period2X,364816
ideal.cxSistem,public,void,BarCiz,int; int; System.Collections.Generic.List`1<float>; System.Collections.Generic.List`1<float>; System.Collections.Generic.List`1<float>; System.Collections.Generic.List`1<float>; valuetype System.Drawing.Color; valuetype System.Drawing.Color,panel; bartip; openlist; highlist; lowlist; closelist; yukselenrenk; dusenrenk,359532
ideal.cxSistem,public,void,BarRengi,int; valuetype System.Drawing.Color; int; int,barnoX; color; kalinlik; stil,353492
ideal.cxSistem,public,System.Collections.Generic.List`1<float>,BilancoFK,string; System.Collections.Generic.List`1<class ideal.cxBar>,sembolx; barsX,364848
ideal.cxSistem,public,System.Collections.Generic.List`1<float>,BilancoFK,,,364880
ideal.cxSistem,public,System.Collections.Generic.List`1<float>,BilancoNetKar,string; System.Collections.Generic.List`1<class ideal.cxBar>,sembolx; barsX,364912
ideal.cxSistem,public,System.Collections.Generic.List`1<float>,BilancoNetKar,,,364944
ideal.cxSistem,public,System.Collections.Generic.List`1<float>,BilancoOdenmisSerm,string; System.Collections.Generic.List`1<class ideal.cxBar>,sembolx; barsX,364976
ideal.cxSistem,public,System.Collections.Generic.List`1<float>,BilancoOdenmisSerm,,,365008
ideal.cxSistem,public,System.Collections.Generic.List`1<float>,BilancoOzSerm,string; System.Collections.Generic.List`1<class ideal.cxBar>,sembolx; barsX,365040
ideal.cxSistem,public,System.Collections.Generic.List`1<float>,BilancoOzSerm,,,365072
ideal.cxSistem,public,System.Collections.Generic.List`1<float>,BilancoPD,string; System.Collections.Generic.List`1<class ideal.cxBar>,sembolx; barsX,365104
ideal.cxSistem,public,System.Collections.Generic.List`1<float>,BilancoPD,,,365136
ideal.cxSistem,public,System.Collections.Generic.List`1<float>,BilancoPDDD,string; System.Collections.Generic.List`1<class ideal.cxBar>,sembolx; barsX,365168
ideal.cxSistem,public,System.Collections.Generic.List`1<float>,BilancoPDDD,,,365200
ideal.cxSistem,public,class BistRobotHesapClass,BistHesapOku,,,322580
ideal.cxSistem,public,System.Collections.Generic.List`1<float>,BollingerDown,object; object; object,methodX; periodX; deviationX,361200
ideal.cxSistem,public,System.Collections.Generic.List`1<float>,BollingerDown,System.Collections.Generic.List`1<class ideal.cxBar>; object; object; object,barsX; methodX; periodX; deviationX,361232
ideal.cxSistem,public,System.Collections.Generic.List`1<float>,BollingerDown,System.Collections.Generic.List`1<float>; object; object; object,datalist; methodX; periodX; deviationX,361264
ideal.cxSistem,public,System.Collections.Generic.List`1<float>,BollingerMid,object; object; object,methodX; periodX; deviationX,361008
ideal.cxSistem,public,System.Collections.Generic.List`1<float>,BollingerMid,System.Collections.Generic.List`1<class ideal.cxBar>; object; object; object,barsX; methodX; periodX; deviationX,361040
ideal.cxSistem,public,System.Collections.Generic.List`1<float>,BollingerMid,System.Collections.Generic.List`1<float>; object; object; object,datalist; methodX; periodX; deviationX,361072
ideal.cxSistem,public,System.Collections.Generic.List`1<float>,BollingerUp,object; object; object,methodX; periodX; deviationX,361104
ideal.cxSistem,public,System.Collections.Generic.List`1<float>,BollingerUp,System.Collections.Generic.List`1<class ideal.cxBar>; object; object; object,barsX; methodX; periodX; deviationX,361136
ideal.cxSistem,public,System.Collections.Generic.List`1<float>,BollingerUp,System.Collections.Generic.List`1<float>; object; object; object,datalist; methodX; periodX; deviationX,361168
ideal.cxSistem,public,System.Collections.Generic.List`1<float>,BollingerWidth,object; object,period1X; period2X,365232
ideal.cxSistem,public,System.Collections.Generic.List`1<float>,BollingerWidth,System.Collections.Generic.List`1<class ideal.cxBar>; object; object,barsX; period1X; period2X,365264
ideal.cxSistem,public,float,CalculateMaxDD,System.Collections.Generic.List`1<float>,kzlist,374100
ideal.cxSistem,public,void,CalculateMaxDdDate,System.Collections.Generic.List`1<float>,kzlist,374132
ideal.cxSistem,public,System.Collections.Generic.List`1<float>,ChaikinMoneyFlow,object,periodX,365456
ideal.cxSistem,public,System.Collections.Generic.List`1<float>,ChaikinMoneyFlow,System.Collections.Generic.List`1<class ideal.cxBar>; object,barsX; periodX,365488
ideal.cxSistem,public,System.Collections.Generic.List`1<float>,ChaikinOsc,,,365520
ideal.cxSistem,public,System.Collections.Generic.List`1<float>,ChaikinOsc,System.Collections.Generic.List`1<class ideal.cxBar>,barsX,365552
ideal.cxSistem,public,System.Collections.Generic.List`1<float>,ChaikinVolatility,object; object,period1X; period2X,365584
ideal.cxSistem,public,System.Collections.Generic.List`1<float>,ChaikinVolatility,System.Collections.Generic.List`1<class ideal.cxBar>; object; object,barsX; period1X; period2X,365616
ideal.cxSistem,public,System.Collections.Generic.List`1<float>,ChandeMomentum,object,periodX,365296
ideal.cxSistem,public,System.Collections.Generic.List`1<float>,ChandeMomentum,System.Collections.Generic.List`1<class ideal.cxBar>; object,barsX; periodX,365328
ideal.cxSistem,public,System.Collections.Generic.List`1<float>,ChandeMomentum,System.Collections.Generic.List`1<float>; object,datalistX; periodX,365360
ideal.cxSistem,public,void,CizgiCiz,int; int; object; int; object; valuetype System.Drawing.Color; int; int,panel; bar1; fiyat1; bar2; fiyat2; forecolor; width; style,359436
ideal.cxSistem,public,System.Collections.Generic.List`1<float>,CommodityChannelIndex,object,periodX,365392
ideal.cxSistem,public,System.Collections.Generic.List`1<float>,CommodityChannelIndex,System.Collections.Generic.List`1<class ideal.cxBar>; object,barsX; periodX,365424
ideal.cxSistem,public,void,CompileLib,,,372728
ideal.cxSistem,public,void,CompileSistem,string,sistemnameX,372796
ideal.cxSistem,public,valuetype ideal.enAvrMethods,ConvertAverageMethod,string,strX,353524
ideal.cxSistem,public,System.Collections.Generic.List`1<float>,DEMA,object,periodX,361296
ideal.cxSistem,public,System.Collections.Generic.List`1<float>,DEMA,System.Collections.Generic.List`1<class ideal.cxBar>; object,barsX; periodX,361328
ideal.cxSistem,public,System.Collections.Generic.List`1<float>,DEMA,System.Collections.Generic.List`1<float>; object,datalistX; periodX,361360
ideal.cxSistem,public,System.Collections.Generic.List`1<float>,DUBIX,object,periodX,369288
ideal.cxSistem,public,System.Collections.Generic.List`1<float>,DeMarker,object,periodX,365712
ideal.cxSistem,public,System.Collections.Generic.List`1<float>,DeMarker,System.Collections.Generic.List`1<class ideal.cxBar>; object,bars; periodX,365756
ideal.cxSistem,public,void,Debug,string,strX,353736
ideal.cxSistem,public,System.Collections.Generic.List`1<float>,DemandIndex,,,365648
ideal.cxSistem,public,System.Collections.Generic.List`1<float>,DemandIndex,System.Collections.Generic.List`1<class ideal.cxBar>,barsX,365680
ideal.cxSistem,public,void,DerinlikPenceresiAc,string,sembolX,353744
ideal.cxSistem,public,class ideal.cxDepth,DerinlikVerisiOku,string,symbolX,353640
ideal.cxSistem,public,void,Deserialize,,,372912
ideal.cxSistem,public,System.Collections.Generic.List`1<float>,DetrendedPriceOscillator,object,periodX,370328
ideal.cxSistem,public,System.Collections.Generic.List`1<float>,DetrendedPriceOscillator,System.Collections.Generic.List`1<class ideal.cxBar>; object,barsX; periodX,370360
ideal.cxSistem,public,System.Collections.Generic.List`1<float>,DetrendedPriceOscillator,System.Collections.Generic.List`1<float>; object,datalistX; periodX,370392
ideal.cxSistem,public,System.Collections.Generic.List`1<class ideal.cxDevreKesici>,DevreKesiciListesiniOku,,,353788
ideal.cxSistem,public,void,DikeyCizgiEkle,int; valuetype System.Drawing.Color; int; int,barnoX; color; kalinlik; stil,353820
ideal.cxSistem,public,System.Collections.Generic.List`1<float>,Dip,object,periodX,370896
ideal.cxSistem,public,System.Collections.Generic.List`1<float>,DirectionalIndicatorMinus,object,periodX,365864
ideal.cxSistem,public,System.Collections.Generic.List`1<float>,DirectionalIndicatorMinus,System.Collections.Generic.List`1<class ideal.cxBar>; object,barsX; periodX,365896
ideal.cxSistem,public,System.Collections.Generic.List`1<float>,DirectionalIndicatorPlus,object,periodX,365800
ideal.cxSistem,public,System.Collections.Generic.List`1<float>,DirectionalIndicatorPlus,System.Collections.Generic.List`1<class ideal.cxBar>; object,barsX; periodX,365832
ideal.cxSistem,public,System.Collections.Generic.List`1<float>,DirectionalMovement,object,periodX,365928
ideal.cxSistem,public,System.Collections.Generic.List`1<float>,DirectionalMovement,System.Collections.Generic.List`1<class ideal.cxBar>; object,barsX; periodX,365960
ideal.cxSistem,public,void,DolguEkle,int; int; valuetype System.Drawing.Color; valuetype System.Drawing.Color,line1X; line2X; upcolorX; downcolorX,353672
ideal.cxSistem,public,System.Collections.Generic.List`1<float>,DonemCevir,System.Collections.Generic.List`1<class ideal.cxBar>; System.Collections.Generic.List`1<class ideal.cxBar>; System.Collections.Generic.List`1<float>,lowbarsX; highbarsX; dataX,353704
ideal.cxSistem,public,void,Dortgen,int; int; int; int; int; valuetype System.Drawing.Color; valuetype System.Drawing.Color; valuetype System.Drawing.Color,panelX; horizontalX; verticalX; widthX; heightX; color1X; color2X; color3X,357928
ideal.cxSistem,public,void,DortgenCiz,int; int; object; int; object; int; object; int; object; valuetype System.Drawing.Color; int; int; valuetype System.Drawing.Color; int; valuetype System.Drawing.Color,panel; bar1; fiyat1; bar2; fiyat2; bar3; fiyat3; bar4; fiyat4; framecolor; width; fillbool; fillcolor; noktabool; noktacolor,359468
ideal.cxSistem,public,float,DusukAltiAy,string,symbolX,371688
ideal.cxSistem,public,float,DusukBirAy,string,symbolX,371656
ideal.cxSistem,public,float,DusukBirHafta,string,symbolX,371624
ideal.cxSistem,public,float,DusukBirYil,string,symbolX,371720
ideal.cxSistem,public,float,DusukBuAy,string,symbolX,371640
ideal.cxSistem,public,float,DusukBuHafta,string,symbolX,371608
ideal.cxSistem,public,float,DusukBuYil,string,symbolX,371704
ideal.cxSistem,public,float,DusukGun,string,symbolX,371592
ideal.cxSistem,public,float,DusukSeans,string,symbolX,371576
ideal.cxSistem,public,float,DusukUcAy,string,symbolX,371672
ideal.cxSistem,public,System.Collections.Generic.List`1<float>,EaseOfMovement,object,periodX,365992
ideal.cxSistem,public,System.Collections.Generic.List`1<float>,EaseOfMovement,System.Collections.Generic.List`1<class ideal.cxBar>; object,barsX; periodX,366024
ideal.cxSistem,public,System.Collections.Generic.List`1<float>,EhlersEhlersDistCoefFilter,,,361456
ideal.cxSistem,public,System.Collections.Generic.List`1<float>,EhlersEhlersDistCoefFilter,System.Collections.Generic.List`1<class ideal.cxBar>,barsX,361488
ideal.cxSistem,public,System.Collections.Generic.List`1<float>,EhlersFilter,,,361392
ideal.cxSistem,public,System.Collections.Generic.List`1<float>,EhlersFilter,System.Collections.Generic.List`1<class ideal.cxBar>,barsX,361424
ideal.cxSistem,public,System.Collections.Generic.List`1<float>,ElliotWaveOscillator,object; object,period1X; period2X,370764
ideal.cxSistem,public,System.Collections.Generic.List`1<float>,ElliotWaveOscillator,System.Collections.Generic.List`1<class ideal.cxBar>; object; object,barsX; period1X; period2X,370796
ideal.cxSistem,public,void,EmirDuzelt,string; double; double; double; double,emirRefNo; yeniFiyat; yeniMiktar; eskiFiyat; eskiMiktar,321976
ideal.cxSistem,public,void,EmirGonder,,,321932
ideal.cxSistem,public,void,EmirSil,string,emirRefNo,322020
ideal.cxSistem,public,System.Collections.Generic.List`1<float>,EnCokTekrar,System.Collections.Generic.List`1<float>; int,dataListX; periodX,353544
ideal.cxSistem,public,float,EnCokTekrarDeger,System.Collections.Generic.List`1<float>,list,353576
ideal.cxSistem,public,System.Collections.Generic.List`1<string>,EndeksSembolleri,string,endeksKodu,359628
ideal.cxSistem,public,System.Collections.Generic.List`1<float>,EnvelopeDown,object; object; object,methodX; periodX; deviationX,361712
ideal.cxSistem,public,System.Collections.Generic.List`1<float>,EnvelopeDown,System.Collections.Generic.List`1<class ideal.cxBar>; object; object; object,barsX; methodX; periodX; deviationX,361744
ideal.cxSistem,public,System.Collections.Generic.List`1<float>,EnvelopeMid,object; object; object,methodX; periodX; deviationX,361584
ideal.cxSistem,public,System.Collections.Generic.List`1<float>,EnvelopeMid,System.Collections.Generic.List`1<class ideal.cxBar>; object; object; object,barsX; methodX; periodX; deviationX,361616
ideal.cxSistem,public,System.Collections.Generic.List`1<float>,EnvelopeUp,object; object; object,methodX; periodX; deviationX,361648
ideal.cxSistem,public,System.Collections.Generic.List`1<float>,EnvelopeUp,System.Collections.Generic.List`1<class ideal.cxBar>; object; object; object,barsX; methodX; periodX; deviationX,361680
ideal.cxSistem,public,object,ExcelHucreOku,int; int,satirno; sutunno,374036
ideal.cxSistem,public,void,ExcelKopyala,"object[,]; string",cellarray; filenameX,358132
ideal.cxSistem,public,object,ExcelOku,string,filename,358088
ideal.cxSistem,public,object,ExcelTumOku,,,374068
ideal.cxSistem,public,System.Collections.Generic.List`1<float>,FRAMA,,,370600
ideal.cxSistem,public,System.Collections.Generic.List`1<float>,FRAMA,System.Collections.Generic.List`1<class ideal.cxBar>,barsX,370644
ideal.cxSistem,public,float,FarkAltiAy,string,symbolX,372008
ideal.cxSistem,public,float,FarkBirAy,string,symbolX,371976
ideal.cxSistem,public,float,FarkBirHafta,string,symbolX,371944
ideal.cxSistem,public,float,FarkBirYil,string,symbolX,372040
ideal.cxSistem,public,float,FarkBuAy,string,symbolX,371960
ideal.cxSistem,public,float,FarkBuHafta,string,symbolX,371928
ideal.cxSistem,public,float,FarkBuYil,string,symbolX,372024
ideal.cxSistem,public,float,FarkGun,string,symbolX,371912
ideal.cxSistem,public,float,FarkSeans,string,symbolX,371896
ideal.cxSistem,public,float,FarkUcAy,string,symbolX,371992
ideal.cxSistem,public,System.Collections.Generic.List`1<float>,FibonacciDown,object,ratioX,361904
ideal.cxSistem,public,System.Collections.Generic.List`1<float>,FibonacciDown,System.Collections.Generic.List`1<class ideal.cxBar>; object,barsX; ratioX,361936
ideal.cxSistem,public,System.Collections.Generic.List`1<float>,FibonacciMid,object,ratioX,361776
ideal.cxSistem,public,System.Collections.Generic.List`1<float>,FibonacciMid,System.Collections.Generic.List`1<class ideal.cxBar>; object,barsX; ratioX,361808
ideal.cxSistem,public,System.Collections.Generic.List`1<float>,FibonacciUp,object,ratioX,361840
ideal.cxSistem,public,System.Collections.Generic.List`1<float>,FibonacciUp,System.Collections.Generic.List`1<class ideal.cxBar>; object,barsX; ratioX,361872
ideal.cxSistem,public,valuetype System.Decimal,FindMaxDD,class ideal.cxSistem; int&,sistemitemX; barno,372928
ideal.cxSistem,public,float,FindMaxDDDate,System.Collections.Generic.List`1<float>; int; int; int&,bakiyelist; startno; endno; barno,372976
ideal.cxSistem,public,System.Collections.Generic.List`1<float>,ForecastOsc,object,periodX,366056
ideal.cxSistem,public,System.Collections.Generic.List`1<float>,ForecastOsc,System.Collections.Generic.List`1<class ideal.cxBar>; object,barsX; periodX,366088
ideal.cxSistem,public,System.Collections.Generic.List`1<float>,FxSniper,object; object,param1X; param2X,363728
ideal.cxSistem,public,System.Collections.Generic.List`1<float>,FxSniper,System.Collections.Generic.List`1<class ideal.cxBar>; object; object,barsX; param1X; param2X,363760
ideal.cxSistem,public,System.Collections.Generic.List`1<float>,FxSniper,System.Collections.Generic.List`1<float>; object; object,datalistX; param1X; param2X,363792
ideal.cxSistem,public,void,GetExcelWorkbook,,,374004
ideal.cxSistem,public,int,GetHisseAnalizOptMaxTry,,,322760
ideal.cxSistem,public,System.Collections.Generic.List`1<float>,GetKzList,object; object,datestartX; kaymaX,353852
ideal.cxSistem,public,int,GetLastYonNo,,,353992
ideal.cxSistem,public,System.Collections.Generic.List`1<string>,GetPortfoyLogList,,,359872
ideal.cxSistem,public,class ideal.cxSistem,GetSistem,string; string; string,sistemnameX; symbolX; periodX,373008
ideal.cxSistem,public,class ideal.cxSistem,GetSistem,string,sistemnameX,373284
ideal.cxSistem,public,class ideal.cxSistem,GetSistemChart,string; string; string; System.Collections.Generic.List`1<class ideal.cxBar>,sistemnameX; symbolX; periodX; barslistX,373192
ideal.cxSistem,public,class ideal.cxSistem,GetSistemSorgu,string; string; string; int; valuetype System.DateTime; int; int,sistemnameX; symbolX; periodX; sonbartip; sonbartarih; barsayisitip; barsayisicount,373100
ideal.cxSistem,public,void,GetiriHesapla,object; object,datestartX; kaymaX,353896
ideal.cxSistem,public,System.Collections.Generic.List`1<float>,GetiriHizala,System.Collections.Generic.List`1<class ideal.cxBar>; System.Collections.Generic.List`1<class ideal.cxBar>; System.Collections.Generic.List`1<float>,basebars; sistembars; getirilist,354356
ideal.cxSistem,public,void,GetiriMaxDDHesapla,object; object,datestartX; dateendX,353948
ideal.cxSistem,public,void,GetiriMaxDDYazdir,object; object; int; int; valuetype System.Drawing.Color; string; int,datestartX; dateendX; horizontalX; verticalX; colorX; fontnameX; fontsizeX,353940
ideal.cxSistem,public,void,GoruntuKaydet,string,filenameX,353608
ideal.cxSistem,public,void,GradientYaziEkle,string; int; int; int; valuetype System.Drawing.Color; valuetype System.Drawing.Color; string; int,strX; panelX; horizontalX; verticalX; colorX; color2X; fontnameX; fontsizeX,354024
ideal.cxSistem,public,System.Collections.Generic.List`1<float>,GrafikFiyatOku,System.Collections.Generic.List`1<class ideal.cxBar>; string,barsX; fieldX,354132
ideal.cxSistem,public,System.Collections.Generic.List`1<float>,GrafikFiyatOku,string; string; string,symbolX; periodX; fieldX,354176
ideal.cxSistem,public,System.Collections.Generic.List`1<float>,GrafikFiyatSec,string,fieldX,354088
ideal.cxSistem,public,void,GrafikGuncelle,class ideal.cxBasic,itemX,354220
ideal.cxSistem,public,System.Collections.Generic.List`1<float>,GrafikKapanisHizala,System.Collections.Generic.List`1<class ideal.cxBar>; System.Collections.Generic.List`1<class ideal.cxBar>,list1X; list2X,354420
ideal.cxSistem,public,void,GrafikPenceresiAc,string,sembolX,354056
ideal.cxSistem,public,System.Collections.Generic.List`1<class ideal.cxBar>,GrafikVerilerindeTarihHizala,System.Collections.Generic.List`1<class ideal.cxBar>; System.Collections.Generic.List`1<class ideal.cxBar>,list1X; list2X,354264
ideal.cxSistem,public,System.Collections.Generic.List`1<float>,GrafikVerileriniBol,System.Collections.Generic.List`1<class ideal.cxBar>; System.Collections.Generic.List`1<class ideal.cxBar>,list1X; list2X,354388
ideal.cxSistem,public,System.Collections.Generic.List`1<class ideal.cxBar>,GrafikVerileriniOku,string; string,symbolX; periyotX,354452
ideal.cxSistem,public,System.Collections.Generic.List`1<class ideal.cxBar>,GrafikVerileriniOku,string; string; string,symbolX; periyotX; periyot2,354468
ideal.cxSistem,public,void,GrafikVerisiIndir,object; object,symbolX; periodX,354484
ideal.cxSistem,public,class ideal.formGrid,Grid,string; int; int; int; int,namex; leftx; topx; widthx; heightx,354516
ideal.cxSistem,public,void,GridBotBaslat,object,adX,359692
ideal.cxSistem,public,void,GridBotBaslat,object; object; object; object,adX; midpriceX; aralikX; countX,359736
ideal.cxSistem,public,void,GridBotDurdur,object,adX,359804
ideal.cxSistem,public,System.Collections.Generic.List`1<float>,HHLL,object,periodX,360460
ideal.cxSistem,public,System.Collections.Generic.List`1<float>,HHLL,object; System.Collections.Generic.List`1<float>,periodX; listX,360492
ideal.cxSistem,public,System.Collections.Generic.List`1<float>,HHV,object; System.Collections.Generic.List`1<float>,periodX; listX,360192
ideal.cxSistem,public,System.Collections.Generic.List`1<float>,HHV,object; object,periodX; pricetypeX,360224
ideal.cxSistem,public,System.Collections.Generic.List`1<float>,HHV,object,periodX,360256
ideal.cxSistem,public,System.Collections.Generic.List`1<float>,HHV,System.Collections.Generic.List`1<class ideal.cxBar>; object; object,barsX; periodX; pricetypeX,360288
ideal.cxSistem,public,System.Collections.Generic.List`1<float>,HY,object,periodX,360728
ideal.cxSistem,public,System.Collections.Generic.List`1<class ideal.cxNews>,HaberleriGetir,,,354548
ideal.cxSistem,public,double,HacimAltiAy,string,symbolX,372488
ideal.cxSistem,public,double,HacimBirAy,string,symbolX,372456
ideal.cxSistem,public,double,HacimBirHafta,string,symbolX,372424
ideal.cxSistem,public,double,HacimBirYil,string,symbolX,372520
ideal.cxSistem,public,double,HacimBuAy,string,symbolX,372440
ideal.cxSistem,public,double,HacimBuHafta,string,symbolX,372408
ideal.cxSistem,public,double,HacimBuYil,string,symbolX,372504
ideal.cxSistem,public,double,HacimGun,string,symbolX,372392
ideal.cxSistem,public,double,HacimSeans,string,symbolX,372376
ideal.cxSistem,public,double,HacimUcAy,string,symbolX,372472
ideal.cxSistem,public,string,HesapKurum,,,357960
ideal.cxSistem,public,void,HisseAnalizCalc,,,322628
ideal.cxSistem,public,string,HisseAnalizGetIndicatorKod,string; int; double,indicatorNameX; paramX; valueX,322792
ideal.cxSistem,public,void,HisseAnalizOptimizasyon,,,322716
ideal.cxSistem,public,void,HisseAnaliz_Final,,,322672
ideal.cxSistem,public,System.Collections.Generic.List`1<class ideal.cxTrade>,HisseIslemleriniOku,,,358024
ideal.cxSistem,public,System.Collections.Generic.List`1<float>,HullMA,object,periodX,371112
ideal.cxSistem,public,System.Collections.Generic.List`1<float>,HullMA,System.Collections.Generic.List`1<class ideal.cxBar>; object,barsX; periodX,371144
ideal.cxSistem,public,System.Collections.Generic.List`1<float>,HullMA,System.Collections.Generic.List`1<float>; object,datalistX; periodX,371176
ideal.cxSistem,public,System.Collections.Generic.List`1<float>,IFISHCCI,object; object,period1X; period2X,358968
ideal.cxSistem,public,System.Collections.Generic.List`1<float>,IFISHRSI,object; object,period1X; period2X,358924
ideal.cxSistem,public,System.Collections.Generic.List`1<float>,IMI,object,periodX,366120
ideal.cxSistem,public,System.Collections.Generic.List`1<float>,IMI,System.Collections.Generic.List`1<class ideal.cxBar>; object,barsX; periodX,366152
ideal.cxSistem,public,class ideal.Ichimoku,Ichimoku,,,370732
ideal.cxSistem,public,void,InsertRobotOrderToList,class ideal.RobotOrderClass,orderX,373328
ideal.cxSistem,public,float,IzleyenStopPuan,object; int,puanstopX; barnoX,354640
ideal.cxSistem,public,float,IzleyenStopYuzde,object; int,yuzdestopX; barnoX,354596
ideal.cxSistem,public,System.Collections.Generic.List`1<float>,KAMA,object; object; object,lenX; fastendX; slowendX,370424
ideal.cxSistem,public,System.Collections.Generic.List`1<float>,KAMA,System.Collections.Generic.List`1<class ideal.cxBar>; object; object; object,barsX; lenX; fastendX; slowendX,370468
ideal.cxSistem,public,class ideal.KademeDetayClass,KademeAnalizGun,string,SembolX,359152
ideal.cxSistem,public,class ideal.KademeDetayClass,KademeAnalizHesapla,string; string; string,SembolX; Saat1; Saat2,359108
ideal.cxSistem,public,class ideal.KademeDetayClass,KademeAnalizOku,string,Sembol,359012
ideal.cxSistem,public,class ideal.KademeDetayClass,KademeAnalizOku,string; string; string,Sembol; Saat1; Saat2,359044
ideal.cxSistem,public,class ideal.KademeDetayClass,KademeAnalizOku,string; int,Sembol; Dakika,359076
ideal.cxSistem,public,System.Collections.Generic.List`1<float>,Kairi,object,periodX,366184
ideal.cxSistem,public,System.Collections.Generic.List`1<float>,Kairi,System.Collections.Generic.List`1<class ideal.cxBar>; object,barsX; periodX,366216
ideal.cxSistem,public,System.Collections.Generic.List`1<float>,Kairi,System.Collections.Generic.List`1<float>; object,datalistX; periodX,366248
ideal.cxSistem,public,float,KarAlPuan,object; int,puankarX; barnoX,354748
ideal.cxSistem,public,float,KarAlYuzde,object; int,yuzdekarX; barnoX,354716
ideal.cxSistem,public,void,KarRasyoFilter,float,filterX,359196
ideal.cxSistem,public,System.Collections.Generic.List`1<float>,KarZararIslem,int; object,islemX; kaymaX,359328
ideal.cxSistem,public,System.Collections.Generic.List`1<float>,KeltnerDown,object,periodX,362032
ideal.cxSistem,public,System.Collections.Generic.List`1<float>,KeltnerDown,System.Collections.Generic.List`1<class ideal.cxBar>; object,barsX; periodX,362064
ideal.cxSistem,public,System.Collections.Generic.List`1<float>,KeltnerUp,object,periodX,361968
ideal.cxSistem,public,System.Collections.Generic.List`1<float>,KeltnerUp,System.Collections.Generic.List`1<class ideal.cxBar>; object,barsX; periodX,362000
ideal.cxSistem,public,void,KepPenceresiAc,string,sembolX,354684
ideal.cxSistem,public,void,KesismeTara,System.Collections.Generic.List`1<float>; System.Collections.Generic.List`1<float>,list1X; list2X,354780
ideal.cxSistem,public,void,KesismeTara,System.Collections.Generic.List`1<float>; object,listX; sabitX,354812
ideal.cxSistem,public,System.Collections.Generic.List`1<float>,KlingerOsc,object,periodX,366280
ideal.cxSistem,public,System.Collections.Generic.List`1<float>,KlingerOsc,System.Collections.Generic.List`1<class ideal.cxBar>; object,barsX; periodX,366312
ideal.cxSistem,public,class ideal.KurumHacimClass,KurumHacimOku,string,kurumX,370828
ideal.cxSistem,public,System.Collections.Generic.List`1<float>,LLV,object; System.Collections.Generic.List`1<float>,periodX; listX,360320
ideal.cxSistem,public,System.Collections.Generic.List`1<float>,LLV,object; object,periodX; pricetypeX,360352
ideal.cxSistem,public,System.Collections.Generic.List`1<float>,LLV,object,periodX,360384
ideal.cxSistem,public,System.Collections.Generic.List`1<float>,LLV,System.Collections.Generic.List`1<class ideal.cxBar>; object; object,barsX; periodX; pricetypeX,360416
ideal.cxSistem,public,System.Collections.Generic.List`1<float>,LY,object,periodX,360772
ideal.cxSistem,public,System.Collections.Generic.List`1<float>,LinearReg,object,periodX,362096
ideal.cxSistem,public,System.Collections.Generic.List`1<float>,LinearReg,System.Collections.Generic.List`1<class ideal.cxBar>; object,barsX; periodX,362128
ideal.cxSistem,public,System.Collections.Generic.List`1<float>,LinearReg,System.Collections.Generic.List`1<float>; object,datalistX; periodX,362160
ideal.cxSistem,public,System.Collections.Generic.List`1<float>,LinearReg3,System.Collections.Generic.List`1<float>; object,datalistX; periodX,362192
ideal.cxSistem,public,System.Collections.Generic.List`1<float>,LinearRegIndicator,object,periodX,366344
ideal.cxSistem,public,System.Collections.Generic.List`1<float>,LinearRegIndicator,System.Collections.Generic.List`1<class ideal.cxBar>; object,barsX; periodX,366376
ideal.cxSistem,public,System.Collections.Generic.List`1<float>,LinearRegIntercept,object,periodX,366504
ideal.cxSistem,public,System.Collections.Generic.List`1<float>,LinearRegIntercept,System.Collections.Generic.List`1<float>; object,datalistX; periodX,366536
ideal.cxSistem,public,System.Collections.Generic.List`1<float>,LinearRegSlope,System.Collections.Generic.List`1<class ideal.cxBar>; object,barsX; periodX,366408
ideal.cxSistem,public,System.Collections.Generic.List`1<float>,LinearRegSlope,object,periodX,366440
ideal.cxSistem,public,System.Collections.Generic.List`1<float>,LinearRegSlope,System.Collections.Generic.List`1<float>; object,datalistX; periodX,366472
ideal.cxSistem,public,bool,LisansKontrol,string[],userlistX,354844
ideal.cxSistem,public,System.Collections.Generic.List`1<float>,Liste,object,sabitX,354876
ideal.cxSistem,public,System.Collections.Generic.List`1<float>,Liste,int; object,barsayisiX; sabitX,354908
ideal.cxSistem,public,System.Collections.Generic.List`1<float>,ListeFark,System.Collections.Generic.List`1<float>; System.Collections.Generic.List`1<float>,list1; list2,360588
ideal.cxSistem,public,System.Collections.Generic.List`1<float>,ListeOrta,System.Collections.Generic.List`1<float>[],datalistX,360556
ideal.cxSistem,public,System.Collections.Generic.List`1<float>,ListeTopla,System.Collections.Generic.List`1<float>[],datalistX,360524
ideal.cxSistem,public,System.Collections.Generic.List`1<float>,Lot,,,366568
ideal.cxSistem,public,System.Collections.Generic.List`1<float>,Lot,System.Collections.Generic.List`1<class ideal.cxBar>,barsX,366600
ideal.cxSistem,public,double,LotAltiAy,string,symbolX,372328
ideal.cxSistem,public,double,LotBirAy,string,symbolX,372296
ideal.cxSistem,public,double,LotBirHafta,string,symbolX,372264
ideal.cxSistem,public,double,LotBirYil,string,symbolX,372360
ideal.cxSistem,public,double,LotBuAy,string,symbolX,372280
ideal.cxSistem,public,double,LotBuHafta,string,symbolX,372248
ideal.cxSistem,public,double,LotBuYil,string,symbolX,372344
ideal.cxSistem,public,double,LotGun,string,symbolX,372232
ideal.cxSistem,public,double,LotSeans,string,symbolX,372216
ideal.cxSistem,public,double,LotUcAy,string,symbolX,372312
ideal.cxSistem,public,System.Collections.Generic.List`1<float>,MA,object; object; object,periodX; methodX; pricetypeX,359932
ideal.cxSistem,public,System.Collections.Generic.List`1<float>,MA,System.Collections.Generic.List`1<float>; object; object,datalistX; methodX; periodX,359976
ideal.cxSistem,public,System.Collections.Generic.List`1<float>,MA2,System.Collections.Generic.List`1<float>; object; object,datalistX; methodX; periodX,360084
ideal.cxSistem,public,System.Collections.Generic.List`1<float>,MA3,System.Collections.Generic.List`1<float>; object; object,datalistX; methodX; periodX,360116
ideal.cxSistem,public,System.Collections.Generic.List`1<float>,MACD,object; object,period1X; period2X,366632
ideal.cxSistem,public,System.Collections.Generic.List`1<float>,MACD,System.Collections.Generic.List`1<class ideal.cxBar>; object; object,barsX; period1X; period2X,366664
ideal.cxSistem,public,System.Collections.Generic.List`1<float>,MACD,System.Collections.Generic.List`1<float>; object; object,datalistX; period1X; period2X,366696
ideal.cxSistem,public,System.Collections.Generic.List`1<float>,MAFARK,System.Collections.Generic.List`1<float>; object; object,datalistX; methodX; periodX,360052
ideal.cxSistem,public,System.Collections.Generic.List`1<float>,MAM,System.Collections.Generic.List`1<float>; object; int[],datalistX; methodX; periyotlarX,360020
ideal.cxSistem,public,float,MOV,System.Collections.Generic.List`1<float>; string,datalistX; method,360148
ideal.cxSistem,public,void,MailAliciEkle,string,adres,354940
ideal.cxSistem,public,void,MailBccEkle,string,adres,355004
ideal.cxSistem,public,void,MailCcEkle,string,adres,354972
ideal.cxSistem,public,void,MailDosyaEkle,string,dosya,355036
ideal.cxSistem,public,void,MailGonder,,,355068
ideal.cxSistem,public,System.Collections.Generic.List`1<float>,MassIndex,object,periodX,366728
ideal.cxSistem,public,System.Collections.Generic.List`1<float>,MassIndex,System.Collections.Generic.List`1<class ideal.cxBar>; object,barsX; periodX,366760
ideal.cxSistem,public,System.Collections.Generic.List`1<float>,Median,System.Collections.Generic.List`1<float>; int,dataListX; periodX,355084
ideal.cxSistem,public,float,MedianDeger,System.Collections.Generic.List`1<float>,list,355116
ideal.cxSistem,public,void,Mesaj,string,mesajX,355148
ideal.cxSistem,public,void,Mesaj,string; valuetype System.Drawing.Color,mesajX; renkX,355180
ideal.cxSistem,public,void,Mesaj,string; int; int; int; int,mesajX; leftX; topX; widthX; heightX,355212
ideal.cxSistem,public,void,Mesaj,string; valuetype System.Drawing.Color; int; int; int; int,mesajX; renkX; leftX; topX; widthX; heightX,355244
ideal.cxSistem,public,System.Collections.Generic.List`1<float>,Momentum,object,periodX,366792
ideal.cxSistem,public,System.Collections.Generic.List`1<float>,Momentum,System.Collections.Generic.List`1<class ideal.cxBar>; object,barsX; periodX,366824
ideal.cxSistem,public,System.Collections.Generic.List`1<float>,Momentum,System.Collections.Generic.List`1<float>; object,datalistX; periodX,366856
ideal.cxSistem,public,System.Collections.Generic.List`1<float>,MoneyFlowIndex,object,periodX,366888
ideal.cxSistem,public,System.Collections.Generic.List`1<float>,MoneyFlowIndex,System.Collections.Generic.List`1<class ideal.cxBar>; object,barsX; periodX,366920
ideal.cxSistem,public,void,MultiSembolBirlestirAyniYon,string; string[],sistem; semboller,355276
ideal.cxSistem,public,void,NagantsCalc,,,353200
ideal.cxSistem,public,void,NagantsCalc_Final,,,353232
ideal.cxSistem,public,void,NagantsCalc_Sistem,,,353276
ideal.cxSistem,public,void,NagantsOptimizasyon,,,353156
ideal.cxSistem,public,void,NagantsSimpleCalc_Sistem,,,353320
ideal.cxSistem,public,System.Collections.Generic.List`1<float>,NegativeVolumeIndex,,,366952
ideal.cxSistem,public,System.Collections.Generic.List`1<float>,NegativeVolumeIndex,System.Collections.Generic.List`1<class ideal.cxBar>,barsX,366984
ideal.cxSistem,public,object,NesneGetir,string,strX,355352
ideal.cxSistem,public,void,NesneKaydet,string; object,strX; nesneX,355320
ideal.cxSistem,public,valuetype System.Decimal,NetHacim,string[],symbolsX,355528
ideal.cxSistem,public,valuetype System.Decimal,NetHacimBist,,,355672
ideal.cxSistem,public,valuetype System.Decimal,NetHacimBistOran,,,355744
ideal.cxSistem,public,valuetype System.Decimal,NetHacimOran,string[],symbolsX,355600
ideal.cxSistem,public,valuetype System.Decimal,NetLot,string,strX,355384
ideal.cxSistem,public,valuetype System.Decimal,NetLotOran,string,strX,355456
ideal.cxSistem,public,class ideal.cxIndicator,NewIndicator,,,355816
ideal.cxSistem,public,class ideal.cxIndicator,NewIndicator,int,barcount,355832
ideal.cxSistem,public,System.Collections.Generic.List`1<float>,NonlinearEhlersFilter,object,nX,361520
ideal.cxSistem,public,System.Collections.Generic.List`1<float>,NonlinearEhlersFilter,System.Collections.Generic.List`1<class ideal.cxBar>; object,barsX; nX,361552
ideal.cxSistem,public,System.Collections.Generic.List`1<float>,OnBalanceVolume,,,367016
ideal.cxSistem,public,System.Collections.Generic.List`1<float>,OnBalanceVolume,System.Collections.Generic.List`1<class ideal.cxBar>,barsX,367048
ideal.cxSistem,public,float,OncekiKapanisAltiAy,string,symbolX,371848
ideal.cxSistem,public,float,OncekiKapanisBirAy,string,symbolX,371816
ideal.cxSistem,public,float,OncekiKapanisBirHafta,string,symbolX,371784
ideal.cxSistem,public,float,OncekiKapanisBirYil,string,symbolX,371880
ideal.cxSistem,public,float,OncekiKapanisBuAy,string,symbolX,371800
ideal.cxSistem,public,float,OncekiKapanisBuHafta,string,symbolX,371768
ideal.cxSistem,public,float,OncekiKapanisBuYil,string,symbolX,371864
ideal.cxSistem,public,float,OncekiKapanisGun,string,symbolX,371752
ideal.cxSistem,public,float,OncekiKapanisSeans,string,symbolX,371736
ideal.cxSistem,public,float,OncekiKapanisUcAy,string,symbolX,371832
ideal.cxSistem,public,System.Collections.Generic.List`1<float>,OpenInterest,,,367080
ideal.cxSistem,public,System.Collections.Generic.List`1<float>,OpenInterest,System.Collections.Generic.List`1<class ideal.cxBar>,barsX,367112
ideal.cxSistem,public,void,Optimizasyon,object[],aciklamaX,355848
ideal.cxSistem,public,float,OrtalamaAltiAy,string,symbolX,372648
ideal.cxSistem,public,float,OrtalamaBirAy,string,symbolX,372616
ideal.cxSistem,public,float,OrtalamaBirHafta,string,symbolX,372584
ideal.cxSistem,public,float,OrtalamaBirYil,string,symbolX,372680
ideal.cxSistem,public,float,OrtalamaBuAy,string,symbolX,372600
ideal.cxSistem,public,float,OrtalamaBuHafta,string,symbolX,372568
ideal.cxSistem,public,float,OrtalamaBuYil,string,symbolX,372664
ideal.cxSistem,public,float,OrtalamaGun,string,symbolX,372552
ideal.cxSistem,public,float,OrtalamaSeans,string,symbolX,372536
ideal.cxSistem,public,float,OrtalamaUcAy,string,symbolX,372632
ideal.cxSistem,public,System.Collections.Generic.List`1<float>,OtoTrend,System.Collections.Generic.List`1<float>; string; string; int; int,listX; yonX; tipX; toplambarX; sonbarX,358528
ideal.cxSistem,public,System.Collections.Generic.List`1<float>,OtoTrendDusen,int; int,toplambarX; sonbarX,358396
ideal.cxSistem,public,System.Collections.Generic.List`1<float>,OtoTrendDusen,System.Collections.Generic.List`1<class ideal.cxBar>; int; int,bars; toplambarX; sonbarX,358484
ideal.cxSistem,public,System.Collections.Generic.List`1<float>,OtoTrendYukselen,int; int,toplambarX; sonbarX,358352
ideal.cxSistem,public,System.Collections.Generic.List`1<float>,OtoTrendYukselen,System.Collections.Generic.List`1<class ideal.cxBar>; int; int,bars; toplambarX; sonbarX,358440
ideal.cxSistem,public,System.Collections.Generic.List`1<class ideal.cxTrade>,OzelEmirleriGetir,,,357992
ideal.cxSistem,public,System.Collections.Generic.List`1<float>,PGC,object,kurumSayisiX,371208
ideal.cxSistem,public,System.Collections.Generic.List`1<float>,PH01,object,donemX,362512
ideal.cxSistem,public,System.Collections.Generic.List`1<float>,PH01,System.Collections.Generic.List`1<class ideal.cxBar>; object,barsX; donemX,362544
ideal.cxSistem,public,System.Collections.Generic.List`1<float>,PL01,object,donemX,362576
ideal.cxSistem,public,System.Collections.Generic.List`1<float>,PL01,System.Collections.Generic.List`1<class ideal.cxBar>; object,barsX; donemX,362608
ideal.cxSistem,public,System.Collections.Generic.List`1<float>,PVT01,object,donemX,362640
ideal.cxSistem,public,System.Collections.Generic.List`1<float>,PVT01,System.Collections.Generic.List`1<class ideal.cxBar>; object,barsX; donemX,362672
ideal.cxSistem,public,System.Collections.Generic.List`1<float>,Parabolic,object; object,stepX; maksimumX,362224
ideal.cxSistem,public,System.Collections.Generic.List`1<float>,Parabolic,System.Collections.Generic.List`1<class ideal.cxBar>; object; object,barsX; stepX; maksimumX,362256
ideal.cxSistem,public,System.Collections.Generic.List`1<float>,Parabolic,System.Collections.Generic.List`1<float>; object; object,datalistX; stepX; maksimumX,362288
ideal.cxSistem,public,class ideal.PgcClass,PgcHesapla,string; object; object; object; object,sembolX; kurumsayisiX; suretipiX; sureX; lottltipX,371240
ideal.cxSistem,public,System.Collections.Generic.List`1<float>,PivotDown,,,362448
ideal.cxSistem,public,System.Collections.Generic.List`1<float>,PivotDown,System.Collections.Generic.List`1<class ideal.cxBar>,barsX,362480
ideal.cxSistem,public,System.Collections.Generic.List`1<float>,PivotMid,,,362320
ideal.cxSistem,public,System.Collections.Generic.List`1<float>,PivotMid,System.Collections.Generic.List`1<class ideal.cxBar>,barsX,362352
ideal.cxSistem,public,System.Collections.Generic.List`1<float>,PivotUp,,,362384
ideal.cxSistem,public,System.Collections.Generic.List`1<float>,PivotUp,System.Collections.Generic.List`1<class ideal.cxBar>,barsX,362416
ideal.cxSistem,public,System.Collections.Generic.List`1<float>,PolarizedFractalEfficiency,object; object,period1X; period2X,367144
ideal.cxSistem,public,System.Collections.Generic.List`1<float>,PolarizedFractalEfficiency,System.Collections.Generic.List`1<class ideal.cxBar>; object; object,barsX; period1X; period2X,367176
ideal.cxSistem,public,System.Collections.Generic.List`1<float>,PolarizedFractalEfficiency,System.Collections.Generic.List`1<float>; object; object,datalistX; period1X; period2X,367208
ideal.cxSistem,public,void,PortfoyLogin,string; string; string,hesapX; passwordX; parolaX,322064
ideal.cxSistem,public,System.Collections.Generic.List`1<float>,PositiveVolumeIndex,,,367240
ideal.cxSistem,public,System.Collections.Generic.List`1<float>,PositiveVolumeIndex,System.Collections.Generic.List`1<class ideal.cxBar>,barsX,367272
ideal.cxSistem,public,void,PozisyonKontrolGuncelle,string; object,strX; lotX,322096
ideal.cxSistem,public,void,PozisyonKontrolGuncelle,string; object; double,strX; lotX; fiyatX,322128
ideal.cxSistem,public,void,PozisyonKontrolGuncelle,string; object; double; string,strX; lotX; fiyatX; rezervX,322160
ideal.cxSistem,public,double,PozisyonKontrolOku,string,strX,322192
ideal.cxSistem,public,double,PozisyonKontrolOku,string; double&,strX; fiyatX,322224
ideal.cxSistem,public,double,PozisyonKontrolOku,string; double&; valuetype System.DateTime&,strX; fiyatX; tarihX,322256
ideal.cxSistem,public,double,PozisyonKontrolOku,string; double&; valuetype System.DateTime&; string&,strX; fiyatX; tarihX; rezervX,322288
ideal.cxSistem,public,System.Collections.Generic.List`1<float>,PriceChannelDown,object,periodX,362768
ideal.cxSistem,public,System.Collections.Generic.List`1<float>,PriceChannelDown,System.Collections.Generic.List`1<class ideal.cxBar>; object,barsX; periodX,362800
ideal.cxSistem,public,System.Collections.Generic.List`1<float>,PriceChannelUp,object,periodX,362704
ideal.cxSistem,public,System.Collections.Generic.List`1<float>,PriceChannelUp,System.Collections.Generic.List`1<class ideal.cxBar>; object,barsX; periodX,362736
ideal.cxSistem,public,System.Collections.Generic.List`1<float>,PriceOscPercent,object; object; object,period1X; period2X; avrmethodX,367304
ideal.cxSistem,public,System.Collections.Generic.List`1<float>,PriceOscPercent,System.Collections.Generic.List`1<class ideal.cxBar>; object; object; object,barsX; period1X; period2X; avrmethodX,367336
ideal.cxSistem,public,System.Collections.Generic.List`1<float>,PriceOscPoint,object; object; object,period1X; period2X; avrmethodX,367368
ideal.cxSistem,public,System.Collections.Generic.List`1<float>,PriceOscPoint,System.Collections.Generic.List`1<class ideal.cxBar>; object; object; object,barsX; period1X; period2X; avrmethodX,367400
ideal.cxSistem,public,System.Collections.Generic.List`1<float>,PriceRocPercent,object,periodX,367432
ideal.cxSistem,public,System.Collections.Generic.List`1<float>,PriceRocPercent,System.Collections.Generic.List`1<class ideal.cxBar>; object,barsX; periodX,367464
ideal.cxSistem,public,System.Collections.Generic.List`1<float>,PriceRocPercent,System.Collections.Generic.List`1<float>; object,datalistX; periodX,367496
ideal.cxSistem,public,System.Collections.Generic.List`1<float>,PriceRocPoint,object,periodX,367528
ideal.cxSistem,public,System.Collections.Generic.List`1<float>,PriceRocPoint,System.Collections.Generic.List`1<class ideal.cxBar>; object,barsX; periodX,367560
ideal.cxSistem,public,System.Collections.Generic.List`1<float>,PriceRocPoint,System.Collections.Generic.List`1<float>; object,datalistX; periodX,367592
ideal.cxSistem,public,System.Collections.Generic.List`1<float>,PriceVolumeTrend,,,367624
ideal.cxSistem,public,System.Collections.Generic.List`1<float>,PriceVolumeTrend,System.Collections.Generic.List`1<class ideal.cxBar>,barsX,367656
ideal.cxSistem,public,void,ProcessGridMessage,class GridMessageClass,messagex,373360
ideal.cxSistem,public,System.Collections.Generic.List`1<float>,ProfitFactorBar,int; object,barX; kaymaX,359240
ideal.cxSistem,public,System.Collections.Generic.List`1<float>,ProfitFactorIslem,int; object,islemX; kaymaX,359284
ideal.cxSistem,public,System.Collections.Generic.List`1<float>,ProjectionBandwidth,object,periodX,367688
ideal.cxSistem,public,System.Collections.Generic.List`1<float>,ProjectionBandwidth,System.Collections.Generic.List`1<class ideal.cxBar>; object,barsX; periodX,367720
ideal.cxSistem,public,System.Collections.Generic.List`1<float>,ProjectionDown,object,periodX,362896
ideal.cxSistem,public,System.Collections.Generic.List`1<float>,ProjectionDown,System.Collections.Generic.List`1<class ideal.cxBar>; object,barsX; periodX,362928
ideal.cxSistem,public,System.Collections.Generic.List`1<float>,ProjectionOsc,object; object,period1X; period2X,367752
ideal.cxSistem,public,System.Collections.Generic.List`1<float>,ProjectionOsc,System.Collections.Generic.List`1<class ideal.cxBar>; object; object,barsX; period1X; period2X,367784
ideal.cxSistem,public,System.Collections.Generic.List`1<float>,ProjectionUp,object,periodX,362832
ideal.cxSistem,public,System.Collections.Generic.List`1<float>,ProjectionUp,System.Collections.Generic.List`1<class ideal.cxBar>; object,barsX; periodX,362864
ideal.cxSistem,public,System.Collections.Generic.List`1<float>,QQEF,object; object,param1X; param2X,370200
ideal.cxSistem,public,System.Collections.Generic.List`1<float>,QQEF,System.Collections.Generic.List`1<class ideal.cxBar>; object; object,barsX; param1X; param2X,370232
ideal.cxSistem,public,System.Collections.Generic.List`1<float>,QQEF,System.Collections.Generic.List`1<float>; object; object,datalistX; param1X; param2X,370264
ideal.cxSistem,public,System.Collections.Generic.List`1<float>,QQEIF,System.Collections.Generic.List`1<float>; object; object,datalistX; param1X; param2X,370296
ideal.cxSistem,public,System.Collections.Generic.List`1<float>,QQEIS,System.Collections.Generic.List`1<float>; object; object,datalistX; param1X; param2X,370168
ideal.cxSistem,public,System.Collections.Generic.List`1<float>,QQES,object; object,param1X; param2X,370072
ideal.cxSistem,public,System.Collections.Generic.List`1<float>,QQES,System.Collections.Generic.List`1<class ideal.cxBar>; object; object,barsX; param1X; param2X,370104
ideal.cxSistem,public,System.Collections.Generic.List`1<float>,QQES,System.Collections.Generic.List`1<float>; object; object,datalistX; param1X; param2X,370136
ideal.cxSistem,public,System.Collections.Generic.List`1<float>,Qstick,object,periodX,367816
ideal.cxSistem,public,System.Collections.Generic.List`1<float>,Qstick,System.Collections.Generic.List`1<class ideal.cxBar>; object,barsX; periodX,367848
ideal.cxSistem,public,System.Collections.Generic.List`1<float>,RAVI,object; object; object,period1X; period2X; avrmethodX,367944
ideal.cxSistem,public,System.Collections.Generic.List`1<float>,RAVI,System.Collections.Generic.List`1<class ideal.cxBar>; object; object; object,barsX; period1X; period2X; avrmethodX,367976
ideal.cxSistem,public,System.Collections.Generic.List`1<float>,RSI,object,periodX,368104
ideal.cxSistem,public,System.Collections.Generic.List`1<float>,RSI,System.Collections.Generic.List`1<class ideal.cxBar>; object,barsX; periodX,368136
ideal.cxSistem,public,System.Collections.Generic.List`1<float>,RSI,System.Collections.Generic.List`1<float>; object,datalistX; periodX,368168
ideal.cxSistem,public,System.Collections.Generic.List`1<float>,RSIDenvelopeDown,object; object; object,methodX; periodX; deviationX,368488
ideal.cxSistem,public,System.Collections.Generic.List`1<float>,RSIDenvelopeDown,System.Collections.Generic.List`1<class ideal.cxBar>; object; object; object,barsX; methodX; periodX; deviationX,368520
ideal.cxSistem,public,System.Collections.Generic.List`1<float>,RSIDenvelopeMid,object; object; object,methodX; periodX; deviationX,368360
ideal.cxSistem,public,System.Collections.Generic.List`1<float>,RSIDenvelopeMid,System.Collections.Generic.List`1<class ideal.cxBar>; object; object; object,barsX; methodX; periodX; deviationX,368392
ideal.cxSistem,public,System.Collections.Generic.List`1<float>,RSIDenvelopeUp,object; object; object,methodX; periodX; deviationX,368424
ideal.cxSistem,public,System.Collections.Generic.List`1<float>,RSIDenvelopeUp,System.Collections.Generic.List`1<class ideal.cxBar>; object; object; object,barsX; methodX; periodX; deviationX,368456
ideal.cxSistem,public,System.Collections.Generic.List`1<float>,RangeIndicator,object; object,period1X; period2X,367880
ideal.cxSistem,public,System.Collections.Generic.List`1<float>,RangeIndicator,System.Collections.Generic.List`1<class ideal.cxBar>; object; object,barsX; period1X; period2X,367912
ideal.cxSistem,public,System.Collections.Generic.List`1<float>,Ref,System.Collections.Generic.List`1<float>; int,listX; shiftX,360620
ideal.cxSistem,public,System.Collections.Generic.List`1<float>,RelativeMomIndex,object; object,period1X; period2X,368008
ideal.cxSistem,public,System.Collections.Generic.List`1<float>,RelativeMomIndex,System.Collections.Generic.List`1<float>; object; object,datalistX; period1X; period2X,368040
ideal.cxSistem,public,System.Collections.Generic.List`1<float>,RelativeMomIndex,System.Collections.Generic.List`1<class ideal.cxBar>; object; object,barsX; period1X; period2X,368072
ideal.cxSistem,public,System.Collections.Generic.List`1<float>,RelativeVigorIndex,object,periodX,358660
ideal.cxSistem,public,System.Collections.Generic.List`1<float>,RelativeVigorIndex,System.Collections.Generic.List`1<class ideal.cxBar>; object,bars; periodX,358704
ideal.cxSistem,public,System.Collections.Generic.List`1<float>,RelativeVigorIndexSignal,object,periodX,358748
ideal.cxSistem,public,System.Collections.Generic.List`1<float>,RelativeVigorIndexSignal,System.Collections.Generic.List`1<class ideal.cxBar>; object,bars; periodX,358792
ideal.cxSistem,public,System.Collections.Generic.List`1<float>,RelativeVolatilityIndex,object; object,period1X; period2X,368296
ideal.cxSistem,public,System.Collections.Generic.List`1<float>,RelativeVolatilityIndex,System.Collections.Generic.List`1<class ideal.cxBar>; object; object,barsX; period1X; period2X,368328
ideal.cxSistem,public,valuetype System.Drawing.Color,Renk,int; int; int; int,opakX; redX; greenX; blueX,355916
ideal.cxSistem,public,void,ResimEkle,string; int; int; int,filnameX; panelX; horizontalX; verticalX,355952
ideal.cxSistem,public,void,RoboKepPenceresiAc,string,sembolX,355984
ideal.cxSistem,public,void,RoboTradeBaslat,,,356048
ideal.cxSistem,public,string,RobotHisseAktifAcigaVar,string; string; string; string; object,sistemnameX; bazsembolX; emirsembolX; periyotX; miktarX,356288
ideal.cxSistem,public,string,RobotHisseAktifAcigaYok,string; string; string; string; object,sistemnameX; bazsembolX; emirsembolX; periyotX; miktarX,356244
ideal.cxSistem,public,void,RobotServerAtaHisseSistem1,string,filename,357864
ideal.cxSistem,public,void,RobotServerMeksaHisseSistem1,string,filename,357896
ideal.cxSistem,public,void,RobotServerPozisyonEsitle,string; int; string; valuetype System.Drawing.Color,symbolX; lotX; infoX; colorX,357832
ideal.cxSistem,public,void,RobotStop,,,356016
ideal.cxSistem,public,string,RobotViopAktif,string; string; string; string; object,sistemnameX; bazsembolX; emirsembolX; periyotX; miktarX,356080
ideal.cxSistem,public,string,RobotViopAktif,string; string; string; string; object; object; object,sistemnameX; bazsembolX; emirsembolX; periyotX; miktarX; saniyeX; seanssonuX,356124
ideal.cxSistem,public,string,RobotViopGunSonuKapat,string; string,sistemnameX; emirsembolX,356212
ideal.cxSistem,public,string,RobotViopTumGun,string; string; string; string; object,sistemnameX; bazsembolX; emirsembolX; periyotX; miktarX,356168
ideal.cxSistem,public,System.Collections.Generic.List`1<float>,Rsquared,object,periodX,368552
ideal.cxSistem,public,System.Collections.Generic.List`1<float>,Rsquared,System.Collections.Generic.List`1<class ideal.cxBar>; object,barsX; periodX,368584
ideal.cxSistem,public,void,RunSistem,class ideal.cxSistem,sistemitemX,373404
ideal.cxSistem,public,bool,SaatAraligi,string; string,hour1X; hour2X,356348
ideal.cxSistem,public,void,SablonCalc,,,322852
ideal.cxSistem,public,void,SablonCalc_AROON,,,323808
ideal.cxSistem,public,void,SablonCalc_AROON_ADX,,,334060
ideal.cxSistem,public,void,SablonCalc_AROON_ADX_HL,,,337404
ideal.cxSistem,public,void,SablonCalc_AROON_ADXsvy,,,335732
ideal.cxSistem,public,void,SablonCalc_AROON_ADXsvy_HL,,,339076
ideal.cxSistem,public,void,SablonCalc_AROON_DX,,,330716
ideal.cxSistem,public,void,SablonCalc_AROON_DX_HL,,,332388
ideal.cxSistem,public,void,SablonCalc_AROON_HL,,,325876
ideal.cxSistem,public,void,SablonCalc_AROON_SD,,,340748
ideal.cxSistem,public,void,SablonCalc_AROON_SD_HL,,,344092
ideal.cxSistem,public,void,SablonCalc_AROON_SDsvy,,,342420
ideal.cxSistem,public,void,SablonCalc_AROON_SDsvy_HL,,,345764
ideal.cxSistem,public,void,SablonCalc_AROON_TOMA,,,327504
ideal.cxSistem,public,void,SablonCalc_AROON_TOMA_HL,,,329088
ideal.cxSistem,public,void,SablonCalc_AROON_TTI,,,350736
ideal.cxSistem,public,void,SablonCalc_AROON_TTI_HL,,,352320
ideal.cxSistem,public,void,SablonCalc_AROON_VHF,,,347436
ideal.cxSistem,public,void,SablonCalc_AROON_VHF_HL,,,349108
ideal.cxSistem,public,void,SablonCalc_AWESOME,,,323192
ideal.cxSistem,public,void,SablonCalc_AWESOME_ADX,,,333444
ideal.cxSistem,public,void,SablonCalc_AWESOME_ADX_HL,,,336788
ideal.cxSistem,public,void,SablonCalc_AWESOME_ADXsvy,,,335116
ideal.cxSistem,public,void,SablonCalc_AWESOME_ADXsvy_HL,,,338460
ideal.cxSistem,public,void,SablonCalc_AWESOME_DX,,,330100
ideal.cxSistem,public,void,SablonCalc_AWESOME_DX_HL,,,331772
ideal.cxSistem,public,void,SablonCalc_AWESOME_HL,,,325260
ideal.cxSistem,public,void,SablonCalc_AWESOME_SD,,,340132
ideal.cxSistem,public,void,SablonCalc_AWESOME_SD_HL,,,343476
ideal.cxSistem,public,void,SablonCalc_AWESOME_SDsvy,,,341804
ideal.cxSistem,public,void,SablonCalc_AWESOME_SDsvy_HL,,,345148
ideal.cxSistem,public,void,SablonCalc_AWESOME_TOMA,,,326932
ideal.cxSistem,public,void,SablonCalc_AWESOME_TOMA_HL,,,328516
ideal.cxSistem,public,void,SablonCalc_AWESOME_TTI,,,350164
ideal.cxSistem,public,void,SablonCalc_AWESOME_TTI_HL,,,351748
ideal.cxSistem,public,void,SablonCalc_AWESOME_VHF,,,346820
ideal.cxSistem,public,void,SablonCalc_AWESOME_VHF_HL,,,348492
ideal.cxSistem,public,void,SablonCalc_Bollinger1,,,324996
ideal.cxSistem,public,void,SablonCalc_Bollinger2,,,325040
ideal.cxSistem,public,void,SablonCalc_CCI,,,323720
ideal.cxSistem,public,void,SablonCalc_CCI_ADX,,,333972
ideal.cxSistem,public,void,SablonCalc_CCI_ADX_HL,,,337316
ideal.cxSistem,public,void,SablonCalc_CCI_ADXsvy,,,335644
ideal.cxSistem,public,void,SablonCalc_CCI_ADXsvy_HL,,,338988
ideal.cxSistem,public,void,SablonCalc_CCI_DX,,,330628
ideal.cxSistem,public,void,SablonCalc_CCI_DX_HL,,,332300
ideal.cxSistem,public,void,SablonCalc_CCI_HL,,,325788
ideal.cxSistem,public,void,SablonCalc_CCI_SD,,,340660
ideal.cxSistem,public,void,SablonCalc_CCI_SD_HL,,,344004
ideal.cxSistem,public,void,SablonCalc_CCI_SDsvy,,,342332
ideal.cxSistem,public,void,SablonCalc_CCI_SDsvy_HL,,,345676
ideal.cxSistem,public,void,SablonCalc_CCI_TOMA,,,327416
ideal.cxSistem,public,void,SablonCalc_CCI_TOMA_HL,,,329000
ideal.cxSistem,public,void,SablonCalc_CCI_TTI,,,350648
ideal.cxSistem,public,void,SablonCalc_CCI_TTI_HL,,,352232
ideal.cxSistem,public,void,SablonCalc_CCI_VHF,,,347348
ideal.cxSistem,public,void,SablonCalc_CCI_VHF_HL,,,349020
ideal.cxSistem,public,void,SablonCalc_CHMOM,,,323676
ideal.cxSistem,public,void,SablonCalc_CHMOM_ADX,,,333928
ideal.cxSistem,public,void,SablonCalc_CHMOM_ADX_HL,,,337272
ideal.cxSistem,public,void,SablonCalc_CHMOM_ADXsvy,,,335600
ideal.cxSistem,public,void,SablonCalc_CHMOM_ADXsvy_HL,,,338944
ideal.cxSistem,public,void,SablonCalc_CHMOM_DX,,,330584
ideal.cxSistem,public,void,SablonCalc_CHMOM_DX_HL,,,332256
ideal.cxSistem,public,void,SablonCalc_CHMOM_HL,,,325744
ideal.cxSistem,public,void,SablonCalc_CHMOM_SD,,,340616
ideal.cxSistem,public,void,SablonCalc_CHMOM_SD_HL,,,343960
ideal.cxSistem,public,void,SablonCalc_CHMOM_SDsvy,,,342288
ideal.cxSistem,public,void,SablonCalc_CHMOM_SDsvy_HL,,,345632
ideal.cxSistem,public,void,SablonCalc_CHMOM_TOMA,,,327372
ideal.cxSistem,public,void,SablonCalc_CHMOM_TOMA_HL,,,328956
ideal.cxSistem,public,void,SablonCalc_CHMOM_TTI,,,350604
ideal.cxSistem,public,void,SablonCalc_CHMOM_TTI_HL,,,352188
ideal.cxSistem,public,void,SablonCalc_CHMOM_VHF,,,347304
ideal.cxSistem,public,void,SablonCalc_CHMOM_VHF_HL,,,348976
ideal.cxSistem,public,void,SablonCalc_CLS1MA,,,324336
ideal.cxSistem,public,void,SablonCalc_CLS1MA_ADX,,,334588
ideal.cxSistem,public,void,SablonCalc_CLS1MA_ADX_HL,,,337932
ideal.cxSistem,public,void,SablonCalc_CLS1MA_ADXsvy,,,336260
ideal.cxSistem,public,void,SablonCalc_CLS1MA_ADXsvy_HL,,,339604
ideal.cxSistem,public,void,SablonCalc_CLS1MA_DX,,,331244
ideal.cxSistem,public,void,SablonCalc_CLS1MA_DX_HL,,,332916
ideal.cxSistem,public,void,SablonCalc_CLS1MA_HL,,,326404
ideal.cxSistem,public,void,SablonCalc_CLS1MA_SD,,,341276
ideal.cxSistem,public,void,SablonCalc_CLS1MA_SD_HL,,,344620
ideal.cxSistem,public,void,SablonCalc_CLS1MA_SDsvy,,,342948
ideal.cxSistem,public,void,SablonCalc_CLS1MA_SDsvy_HL,,,346292
ideal.cxSistem,public,void,SablonCalc_CLS1MA_TOMA,,,328032
ideal.cxSistem,public,void,SablonCalc_CLS1MA_TOMA_HL,,,329616
ideal.cxSistem,public,void,SablonCalc_CLS1MA_TTI,,,351264
ideal.cxSistem,public,void,SablonCalc_CLS1MA_TTI_HL,,,352848
ideal.cxSistem,public,void,SablonCalc_CLS1MA_VHF,,,347964
ideal.cxSistem,public,void,SablonCalc_CLS1MA_VHF_HL,,,349636
ideal.cxSistem,public,void,SablonCalc_CLS2MA,,,324380
ideal.cxSistem,public,void,SablonCalc_CLS2MA_ADX,,,334632
ideal.cxSistem,public,void,SablonCalc_CLS2MA_ADX_HL,,,337976
ideal.cxSistem,public,void,SablonCalc_CLS2MA_ADXsvy,,,336304
ideal.cxSistem,public,void,SablonCalc_CLS2MA_ADXsvy_HL,,,339648
ideal.cxSistem,public,void,SablonCalc_CLS2MA_DX,,,331288
ideal.cxSistem,public,void,SablonCalc_CLS2MA_DX_HL,,,332960
ideal.cxSistem,public,void,SablonCalc_CLS2MA_HL,,,326448
ideal.cxSistem,public,void,SablonCalc_CLS2MA_SD,,,341320
ideal.cxSistem,public,void,SablonCalc_CLS2MA_SD_HL,,,344664
ideal.cxSistem,public,void,SablonCalc_CLS2MA_SDsvy,,,342992
ideal.cxSistem,public,void,SablonCalc_CLS2MA_SDsvy_HL,,,346336
ideal.cxSistem,public,void,SablonCalc_CLS2MA_TOMA,,,328076
ideal.cxSistem,public,void,SablonCalc_CLS2MA_TOMA_HL,,,329660
ideal.cxSistem,public,void,SablonCalc_CLS2MA_TTI,,,351308
ideal.cxSistem,public,void,SablonCalc_CLS2MA_TTI_HL,,,352892
ideal.cxSistem,public,void,SablonCalc_CLS2MA_VHF,,,348008
ideal.cxSistem,public,void,SablonCalc_CLS2MA_VHF_HL,,,349680
ideal.cxSistem,public,void,SablonCalc_CLS3MA,,,324424
ideal.cxSistem,public,void,SablonCalc_CLS3MA_ADX,,,334676
ideal.cxSistem,public,void,SablonCalc_CLS3MA_ADX_HL,,,338020
ideal.cxSistem,public,void,SablonCalc_CLS3MA_ADXsvy,,,336348
ideal.cxSistem,public,void,SablonCalc_CLS3MA_ADXsvy_HL,,,339692
ideal.cxSistem,public,void,SablonCalc_CLS3MA_DX,,,331332
ideal.cxSistem,public,void,SablonCalc_CLS3MA_DX_HL,,,333004
ideal.cxSistem,public,void,SablonCalc_CLS3MA_HL,,,326492
ideal.cxSistem,public,void,SablonCalc_CLS3MA_SD,,,341364
ideal.cxSistem,public,void,SablonCalc_CLS3MA_SD_HL,,,344708
ideal.cxSistem,public,void,SablonCalc_CLS3MA_SDsvy,,,343036
ideal.cxSistem,public,void,SablonCalc_CLS3MA_SDsvy_HL,,,346380
ideal.cxSistem,public,void,SablonCalc_CLS3MA_TOMA,,,328120
ideal.cxSistem,public,void,SablonCalc_CLS3MA_TOMA_HL,,,329704
ideal.cxSistem,public,void,SablonCalc_CLS3MA_TTI,,,351352
ideal.cxSistem,public,void,SablonCalc_CLS3MA_TTI_HL,,,352936
ideal.cxSistem,public,void,SablonCalc_CLS3MA_VHF,,,348052
ideal.cxSistem,public,void,SablonCalc_CLS3MA_VHF_HL,,,349724
ideal.cxSistem,public,void,SablonCalc_ChaikinMF,,,323852
ideal.cxSistem,public,void,SablonCalc_ChaikinMF_ADX,,,334104
ideal.cxSistem,public,void,SablonCalc_ChaikinMF_ADX_HL,,,337448
ideal.cxSistem,public,void,SablonCalc_ChaikinMF_ADXsvy,,,335776
ideal.cxSistem,public,void,SablonCalc_ChaikinMF_ADXsvy_HL,,,339120
ideal.cxSistem,public,void,SablonCalc_ChaikinMF_DX,,,330760
ideal.cxSistem,public,void,SablonCalc_ChaikinMF_DX_HL,,,332432
ideal.cxSistem,public,void,SablonCalc_ChaikinMF_HL,,,325920
ideal.cxSistem,public,void,SablonCalc_ChaikinMF_SD,,,340792
ideal.cxSistem,public,void,SablonCalc_ChaikinMF_SD_HL,,,344136
ideal.cxSistem,public,void,SablonCalc_ChaikinMF_SDsvy,,,342464
ideal.cxSistem,public,void,SablonCalc_ChaikinMF_SDsvy_HL,,,345808
ideal.cxSistem,public,void,SablonCalc_ChaikinMF_TOMA,,,327548
ideal.cxSistem,public,void,SablonCalc_ChaikinMF_TOMA_HL,,,329132
ideal.cxSistem,public,void,SablonCalc_ChaikinMF_TTI,,,350780
ideal.cxSistem,public,void,SablonCalc_ChaikinMF_TTI_HL,,,352364
ideal.cxSistem,public,void,SablonCalc_ChaikinMF_VHF,,,347480
ideal.cxSistem,public,void,SablonCalc_ChaikinMF_VHF_HL,,,349152
ideal.cxSistem,public,void,SablonCalc_DEMA,,,323544
ideal.cxSistem,public,void,SablonCalc_DEMA_ADX,,,333796
ideal.cxSistem,public,void,SablonCalc_DEMA_ADX_HL,,,337140
ideal.cxSistem,public,void,SablonCalc_DEMA_ADXsvy,,,335468
ideal.cxSistem,public,void,SablonCalc_DEMA_ADXsvy_HL,,,338812
ideal.cxSistem,public,void,SablonCalc_DEMA_DX,,,330452
ideal.cxSistem,public,void,SablonCalc_DEMA_DX_HL,,,332124
ideal.cxSistem,public,void,SablonCalc_DEMA_HL,,,325612
ideal.cxSistem,public,void,SablonCalc_DEMA_SD,,,340484
ideal.cxSistem,public,void,SablonCalc_DEMA_SD_HL,,,343828
ideal.cxSistem,public,void,SablonCalc_DEMA_SDsvy,,,342156
ideal.cxSistem,public,void,SablonCalc_DEMA_SDsvy_HL,,,345500
ideal.cxSistem,public,void,SablonCalc_DEMA_TOMA,,,327240
ideal.cxSistem,public,void,SablonCalc_DEMA_TOMA_HL,,,328824
ideal.cxSistem,public,void,SablonCalc_DEMA_TTI,,,350472
ideal.cxSistem,public,void,SablonCalc_DEMA_TTI_HL,,,352056
ideal.cxSistem,public,void,SablonCalc_DEMA_VHF,,,347172
ideal.cxSistem,public,void,SablonCalc_DEMA_VHF_HL,,,348844
ideal.cxSistem,public,void,SablonCalc_DemandIndex,,,324116
ideal.cxSistem,public,void,SablonCalc_DemandIndex_ADX,,,334368
ideal.cxSistem,public,void,SablonCalc_DemandIndex_ADX_HL,,,337712
ideal.cxSistem,public,void,SablonCalc_DemandIndex_ADXsvy,,,336040
ideal.cxSistem,public,void,SablonCalc_DemandIndex_ADXsvy_HL,,,339384
ideal.cxSistem,public,void,SablonCalc_DemandIndex_DX,,,331024
ideal.cxSistem,public,void,SablonCalc_DemandIndex_DX_HL,,,332696
ideal.cxSistem,public,void,SablonCalc_DemandIndex_HL,,,326184
ideal.cxSistem,public,void,SablonCalc_DemandIndex_SD,,,341056
ideal.cxSistem,public,void,SablonCalc_DemandIndex_SD_HL,,,344400
ideal.cxSistem,public,void,SablonCalc_DemandIndex_SDsvy,,,342728
ideal.cxSistem,public,void,SablonCalc_DemandIndex_SDsvy_HL,,,346072
ideal.cxSistem,public,void,SablonCalc_DemandIndex_TOMA,,,327812
ideal.cxSistem,public,void,SablonCalc_DemandIndex_TOMA_HL,,,329396
ideal.cxSistem,public,void,SablonCalc_DemandIndex_TTI,,,351044
ideal.cxSistem,public,void,SablonCalc_DemandIndex_TTI_HL,,,352628
ideal.cxSistem,public,void,SablonCalc_DemandIndex_VHF,,,347744
ideal.cxSistem,public,void,SablonCalc_DemandIndex_VHF_HL,,,349416
ideal.cxSistem,public,void,SablonCalc_EWO,,,324292
ideal.cxSistem,public,void,SablonCalc_EWO_ADX,,,334544
ideal.cxSistem,public,void,SablonCalc_EWO_ADX_HL,,,337888
ideal.cxSistem,public,void,SablonCalc_EWO_ADXsvy,,,336216
ideal.cxSistem,public,void,SablonCalc_EWO_ADXsvy_HL,,,339560
ideal.cxSistem,public,void,SablonCalc_EWO_DX,,,331200
ideal.cxSistem,public,void,SablonCalc_EWO_DX_HL,,,332872
ideal.cxSistem,public,void,SablonCalc_EWO_HL,,,326360
ideal.cxSistem,public,void,SablonCalc_EWO_SD,,,341232
ideal.cxSistem,public,void,SablonCalc_EWO_SD_HL,,,344576
ideal.cxSistem,public,void,SablonCalc_EWO_SDsvy,,,342904
ideal.cxSistem,public,void,SablonCalc_EWO_SDsvy_HL,,,346248
ideal.cxSistem,public,void,SablonCalc_EWO_TOMA,,,327988
ideal.cxSistem,public,void,SablonCalc_EWO_TOMA_HL,,,329572
ideal.cxSistem,public,void,SablonCalc_EWO_TTI,,,351220
ideal.cxSistem,public,void,SablonCalc_EWO_TTI_HL,,,352804
ideal.cxSistem,public,void,SablonCalc_EWO_VHF,,,347920
ideal.cxSistem,public,void,SablonCalc_EWO_VHF_HL,,,349592
ideal.cxSistem,public,void,SablonCalc_Editor,,,322972
ideal.cxSistem,public,void,SablonCalc_Final,,,322896
ideal.cxSistem,public,void,SablonCalc_FxSniper,,,323236
ideal.cxSistem,public,void,SablonCalc_FxSniper_ADX,,,333488
ideal.cxSistem,public,void,SablonCalc_FxSniper_ADX_HL,,,336832
ideal.cxSistem,public,void,SablonCalc_FxSniper_ADXsvy,,,335160
ideal.cxSistem,public,void,SablonCalc_FxSniper_ADXsvy_HL,,,338504
ideal.cxSistem,public,void,SablonCalc_FxSniper_DX,,,330144
ideal.cxSistem,public,void,SablonCalc_FxSniper_DX_HL,,,331816
ideal.cxSistem,public,void,SablonCalc_FxSniper_HL,,,325304
ideal.cxSistem,public,void,SablonCalc_FxSniper_SD,,,340176
ideal.cxSistem,public,void,SablonCalc_FxSniper_SD_HL,,,343520
ideal.cxSistem,public,void,SablonCalc_FxSniper_SDsvy,,,341848
ideal.cxSistem,public,void,SablonCalc_FxSniper_SDsvy_HL,,,345192
ideal.cxSistem,public,void,SablonCalc_FxSniper_TOMA,,,326976
ideal.cxSistem,public,void,SablonCalc_FxSniper_TOMA_HL,,,328560
ideal.cxSistem,public,void,SablonCalc_FxSniper_TTI,,,350208
ideal.cxSistem,public,void,SablonCalc_FxSniper_TTI_HL,,,351792
ideal.cxSistem,public,void,SablonCalc_FxSniper_VHF,,,346864
ideal.cxSistem,public,void,SablonCalc_FxSniper_VHF_HL,,,348536
ideal.cxSistem,public,void,SablonCalc_IMI,,,323632
ideal.cxSistem,public,void,SablonCalc_IMI_ADX,,,333884
ideal.cxSistem,public,void,SablonCalc_IMI_ADX_HL,,,337228
ideal.cxSistem,public,void,SablonCalc_IMI_ADXsvy,,,335556
ideal.cxSistem,public,void,SablonCalc_IMI_ADXsvy_HL,,,338900
ideal.cxSistem,public,void,SablonCalc_IMI_DX,,,330540
ideal.cxSistem,public,void,SablonCalc_IMI_DX_HL,,,332212
ideal.cxSistem,public,void,SablonCalc_IMI_HL,,,325700
ideal.cxSistem,public,void,SablonCalc_IMI_SD,,,340572
ideal.cxSistem,public,void,SablonCalc_IMI_SD_HL,,,343916
ideal.cxSistem,public,void,SablonCalc_IMI_SDsvy,,,342244
ideal.cxSistem,public,void,SablonCalc_IMI_SDsvy_HL,,,345588
ideal.cxSistem,public,void,SablonCalc_IMI_TOMA,,,327328
ideal.cxSistem,public,void,SablonCalc_IMI_TOMA_HL,,,328912
ideal.cxSistem,public,void,SablonCalc_IMI_TTI,,,350560
ideal.cxSistem,public,void,SablonCalc_IMI_TTI_HL,,,352144
ideal.cxSistem,public,void,SablonCalc_IMI_VHF,,,347260
ideal.cxSistem,public,void,SablonCalc_IMI_VHF_HL,,,348932
ideal.cxSistem,public,void,SablonCalc_Ichimoku,,,324468
ideal.cxSistem,public,void,SablonCalc_Ichimoku_ADX,,,334720
ideal.cxSistem,public,void,SablonCalc_Ichimoku_ADX_HL,,,338064
ideal.cxSistem,public,void,SablonCalc_Ichimoku_ADXsvy,,,336392
ideal.cxSistem,public,void,SablonCalc_Ichimoku_ADXsvy_HL,,,339736
ideal.cxSistem,public,void,SablonCalc_Ichimoku_DX,,,331376
ideal.cxSistem,public,void,SablonCalc_Ichimoku_DX_HL,,,333048
ideal.cxSistem,public,void,SablonCalc_Ichimoku_HL,,,326536
ideal.cxSistem,public,void,SablonCalc_Ichimoku_SD,,,341408
ideal.cxSistem,public,void,SablonCalc_Ichimoku_SD_HL,,,344752
ideal.cxSistem,public,void,SablonCalc_Ichimoku_SDsvy,,,343080
ideal.cxSistem,public,void,SablonCalc_Ichimoku_SDsvy_HL,,,346424
ideal.cxSistem,public,void,SablonCalc_Ichimoku_TOMA,,,328164
ideal.cxSistem,public,void,SablonCalc_Ichimoku_TOMA_HL,,,329748
ideal.cxSistem,public,void,SablonCalc_Ichimoku_TTI,,,351396
ideal.cxSistem,public,void,SablonCalc_Ichimoku_TTI_HL,,,352980
ideal.cxSistem,public,void,SablonCalc_Ichimoku_VHF,,,348096
ideal.cxSistem,public,void,SablonCalc_Ichimoku_VHF_HL,,,349768
ideal.cxSistem,public,void,SablonCalc_Idealgo101,,,324732
ideal.cxSistem,public,void,SablonCalc_Idealgo102,,,324776
ideal.cxSistem,public,void,SablonCalc_Idealgo103,,,324820
ideal.cxSistem,public,void,SablonCalc_Idealgo104,,,324864
ideal.cxSistem,public,void,SablonCalc_Idealgo105,,,324908
ideal.cxSistem,public,void,SablonCalc_Idealgo106,,,324952
ideal.cxSistem,public,void,SablonCalc_KAIRI,,,323764
ideal.cxSistem,public,void,SablonCalc_KAIRI_ADX,,,334016
ideal.cxSistem,public,void,SablonCalc_KAIRI_ADX_HL,,,337360
ideal.cxSistem,public,void,SablonCalc_KAIRI_ADXsvy,,,335688
ideal.cxSistem,public,void,SablonCalc_KAIRI_ADXsvy_HL,,,339032
ideal.cxSistem,public,void,SablonCalc_KAIRI_DX,,,330672
ideal.cxSistem,public,void,SablonCalc_KAIRI_DX_HL,,,332344
ideal.cxSistem,public,void,SablonCalc_KAIRI_HL,,,325832
ideal.cxSistem,public,void,SablonCalc_KAIRI_SD,,,340704
ideal.cxSistem,public,void,SablonCalc_KAIRI_SD_HL,,,344048
ideal.cxSistem,public,void,SablonCalc_KAIRI_SDsvy,,,342376
ideal.cxSistem,public,void,SablonCalc_KAIRI_SDsvy_HL,,,345720
ideal.cxSistem,public,void,SablonCalc_KAIRI_TOMA,,,327460
ideal.cxSistem,public,void,SablonCalc_KAIRI_TOMA_HL,,,329044
ideal.cxSistem,public,void,SablonCalc_KAIRI_TTI,,,350692
ideal.cxSistem,public,void,SablonCalc_KAIRI_TTI_HL,,,352276
ideal.cxSistem,public,void,SablonCalc_KAIRI_VHF,,,347392
ideal.cxSistem,public,void,SablonCalc_KAIRI_VHF_HL,,,349064
ideal.cxSistem,public,void,SablonCalc_KLINGER,,,324160
ideal.cxSistem,public,void,SablonCalc_KLINGER_ADX,,,334412
ideal.cxSistem,public,void,SablonCalc_KLINGER_ADX_HL,,,337756
ideal.cxSistem,public,void,SablonCalc_KLINGER_ADXsvy,,,336084
ideal.cxSistem,public,void,SablonCalc_KLINGER_ADXsvy_HL,,,339428
ideal.cxSistem,public,void,SablonCalc_KLINGER_DX,,,331068
ideal.cxSistem,public,void,SablonCalc_KLINGER_DX_HL,,,332740
ideal.cxSistem,public,void,SablonCalc_KLINGER_HL,,,326228
ideal.cxSistem,public,void,SablonCalc_KLINGER_SD,,,341100
ideal.cxSistem,public,void,SablonCalc_KLINGER_SD_HL,,,344444
ideal.cxSistem,public,void,SablonCalc_KLINGER_SDsvy,,,342772
ideal.cxSistem,public,void,SablonCalc_KLINGER_SDsvy_HL,,,346116
ideal.cxSistem,public,void,SablonCalc_KLINGER_TOMA,,,327856
ideal.cxSistem,public,void,SablonCalc_KLINGER_TOMA_HL,,,329440
ideal.cxSistem,public,void,SablonCalc_KLINGER_TTI,,,351088
ideal.cxSistem,public,void,SablonCalc_KLINGER_TTI_HL,,,352672
ideal.cxSistem,public,void,SablonCalc_KLINGER_VHF,,,347788
ideal.cxSistem,public,void,SablonCalc_KLINGER_VHF_HL,,,349460
ideal.cxSistem,public,void,SablonCalc_MA,,,323016
ideal.cxSistem,public,void,SablonCalc_MACD,,,323060
ideal.cxSistem,public,void,SablonCalc_MACD_ADX,,,333312
ideal.cxSistem,public,void,SablonCalc_MACD_ADX_HL,,,336656
ideal.cxSistem,public,void,SablonCalc_MACD_ADXsvy,,,334984
ideal.cxSistem,public,void,SablonCalc_MACD_ADXsvy_HL,,,338328
ideal.cxSistem,public,void,SablonCalc_MACD_DX,,,329968
ideal.cxSistem,public,void,SablonCalc_MACD_DX_HL,,,331640
ideal.cxSistem,public,void,SablonCalc_MACD_HL,,,325128
ideal.cxSistem,public,void,SablonCalc_MACD_SD,,,340000
ideal.cxSistem,public,void,SablonCalc_MACD_SD_HL,,,343344
ideal.cxSistem,public,void,SablonCalc_MACD_SDsvy,,,341672
ideal.cxSistem,public,void,SablonCalc_MACD_SDsvy_HL,,,345016
ideal.cxSistem,public,void,SablonCalc_MACD_TOMA,,,326800
ideal.cxSistem,public,void,SablonCalc_MACD_TOMA_HL,,,328384
ideal.cxSistem,public,void,SablonCalc_MACD_TTI,,,350032
ideal.cxSistem,public,void,SablonCalc_MACD_TTI_HL,,,351616
ideal.cxSistem,public,void,SablonCalc_MACD_VHF,,,346688
ideal.cxSistem,public,void,SablonCalc_MACD_VHF_HL,,,348360
ideal.cxSistem,public,void,SablonCalc_MA_ADX,,,333268
ideal.cxSistem,public,void,SablonCalc_MA_ADX_HL,,,336612
ideal.cxSistem,public,void,SablonCalc_MA_ADXsvy,,,334940
ideal.cxSistem,public,void,SablonCalc_MA_ADXsvy_HL,,,338284
ideal.cxSistem,public,void,SablonCalc_MA_DX,,,329924
ideal.cxSistem,public,void,SablonCalc_MA_DX_HL,,,331596
ideal.cxSistem,public,void,SablonCalc_MA_HL,,,325084
ideal.cxSistem,public,void,SablonCalc_MA_SD,,,339956
ideal.cxSistem,public,void,SablonCalc_MA_SD_HL,,,343300
ideal.cxSistem,public,void,SablonCalc_MA_SDsvy,,,341628
ideal.cxSistem,public,void,SablonCalc_MA_SDsvy_HL,,,344972
ideal.cxSistem,public,void,SablonCalc_MA_TOMA,,,326756
ideal.cxSistem,public,void,SablonCalc_MA_TOMA_HL,,,328340
ideal.cxSistem,public,void,SablonCalc_MA_TTI,,,349988
ideal.cxSistem,public,void,SablonCalc_MA_TTI_HL,,,351572
ideal.cxSistem,public,void,SablonCalc_MA_VHF,,,346644
ideal.cxSistem,public,void,SablonCalc_MA_VHF_HL,,,348316
ideal.cxSistem,public,void,SablonCalc_MFI,,,323896
ideal.cxSistem,public,void,SablonCalc_MFI_ADX,,,334148
ideal.cxSistem,public,void,SablonCalc_MFI_ADX_HL,,,337492
ideal.cxSistem,public,void,SablonCalc_MFI_ADXsvy,,,335820
ideal.cxSistem,public,void,SablonCalc_MFI_ADXsvy_HL,,,339164
ideal.cxSistem,public,void,SablonCalc_MFI_DX,,,330804
ideal.cxSistem,public,void,SablonCalc_MFI_DX_HL,,,332476
ideal.cxSistem,public,void,SablonCalc_MFI_HL,,,325964
ideal.cxSistem,public,void,SablonCalc_MFI_SD,,,340836
ideal.cxSistem,public,void,SablonCalc_MFI_SD_HL,,,344180
ideal.cxSistem,public,void,SablonCalc_MFI_SDsvy,,,342508
ideal.cxSistem,public,void,SablonCalc_MFI_SDsvy_HL,,,345852
ideal.cxSistem,public,void,SablonCalc_MFI_TOMA,,,327592
ideal.cxSistem,public,void,SablonCalc_MFI_TOMA_HL,,,329176
ideal.cxSistem,public,void,SablonCalc_MFI_TTI,,,350824
ideal.cxSistem,public,void,SablonCalc_MFI_TTI_HL,,,352408
ideal.cxSistem,public,void,SablonCalc_MFI_VHF,,,347524
ideal.cxSistem,public,void,SablonCalc_MFI_VHF_HL,,,349196
ideal.cxSistem,public,void,SablonCalc_MOM,,,323324
ideal.cxSistem,public,void,SablonCalc_MOM_ADX,,,333576
ideal.cxSistem,public,void,SablonCalc_MOM_ADX_HL,,,336920
ideal.cxSistem,public,void,SablonCalc_MOM_ADXsvy,,,335248
ideal.cxSistem,public,void,SablonCalc_MOM_ADXsvy_HL,,,338592
ideal.cxSistem,public,void,SablonCalc_MOM_DX,,,330232
ideal.cxSistem,public,void,SablonCalc_MOM_DX_HL,,,331904
ideal.cxSistem,public,void,SablonCalc_MOM_HL,,,325392
ideal.cxSistem,public,void,SablonCalc_MOM_SD,,,340264
ideal.cxSistem,public,void,SablonCalc_MOM_SD_HL,,,343608
ideal.cxSistem,public,void,SablonCalc_MOM_SDsvy,,,341936
ideal.cxSistem,public,void,SablonCalc_MOM_SDsvy_HL,,,345280
ideal.cxSistem,public,void,SablonCalc_MOM_TOMA,,,327020
ideal.cxSistem,public,void,SablonCalc_MOM_TOMA_HL,,,328604
ideal.cxSistem,public,void,SablonCalc_MOM_TTI,,,350252
ideal.cxSistem,public,void,SablonCalc_MOM_TTI_HL,,,351836
ideal.cxSistem,public,void,SablonCalc_MOM_VHF,,,346952
ideal.cxSistem,public,void,SablonCalc_MOM_VHF_HL,,,348624
ideal.cxSistem,public,void,SablonCalc_PARABOLIC_ADX,,,334456
ideal.cxSistem,public,void,SablonCalc_PARABOLIC_ADX_HL,,,337800
ideal.cxSistem,public,void,SablonCalc_PARABOLIC_ADXsvy,,,336128
ideal.cxSistem,public,void,SablonCalc_PARABOLIC_ADXsvy_HL,,,339472
ideal.cxSistem,public,void,SablonCalc_PARABOLIC_DX,,,331112
ideal.cxSistem,public,void,SablonCalc_PARABOLIC_DX_HL,,,332784
ideal.cxSistem,public,void,SablonCalc_PARABOLIC_HL,,,326272
ideal.cxSistem,public,void,SablonCalc_PARABOLIC_SD,,,341144
ideal.cxSistem,public,void,SablonCalc_PARABOLIC_SD_HL,,,344488
ideal.cxSistem,public,void,SablonCalc_PARABOLIC_SDsvy,,,342816
ideal.cxSistem,public,void,SablonCalc_PARABOLIC_SDsvy_HL,,,346160
ideal.cxSistem,public,void,SablonCalc_PARABOLIC_TOMA,,,327900
ideal.cxSistem,public,void,SablonCalc_PARABOLIC_TOMA_HL,,,329484
ideal.cxSistem,public,void,SablonCalc_PARABOLIC_TTI,,,351132
ideal.cxSistem,public,void,SablonCalc_PARABOLIC_TTI_HL,,,352716
ideal.cxSistem,public,void,SablonCalc_PARABOLIC_VHF,,,347832
ideal.cxSistem,public,void,SablonCalc_PARABOLIC_VHF_HL,,,349504
ideal.cxSistem,public,void,SablonCalc_Parabolic,,,324204
ideal.cxSistem,public,void,SablonCalc_QQE,,,324600
ideal.cxSistem,public,void,SablonCalc_QQE_ADX,,,334852
ideal.cxSistem,public,void,SablonCalc_QQE_ADX_HL,,,338196
ideal.cxSistem,public,void,SablonCalc_QQE_ADXsvy,,,336524
ideal.cxSistem,public,void,SablonCalc_QQE_ADXsvy_HL,,,339868
ideal.cxSistem,public,void,SablonCalc_QQE_DX,,,331508
ideal.cxSistem,public,void,SablonCalc_QQE_DX_HL,,,333180
ideal.cxSistem,public,void,SablonCalc_QQE_HL,,,326668
ideal.cxSistem,public,void,SablonCalc_QQE_SD,,,341540
ideal.cxSistem,public,void,SablonCalc_QQE_SD_HL,,,344884
ideal.cxSistem,public,void,SablonCalc_QQE_SDsvy,,,343212
ideal.cxSistem,public,void,SablonCalc_QQE_SDsvy_HL,,,346556
ideal.cxSistem,public,void,SablonCalc_QQE_TOMA,,,328296
ideal.cxSistem,public,void,SablonCalc_QQE_TOMA_HL,,,329880
ideal.cxSistem,public,void,SablonCalc_QQE_TTI,,,351528
ideal.cxSistem,public,void,SablonCalc_QQE_TTI_HL,,,353112
ideal.cxSistem,public,void,SablonCalc_QQE_VHF,,,348228
ideal.cxSistem,public,void,SablonCalc_QQE_VHF_HL,,,349900
ideal.cxSistem,public,void,SablonCalc_QSTICK,,,323940
ideal.cxSistem,public,void,SablonCalc_QSTICK_ADX,,,334192
ideal.cxSistem,public,void,SablonCalc_QSTICK_ADX_HL,,,337536
ideal.cxSistem,public,void,SablonCalc_QSTICK_ADXsvy,,,335864
ideal.cxSistem,public,void,SablonCalc_QSTICK_ADXsvy_HL,,,339208
ideal.cxSistem,public,void,SablonCalc_QSTICK_DX,,,330848
ideal.cxSistem,public,void,SablonCalc_QSTICK_DX_HL,,,332520
ideal.cxSistem,public,void,SablonCalc_QSTICK_HL,,,326008
ideal.cxSistem,public,void,SablonCalc_QSTICK_SD,,,340880
ideal.cxSistem,public,void,SablonCalc_QSTICK_SD_HL,,,344224
ideal.cxSistem,public,void,SablonCalc_QSTICK_SDsvy,,,342552
ideal.cxSistem,public,void,SablonCalc_QSTICK_SDsvy_HL,,,345896
ideal.cxSistem,public,void,SablonCalc_QSTICK_TOMA,,,327636
ideal.cxSistem,public,void,SablonCalc_QSTICK_TOMA_HL,,,329220
ideal.cxSistem,public,void,SablonCalc_QSTICK_TTI,,,350868
ideal.cxSistem,public,void,SablonCalc_QSTICK_TTI_HL,,,352452
ideal.cxSistem,public,void,SablonCalc_QSTICK_VHF,,,347568
ideal.cxSistem,public,void,SablonCalc_QSTICK_VHF_HL,,,349240
ideal.cxSistem,public,void,SablonCalc_RMI,,,324512
ideal.cxSistem,public,void,SablonCalc_RMI_ADX,,,334764
ideal.cxSistem,public,void,SablonCalc_RMI_ADX_HL,,,338108
ideal.cxSistem,public,void,SablonCalc_RMI_ADXsvy,,,336436
ideal.cxSistem,public,void,SablonCalc_RMI_ADXsvy_HL,,,339780
ideal.cxSistem,public,void,SablonCalc_RMI_DX,,,331420
ideal.cxSistem,public,void,SablonCalc_RMI_DX_HL,,,333092
ideal.cxSistem,public,void,SablonCalc_RMI_HL,,,326580
ideal.cxSistem,public,void,SablonCalc_RMI_SD,,,341452
ideal.cxSistem,public,void,SablonCalc_RMI_SD_HL,,,344796
ideal.cxSistem,public,void,SablonCalc_RMI_SDsvy,,,343124
ideal.cxSistem,public,void,SablonCalc_RMI_SDsvy_HL,,,346468
ideal.cxSistem,public,void,SablonCalc_RMI_TOMA,,,328208
ideal.cxSistem,public,void,SablonCalc_RMI_TOMA_HL,,,329792
ideal.cxSistem,public,void,SablonCalc_RMI_TTI,,,351440
ideal.cxSistem,public,void,SablonCalc_RMI_TTI_HL,,,353024
ideal.cxSistem,public,void,SablonCalc_RMI_VHF,,,348140
ideal.cxSistem,public,void,SablonCalc_RMI_VHF_HL,,,349812
ideal.cxSistem,public,void,SablonCalc_RSI,,,323368
ideal.cxSistem,public,void,SablonCalc_RSI_ADX,,,333620
ideal.cxSistem,public,void,SablonCalc_RSI_ADX_HL,,,336964
ideal.cxSistem,public,void,SablonCalc_RSI_ADXsvy,,,335292
ideal.cxSistem,public,void,SablonCalc_RSI_ADXsvy_HL,,,338636
ideal.cxSistem,public,void,SablonCalc_RSI_DX,,,330276
ideal.cxSistem,public,void,SablonCalc_RSI_DX_HL,,,331948
ideal.cxSistem,public,void,SablonCalc_RSI_HL,,,325436
ideal.cxSistem,public,void,SablonCalc_RSI_SD,,,340308
ideal.cxSistem,public,void,SablonCalc_RSI_SD_HL,,,343652
ideal.cxSistem,public,void,SablonCalc_RSI_SDsvy,,,341980
ideal.cxSistem,public,void,SablonCalc_RSI_SDsvy_HL,,,345324
ideal.cxSistem,public,void,SablonCalc_RSI_TOMA,,,327064
ideal.cxSistem,public,void,SablonCalc_RSI_TOMA_HL,,,328648
ideal.cxSistem,public,void,SablonCalc_RSI_TTI,,,350296
ideal.cxSistem,public,void,SablonCalc_RSI_TTI_HL,,,351880
ideal.cxSistem,public,void,SablonCalc_RSI_VHF,,,346996
ideal.cxSistem,public,void,SablonCalc_RSI_VHF_HL,,,348668
ideal.cxSistem,public,void,SablonCalc_RSIsvy,,,323412
ideal.cxSistem,public,void,SablonCalc_RSIsvy_ADX,,,333664
ideal.cxSistem,public,void,SablonCalc_RSIsvy_ADX_HL,,,337008
ideal.cxSistem,public,void,SablonCalc_RSIsvy_ADXsvy,,,335336
ideal.cxSistem,public,void,SablonCalc_RSIsvy_ADXsvy_HL,,,338680
ideal.cxSistem,public,void,SablonCalc_RSIsvy_DX,,,330320
ideal.cxSistem,public,void,SablonCalc_RSIsvy_DX_HL,,,331992
ideal.cxSistem,public,void,SablonCalc_RSIsvy_HL,,,325480
ideal.cxSistem,public,void,SablonCalc_RSIsvy_SD,,,340352
ideal.cxSistem,public,void,SablonCalc_RSIsvy_SD_HL,,,343696
ideal.cxSistem,public,void,SablonCalc_RSIsvy_SDsvy,,,342024
ideal.cxSistem,public,void,SablonCalc_RSIsvy_SDsvy_HL,,,345368
ideal.cxSistem,public,void,SablonCalc_RSIsvy_TOMA,,,327108
ideal.cxSistem,public,void,SablonCalc_RSIsvy_TOMA_HL,,,328692
ideal.cxSistem,public,void,SablonCalc_RSIsvy_TTI,,,350340
ideal.cxSistem,public,void,SablonCalc_RSIsvy_TTI_HL,,,351924
ideal.cxSistem,public,void,SablonCalc_RSIsvy_VHF,,,347040
ideal.cxSistem,public,void,SablonCalc_RSIsvy_VHF_HL,,,348712
ideal.cxSistem,public,void,SablonCalc_STOFAST,,,323104
ideal.cxSistem,public,void,SablonCalc_STOFAST_ADX,,,333356
ideal.cxSistem,public,void,SablonCalc_STOFAST_ADX_HL,,,336700
ideal.cxSistem,public,void,SablonCalc_STOFAST_ADXsvy,,,335028
ideal.cxSistem,public,void,SablonCalc_STOFAST_ADXsvy_HL,,,338372
ideal.cxSistem,public,void,SablonCalc_STOFAST_DX,,,330012
ideal.cxSistem,public,void,SablonCalc_STOFAST_DX_HL,,,331684
ideal.cxSistem,public,void,SablonCalc_STOFAST_HL,,,325172
ideal.cxSistem,public,void,SablonCalc_STOFAST_SD,,,340044
ideal.cxSistem,public,void,SablonCalc_STOFAST_SD_HL,,,343388
ideal.cxSistem,public,void,SablonCalc_STOFAST_SDsvy,,,341716
ideal.cxSistem,public,void,SablonCalc_STOFAST_SDsvy_HL,,,345060
ideal.cxSistem,public,void,SablonCalc_STOFAST_TOMA,,,326844
ideal.cxSistem,public,void,SablonCalc_STOFAST_TOMA_HL,,,328428
ideal.cxSistem,public,void,SablonCalc_STOFAST_TTI,,,350076
ideal.cxSistem,public,void,SablonCalc_STOFAST_TTI_HL,,,351660
ideal.cxSistem,public,void,SablonCalc_STOFAST_VHF,,,346732
ideal.cxSistem,public,void,SablonCalc_STOFAST_VHF_HL,,,348404
ideal.cxSistem,public,void,SablonCalc_STORSI,,,324556
ideal.cxSistem,public,void,SablonCalc_STORSI_ADX,,,334808
ideal.cxSistem,public,void,SablonCalc_STORSI_ADX_HL,,,338152
ideal.cxSistem,public,void,SablonCalc_STORSI_ADXsvy,,,336480
ideal.cxSistem,public,void,SablonCalc_STORSI_ADXsvy_HL,,,339824
ideal.cxSistem,public,void,SablonCalc_STORSI_DX,,,331464
ideal.cxSistem,public,void,SablonCalc_STORSI_DX_HL,,,333136
ideal.cxSistem,public,void,SablonCalc_STORSI_HL,,,326624
ideal.cxSistem,public,void,SablonCalc_STORSI_SD,,,341496
ideal.cxSistem,public,void,SablonCalc_STORSI_SD_HL,,,344840
ideal.cxSistem,public,void,SablonCalc_STORSI_SDsvy,,,343168
ideal.cxSistem,public,void,SablonCalc_STORSI_SDsvy_HL,,,346512
ideal.cxSistem,public,void,SablonCalc_STORSI_TOMA,,,328252
ideal.cxSistem,public,void,SablonCalc_STORSI_TOMA_HL,,,329836
ideal.cxSistem,public,void,SablonCalc_STORSI_TTI,,,351484
ideal.cxSistem,public,void,SablonCalc_STORSI_TTI_HL,,,353068
ideal.cxSistem,public,void,SablonCalc_STORSI_VHF,,,348184
ideal.cxSistem,public,void,SablonCalc_STORSI_VHF_HL,,,349856
ideal.cxSistem,public,void,SablonCalc_STOSLOW,,,323148
ideal.cxSistem,public,void,SablonCalc_STOSLOW_ADX,,,333400
ideal.cxSistem,public,void,SablonCalc_STOSLOW_ADX_HL,,,336744
ideal.cxSistem,public,void,SablonCalc_STOSLOW_ADXsvy,,,335072
ideal.cxSistem,public,void,SablonCalc_STOSLOW_ADXsvy_HL,,,338416
ideal.cxSistem,public,void,SablonCalc_STOSLOW_DX,,,330056
ideal.cxSistem,public,void,SablonCalc_STOSLOW_DX_HL,,,331728
ideal.cxSistem,public,void,SablonCalc_STOSLOW_HL,,,325216
ideal.cxSistem,public,void,SablonCalc_STOSLOW_SD,,,340088
ideal.cxSistem,public,void,SablonCalc_STOSLOW_SD_HL,,,343432
ideal.cxSistem,public,void,SablonCalc_STOSLOW_SDsvy,,,341760
ideal.cxSistem,public,void,SablonCalc_STOSLOW_SDsvy_HL,,,345104
ideal.cxSistem,public,void,SablonCalc_STOSLOW_TOMA,,,326888
ideal.cxSistem,public,void,SablonCalc_STOSLOW_TOMA_HL,,,328472
ideal.cxSistem,public,void,SablonCalc_STOSLOW_TTI,,,350120
ideal.cxSistem,public,void,SablonCalc_STOSLOW_TTI_HL,,,351704
ideal.cxSistem,public,void,SablonCalc_STOSLOW_VHF,,,346776
ideal.cxSistem,public,void,SablonCalc_STOSLOW_VHF_HL,,,348448
ideal.cxSistem,public,void,SablonCalc_Sistem,,,322940
ideal.cxSistem,public,void,SablonCalc_TEMA,,,323588
ideal.cxSistem,public,void,SablonCalc_TEMA_ADX,,,333840
ideal.cxSistem,public,void,SablonCalc_TEMA_ADX_HL,,,337184
ideal.cxSistem,public,void,SablonCalc_TEMA_ADXsvy,,,335512
ideal.cxSistem,public,void,SablonCalc_TEMA_ADXsvy_HL,,,338856
ideal.cxSistem,public,void,SablonCalc_TEMA_DX,,,330496
ideal.cxSistem,public,void,SablonCalc_TEMA_DX_HL,,,332168
ideal.cxSistem,public,void,SablonCalc_TEMA_HL,,,325656
ideal.cxSistem,public,void,SablonCalc_TEMA_SD,,,340528
ideal.cxSistem,public,void,SablonCalc_TEMA_SD_HL,,,343872
ideal.cxSistem,public,void,SablonCalc_TEMA_SDsvy,,,342200
ideal.cxSistem,public,void,SablonCalc_TEMA_SDsvy_HL,,,345544
ideal.cxSistem,public,void,SablonCalc_TEMA_TOMA,,,327284
ideal.cxSistem,public,void,SablonCalc_TEMA_TOMA_HL,,,328868
ideal.cxSistem,public,void,SablonCalc_TEMA_TTI,,,350516
ideal.cxSistem,public,void,SablonCalc_TEMA_TTI_HL,,,352100
ideal.cxSistem,public,void,SablonCalc_TEMA_VHF,,,347216
ideal.cxSistem,public,void,SablonCalc_TEMA_VHF_HL,,,348888
ideal.cxSistem,public,void,SablonCalc_TKE,,,324072
ideal.cxSistem,public,void,SablonCalc_TKE_ADX,,,334324
ideal.cxSistem,public,void,SablonCalc_TKE_ADX_HL,,,337668
ideal.cxSistem,public,void,SablonCalc_TKE_ADXsvy,,,335996
ideal.cxSistem,public,void,SablonCalc_TKE_ADXsvy_HL,,,339340
ideal.cxSistem,public,void,SablonCalc_TKE_DX,,,330980
ideal.cxSistem,public,void,SablonCalc_TKE_DX_HL,,,332652
ideal.cxSistem,public,void,SablonCalc_TKE_HL,,,326140
ideal.cxSistem,public,void,SablonCalc_TKE_SD,,,341012
ideal.cxSistem,public,void,SablonCalc_TKE_SD_HL,,,344356
ideal.cxSistem,public,void,SablonCalc_TKE_SDsvy,,,342684
ideal.cxSistem,public,void,SablonCalc_TKE_SDsvy_HL,,,346028
ideal.cxSistem,public,void,SablonCalc_TKE_TOMA,,,327768
ideal.cxSistem,public,void,SablonCalc_TKE_TOMA_HL,,,329352
ideal.cxSistem,public,void,SablonCalc_TKE_TTI,,,351000
ideal.cxSistem,public,void,SablonCalc_TKE_TTI_HL,,,352584
ideal.cxSistem,public,void,SablonCalc_TKE_VHF,,,347700
ideal.cxSistem,public,void,SablonCalc_TKE_VHF_HL,,,349372
ideal.cxSistem,public,void,SablonCalc_TOMA,,,323280
ideal.cxSistem,public,void,SablonCalc_TOMA_ADX,,,333532
ideal.cxSistem,public,void,SablonCalc_TOMA_ADX_HL,,,336876
ideal.cxSistem,public,void,SablonCalc_TOMA_ADXsvy,,,335204
ideal.cxSistem,public,void,SablonCalc_TOMA_ADXsvy_HL,,,338548
ideal.cxSistem,public,void,SablonCalc_TOMA_DX,,,330188
ideal.cxSistem,public,void,SablonCalc_TOMA_DX_HL,,,331860
ideal.cxSistem,public,void,SablonCalc_TOMA_HL,,,325348
ideal.cxSistem,public,void,SablonCalc_TOMA_SD,,,340220
ideal.cxSistem,public,void,SablonCalc_TOMA_SD_HL,,,343564
ideal.cxSistem,public,void,SablonCalc_TOMA_SDsvy,,,341892
ideal.cxSistem,public,void,SablonCalc_TOMA_SDsvy_HL,,,345236
ideal.cxSistem,public,void,SablonCalc_TOMA_VHF,,,346908
ideal.cxSistem,public,void,SablonCalc_TOMA_VHF_HL,,,348580
ideal.cxSistem,public,void,SablonCalc_TRIX,,,323500
ideal.cxSistem,public,void,SablonCalc_TRIX_ADX,,,333752
ideal.cxSistem,public,void,SablonCalc_TRIX_ADX_HL,,,337096
ideal.cxSistem,public,void,SablonCalc_TRIX_ADXsvy,,,335424
ideal.cxSistem,public,void,SablonCalc_TRIX_ADXsvy_HL,,,338768
ideal.cxSistem,public,void,SablonCalc_TRIX_DX,,,330408
ideal.cxSistem,public,void,SablonCalc_TRIX_DX_HL,,,332080
ideal.cxSistem,public,void,SablonCalc_TRIX_HL,,,325568
ideal.cxSistem,public,void,SablonCalc_TRIX_SD,,,340440
ideal.cxSistem,public,void,SablonCalc_TRIX_SD_HL,,,343784
ideal.cxSistem,public,void,SablonCalc_TRIX_SDsvy,,,342112
ideal.cxSistem,public,void,SablonCalc_TRIX_SDsvy_HL,,,345456
ideal.cxSistem,public,void,SablonCalc_TRIX_TOMA,,,327196
ideal.cxSistem,public,void,SablonCalc_TRIX_TOMA_HL,,,328780
ideal.cxSistem,public,void,SablonCalc_TRIX_TTI,,,350428
ideal.cxSistem,public,void,SablonCalc_TRIX_TTI_HL,,,352012
ideal.cxSistem,public,void,SablonCalc_TRIX_VHF,,,347128
ideal.cxSistem,public,void,SablonCalc_TRIX_VHF_HL,,,348800
ideal.cxSistem,public,void,SablonCalc_TTI,,,324644
ideal.cxSistem,public,void,SablonCalc_TTI_ADX,,,334896
ideal.cxSistem,public,void,SablonCalc_TTI_ADX_HL,,,338240
ideal.cxSistem,public,void,SablonCalc_TTI_ADXsvy,,,336568
ideal.cxSistem,public,void,SablonCalc_TTI_ADXsvy_HL,,,339912
ideal.cxSistem,public,void,SablonCalc_TTI_DX,,,331552
ideal.cxSistem,public,void,SablonCalc_TTI_DX_HL,,,333224
ideal.cxSistem,public,void,SablonCalc_TTI_HL,,,326712
ideal.cxSistem,public,void,SablonCalc_TTI_SD,,,341584
ideal.cxSistem,public,void,SablonCalc_TTI_SD_HL,,,344928
ideal.cxSistem,public,void,SablonCalc_TTI_SDsvy,,,343256
ideal.cxSistem,public,void,SablonCalc_TTI_SDsvy_HL,,,346600
ideal.cxSistem,public,void,SablonCalc_TTI_VHF,,,348272
ideal.cxSistem,public,void,SablonCalc_TTI_VHF_HL,,,349944
ideal.cxSistem,public,void,SablonCalc_Tiberius1,,,324688
ideal.cxSistem,public,void,SablonCalc_TillsonFyt,,,324248
ideal.cxSistem,public,void,SablonCalc_TillsonFyt_ADX,,,334500
ideal.cxSistem,public,void,SablonCalc_TillsonFyt_ADX_HL,,,337844
ideal.cxSistem,public,void,SablonCalc_TillsonFyt_ADXsvy,,,336172
ideal.cxSistem,public,void,SablonCalc_TillsonFyt_ADXsvy_HL,,,339516
ideal.cxSistem,public,void,SablonCalc_TillsonFyt_DX,,,331156
ideal.cxSistem,public,void,SablonCalc_TillsonFyt_DX_HL,,,332828
ideal.cxSistem,public,void,SablonCalc_TillsonFyt_HL,,,326316
ideal.cxSistem,public,void,SablonCalc_TillsonFyt_SD,,,341188
ideal.cxSistem,public,void,SablonCalc_TillsonFyt_SD_HL,,,344532
ideal.cxSistem,public,void,SablonCalc_TillsonFyt_SDsvy,,,342860
ideal.cxSistem,public,void,SablonCalc_TillsonFyt_SDsvy_HL,,,346204
ideal.cxSistem,public,void,SablonCalc_TillsonFyt_TOMA,,,327944
ideal.cxSistem,public,void,SablonCalc_TillsonFyt_TOMA_HL,,,329528
ideal.cxSistem,public,void,SablonCalc_TillsonFyt_TTI,,,351176
ideal.cxSistem,public,void,SablonCalc_TillsonFyt_TTI_HL,,,352760
ideal.cxSistem,public,void,SablonCalc_TillsonFyt_VHF,,,347876
ideal.cxSistem,public,void,SablonCalc_TillsonFyt_VHF_HL,,,349548
ideal.cxSistem,public,void,SablonCalc_TimeSF,,,324028
ideal.cxSistem,public,void,SablonCalc_TimeSF_ADX,,,334280
ideal.cxSistem,public,void,SablonCalc_TimeSF_ADX_HL,,,337624
ideal.cxSistem,public,void,SablonCalc_TimeSF_ADXsvy,,,335952
ideal.cxSistem,public,void,SablonCalc_TimeSF_ADXsvy_HL,,,339296
ideal.cxSistem,public,void,SablonCalc_TimeSF_DX,,,330936
ideal.cxSistem,public,void,SablonCalc_TimeSF_DX_HL,,,332608
ideal.cxSistem,public,void,SablonCalc_TimeSF_HL,,,326096
ideal.cxSistem,public,void,SablonCalc_TimeSF_SD,,,340968
ideal.cxSistem,public,void,SablonCalc_TimeSF_SD_HL,,,344312
ideal.cxSistem,public,void,SablonCalc_TimeSF_SDsvy,,,342640
ideal.cxSistem,public,void,SablonCalc_TimeSF_SDsvy_HL,,,345984
ideal.cxSistem,public,void,SablonCalc_TimeSF_TOMA,,,327724
ideal.cxSistem,public,void,SablonCalc_TimeSF_TOMA_HL,,,329308
ideal.cxSistem,public,void,SablonCalc_TimeSF_TTI,,,350956
ideal.cxSistem,public,void,SablonCalc_TimeSF_TTI_HL,,,352540
ideal.cxSistem,public,void,SablonCalc_TimeSF_VHF,,,347656
ideal.cxSistem,public,void,SablonCalc_TimeSF_VHF_HL,,,349328
ideal.cxSistem,public,void,SablonCalc_TrendScore,,,323984
ideal.cxSistem,public,void,SablonCalc_TrendScore_ADX,,,334236
ideal.cxSistem,public,void,SablonCalc_TrendScore_ADX_HL,,,337580
ideal.cxSistem,public,void,SablonCalc_TrendScore_ADXsvy,,,335908
ideal.cxSistem,public,void,SablonCalc_TrendScore_ADXsvy_HL,,,339252
ideal.cxSistem,public,void,SablonCalc_TrendScore_DX,,,330892
ideal.cxSistem,public,void,SablonCalc_TrendScore_DX_HL,,,332564
ideal.cxSistem,public,void,SablonCalc_TrendScore_HL,,,326052
ideal.cxSistem,public,void,SablonCalc_TrendScore_SD,,,340924
ideal.cxSistem,public,void,SablonCalc_TrendScore_SD_HL,,,344268
ideal.cxSistem,public,void,SablonCalc_TrendScore_SDsvy,,,342596
ideal.cxSistem,public,void,SablonCalc_TrendScore_SDsvy_HL,,,345940
ideal.cxSistem,public,void,SablonCalc_TrendScore_TOMA,,,327680
ideal.cxSistem,public,void,SablonCalc_TrendScore_TOMA_HL,,,329264
ideal.cxSistem,public,void,SablonCalc_TrendScore_TTI,,,350912
ideal.cxSistem,public,void,SablonCalc_TrendScore_TTI_HL,,,352496
ideal.cxSistem,public,void,SablonCalc_TrendScore_VHF,,,347612
ideal.cxSistem,public,void,SablonCalc_TrendScore_VHF_HL,,,349284
ideal.cxSistem,public,void,SablonCalc_WR,,,323456
ideal.cxSistem,public,void,SablonCalc_WR_ADX,,,333708
ideal.cxSistem,public,void,SablonCalc_WR_ADX_HL,,,337052
ideal.cxSistem,public,void,SablonCalc_WR_ADXsvy,,,335380
ideal.cxSistem,public,void,SablonCalc_WR_ADXsvy_HL,,,338724
ideal.cxSistem,public,void,SablonCalc_WR_DX,,,330364
ideal.cxSistem,public,void,SablonCalc_WR_DX_HL,,,332036
ideal.cxSistem,public,void,SablonCalc_WR_HL,,,325524
ideal.cxSistem,public,void,SablonCalc_WR_SD,,,340396
ideal.cxSistem,public,void,SablonCalc_WR_SD_HL,,,343740
ideal.cxSistem,public,void,SablonCalc_WR_SDsvy,,,342068
ideal.cxSistem,public,void,SablonCalc_WR_SDsvy_HL,,,345412
ideal.cxSistem,public,void,SablonCalc_WR_TOMA,,,327152
ideal.cxSistem,public,void,SablonCalc_WR_TOMA_HL,,,328736
ideal.cxSistem,public,void,SablonCalc_WR_TTI,,,350384
ideal.cxSistem,public,void,SablonCalc_WR_TTI_HL,,,351968
ideal.cxSistem,public,void,SablonCalc_WR_VHF,,,347084
ideal.cxSistem,public,void,SablonCalc_WR_VHF_HL,,,348756
ideal.cxSistem,public,void,SablonOptimizasyon,,,322808
ideal.cxSistem,public,float,SatisFiyat,string,symbolX,371352
ideal.cxSistem,public,float,SatisLot,string,symbolX,371368
ideal.cxSistem,public,void,SayiTablosunuGuncelle,string; object,strX; sayiX,356380
ideal.cxSistem,public,valuetype System.Decimal,SayiTablosunuOku,string,strX,356412
ideal.cxSistem,public,float,SayiYuvarla,object; object,sayiX; stepX,356448
ideal.cxSistem,public,System.Collections.Generic.List`1<string>,SektorSembolleri,string,sektorKodu,359660
ideal.cxSistem,public,System.Collections.Generic.List`1<string>,SembolAdListesi,string; string,prefix; seri,359564
ideal.cxSistem,public,System.Collections.Generic.List`1<class ideal.cxTrade>,SembolIslemleriniOku,string; string,strX; dateX,356480
ideal.cxSistem,public,class ideal.cxBasic,SembolTanimla,string; int,symbolX; decpointX,356524
ideal.cxSistem,public,System.Collections.Generic.List`1<class ideal.cxBasic>,SembolVeriListesi,string; string,prefix; seri,359596
ideal.cxSistem,public,void,Serialize,class ideal.cxSistem,itemX,373544
ideal.cxSistem,public,void,Ses,,,356556
ideal.cxSistem,public,void,Ses,string,filenameX,356588
ideal.cxSistem,public,void,SetErrorMessage,string,errorcodeX,356620
ideal.cxSistem,public,void,ShowArbitraj1,,,373940
ideal.cxSistem,public,void,ShowCompare,,,373588
ideal.cxSistem,public,void,ShowDefinitions,,,373620
ideal.cxSistem,public,void,ShowGridBot,,,373812
ideal.cxSistem,public,void,ShowMulti,,,373652
ideal.cxSistem,public,void,ShowPacalBot,,,373908
ideal.cxSistem,public,void,ShowPerformance,,,373684
ideal.cxSistem,public,void,ShowPerformance,string; string; string,sistemnameX; symbolX; periodX,373716
ideal.cxSistem,public,void,ShowPosition,,,373748
ideal.cxSistem,public,void,ShowSablonRobot,,,373780
ideal.cxSistem,public,void,ShowTrendBot,,,373844
ideal.cxSistem,public,void,ShowTwap,,,373972
ideal.cxSistem,public,void,ShowYatayBot,,,373876
ideal.cxSistem,public,void,SistemBirlestir,object[],sistemler,356692
ideal.cxSistem,public,void,SistemBirlestirAyniYon,object[],sistemler,356736
ideal.cxSistem,public,class ideal.cxSistem,SistemGetir,string; string; string,sistemnameX; sembolX; periyotX,356628
ideal.cxSistem,public,class ideal.cxSistem,SistemGetir,string; System.Collections.Generic.List`1<class ideal.cxBar>,sistemnameX; V,356660
ideal.cxSistem,public,float,SonFiyat,string,symbolX,371272
ideal.cxSistem,public,float,SonHacim,string,symbolX,371304
ideal.cxSistem,public,float,SonLot,string,symbolX,371288
ideal.cxSistem,public,string,SonYonGetir,string; string; string,sistemnameX; bazsembolX; periyotX,357768
ideal.cxSistem,public,string,SonYonGetirCanli,string; string; string,sistemnameX; bazsembolX; periyotX,357800
ideal.cxSistem,public,void,SorguEkle,,,356780
ideal.cxSistem,public,valuetype System.Drawing.Color,SorguSicaklikRengi,object; object; object,deger; min; max,356812
ideal.cxSistem,public,void,SozcukTablosunuGuncelle,string; object,strX; dataX,356860
ideal.cxSistem,public,string,SozcukTablosunuOku,string,strX,356892
ideal.cxSistem,public,System.Collections.Generic.List`1<float>,StDev,object,periodX,356924
ideal.cxSistem,public,System.Collections.Generic.List`1<float>,StDev,System.Collections.Generic.List`1<float>; int,dataListX; periodX,356956
ideal.cxSistem,public,System.Collections.Generic.List`1<float>,StDev,object; object,periodX; deviationX,368616
ideal.cxSistem,public,System.Collections.Generic.List`1<float>,StDev,System.Collections.Generic.List`1<class ideal.cxBar>; object; object,barsX; periodX; deviationX,368648
ideal.cxSistem,public,float,StDevDeger,System.Collections.Generic.List`1<float>,list,356988
ideal.cxSistem,public,System.Collections.Generic.List`1<float>,StEr,object,periodX,368680
ideal.cxSistem,public,System.Collections.Generic.List`1<float>,StEr,System.Collections.Generic.List`1<class ideal.cxBar>; object,barsX; periodX,368712
ideal.cxSistem,public,System.Collections.Generic.List`1<float>,StErDown,object; object; object; object,periodX; deviationX; avrmethodX; avrperiodX,363088
ideal.cxSistem,public,System.Collections.Generic.List`1<float>,StErDown,System.Collections.Generic.List`1<class ideal.cxBar>; object; object; object; object,barsX; periodX; deviationX; avrmethodX; avrperiodX,363120
ideal.cxSistem,public,System.Collections.Generic.List`1<float>,StErMid,object; object; object; object,periodX; deviationX; avrmethodX; avrperiodX,362960
ideal.cxSistem,public,System.Collections.Generic.List`1<float>,StErMid,System.Collections.Generic.List`1<class ideal.cxBar>; object; object; object; object,barsX; periodX; deviationX; avrmethodX; avrperiodX,362992
ideal.cxSistem,public,System.Collections.Generic.List`1<float>,StErUp,object; object; object; object,periodX; deviationX; avrmethodX; avrperiodX,363024
ideal.cxSistem,public,System.Collections.Generic.List`1<float>,StErUp,System.Collections.Generic.List`1<class ideal.cxBar>; object; object; object; object,barsX; periodX; deviationX; avrmethodX; avrperiodX,363056
ideal.cxSistem,public,System.Collections.Generic.List`1<float>,StochasticFast,object; object,period1X; period2X,368904
ideal.cxSistem,public,System.Collections.Generic.List`1<float>,StochasticFast,System.Collections.Generic.List`1<class ideal.cxBar>; object; object,barsX; period1X; period2X,368936
ideal.cxSistem,public,System.Collections.Generic.List`1<float>,StochasticMomIndex,object; object; object,period1X; period2X; period3X,368744
ideal.cxSistem,public,System.Collections.Generic.List`1<float>,StochasticMomIndex,System.Collections.Generic.List`1<class ideal.cxBar>; object; object; object,barsX; period1X; period2X; period3X,368776
ideal.cxSistem,public,System.Collections.Generic.List`1<float>,StochasticMomIndex,System.Collections.Generic.List`1<float>; object; object; object,datalistX; period1X; period2X; period3X,368808
ideal.cxSistem,public,System.Collections.Generic.List`1<float>,StochasticOsc,object; object,period1X; period2X,368840
ideal.cxSistem,public,System.Collections.Generic.List`1<float>,StochasticOsc,System.Collections.Generic.List`1<class ideal.cxBar>; object; object,barsX; period1X; period2X,368872
ideal.cxSistem,public,System.Collections.Generic.List`1<float>,StochasticRSI,object,period1X,369032
ideal.cxSistem,public,System.Collections.Generic.List`1<float>,StochasticRSI,System.Collections.Generic.List`1<class ideal.cxBar>; object,barsX; periodX,369064
ideal.cxSistem,public,System.Collections.Generic.List`1<float>,StochasticRSI,System.Collections.Generic.List`1<float>; object,datalistX; periodX,369096
ideal.cxSistem,public,System.Collections.Generic.List`1<float>,StochasticSlow,object; object,period1X; period2X,368968
ideal.cxSistem,public,System.Collections.Generic.List`1<float>,StochasticSlow,System.Collections.Generic.List`1<class ideal.cxBar>; object; object,barsX; period1X; period2X,369000
ideal.cxSistem,public,void,StopVeyaKarFlatPuan,object; object,puanstopX; puankarX,357064
ideal.cxSistem,public,void,StopVeyaKarFlatYuzde,object; object,yuzdestopX; yuzdekarX,357020
ideal.cxSistem,public,float,Sum,System.Collections.Generic.List`1<float>,listX,360664
ideal.cxSistem,public,System.Collections.Generic.List`1<float>,Sum,System.Collections.Generic.List`1<float>; object,listX; periodX,360696
ideal.cxSistem,public,System.Collections.Generic.List`1<float>,SuperTrend,object; object; object,FactorX; PdX; Pd1X,358572
ideal.cxSistem,public,System.Collections.Generic.List`1<float>,SuperTrend,System.Collections.Generic.List`1<class ideal.cxBar>; object; object; object,bars; FactorX; PdX; Pd1X,358616
ideal.cxSistem,public,System.Collections.Generic.List`1<float>,SwingIndex,object,periodX,369128
ideal.cxSistem,public,System.Collections.Generic.List`1<float>,SwingIndex,System.Collections.Generic.List`1<class ideal.cxBar>; object,barsX; periodX,369160
ideal.cxSistem,public,System.Collections.Generic.List`1<float>,TEMA,object,periodX,363152
ideal.cxSistem,public,System.Collections.Generic.List`1<float>,TEMA,System.Collections.Generic.List`1<class ideal.cxBar>; object,barsX; periodX,363184
ideal.cxSistem,public,System.Collections.Generic.List`1<float>,TEMA,System.Collections.Generic.List`1<float>; object,datalistX; periodX,363216
ideal.cxSistem,public,System.Collections.Generic.List`1<float>,TKE,,,369192
ideal.cxSistem,public,System.Collections.Generic.List`1<float>,TKE,System.Collections.Generic.List`1<class ideal.cxBar>,barsX,369224
ideal.cxSistem,public,System.Collections.Generic.List`1<float>,TOMA,object; object,periodX; percentX,363344
ideal.cxSistem,public,System.Collections.Generic.List`1<float>,TOMA,System.Collections.Generic.List`1<class ideal.cxBar>; object; object,barsX; periodX; percentX,363376
ideal.cxSistem,public,System.Collections.Generic.List`1<float>,TOMA,System.Collections.Generic.List`1<float>; object; object,datalistX; periodX; percentX,363408
ideal.cxSistem,public,System.Collections.Generic.List`1<float>,TOMA,object; object; object,periodX; percentX; methodX,363440
ideal.cxSistem,public,System.Collections.Generic.List`1<float>,TOMA,System.Collections.Generic.List`1<class ideal.cxBar>; object; object; object,barsX; periodX; percentX; methodX,363472
ideal.cxSistem,public,System.Collections.Generic.List`1<float>,TOMA,System.Collections.Generic.List`1<float>; object; object; object,datalistX; periodX; percentX; methodX,363504
ideal.cxSistem,public,System.Collections.Generic.List`1<float>,TOMAPUAN,object; object,periodX; percentX,363632
ideal.cxSistem,public,System.Collections.Generic.List`1<float>,TOMAPUAN,System.Collections.Generic.List`1<class ideal.cxBar>; object; object,barsX; periodX; percentX,363664
ideal.cxSistem,public,System.Collections.Generic.List`1<float>,TOMAPUAN,System.Collections.Generic.List`1<float>; object; object,datalistX; periodX; percentX,363696
ideal.cxSistem,public,System.Collections.Generic.List`1<float>,TOMAS,object; object,periodX; percentX,363536
ideal.cxSistem,public,System.Collections.Generic.List`1<float>,TOMAS,System.Collections.Generic.List`1<class ideal.cxBar>; object; object,barsX; periodX; percentX,363568
ideal.cxSistem,public,System.Collections.Generic.List`1<float>,TOMAS,System.Collections.Generic.List`1<float>; object; object,datalistX; periodX; percentX,363600
ideal.cxSistem,public,System.Collections.Generic.List`1<float>,TRIX,object,periodX,369256
ideal.cxSistem,public,System.Collections.Generic.List`1<float>,TRIX,System.Collections.Generic.List`1<class ideal.cxBar>; object,barsX; periodX,369320
ideal.cxSistem,public,System.Collections.Generic.List`1<float>,TRIX,System.Collections.Generic.List`1<float>; object,datalistX; periodX,369352
ideal.cxSistem,public,System.Collections.Generic.List`1<float>,TTI,object; object,periodX; percentX,370984
ideal.cxSistem,public,System.Collections.Generic.List`1<float>,TTI,object; object; object,periodX; percentX; methodX,371016
ideal.cxSistem,public,System.Collections.Generic.List`1<float>,TTI,System.Collections.Generic.List`1<class ideal.cxBar>; object; object; object,barsX; periodX; percentX; methodX,371048
ideal.cxSistem,public,System.Collections.Generic.List`1<float>,TTI,System.Collections.Generic.List`1<float>; object; object; object,datalistX; periodX; percentX; methodX,371080
ideal.cxSistem,public,float,Taban,string,symbolX,371400
ideal.cxSistem,public,void,Tablo,string; int; int; int; int; int; int; int[]; int[]; string[],namex; leftx; topx; widthx; heightx; columncountx; rowcountx; sutunwidthx; sutunalignx; sutunbaslikx,357108
ideal.cxSistem,public,void,Tablo,string; int; int; int; int; int; int; int[]; int[]; string[]; int; float,namex; leftx; topx; widthx; heightx; columncountx; rowcountx; sutunwidthx; sutunalignx; sutunbaslikx; baslikvisiblex; fontsizex,357140
ideal.cxSistem,public,void,TabloTemizle,string,namex,357236
ideal.cxSistem,public,void,TabloToHtml,string; string,namex; filenameX,357268
ideal.cxSistem,public,void,TabloYazdir,string; int; int; string,namex; columnnox; rownox; strx,357172
ideal.cxSistem,public,void,TabloYazdir,string; int; int; string; valuetype System.Drawing.Color; valuetype System.Drawing.Color,namex; columnnox; rownox; strx; backcolorx; forecolorx,357204
ideal.cxSistem,public,void,TakasHesapla,System.Collections.Generic.List`1<class ideal.cxBar>; string; int,barsX; sembolx; countx,357348
ideal.cxSistem,public,bool,TarihAraligi,string; string,date1X; date2X,357316
ideal.cxSistem,public,float,Tavan,string,symbolX,371384
ideal.cxSistem,public,void,Telegram,long; string,chatId; message,357392
ideal.cxSistem,public,void,Test,class ideal.cxSistem,Sistem,359916
ideal.cxSistem,public,System.Collections.Generic.List`1<float>,TillsonT3,object; object,periodX; CarpanX,358836
ideal.cxSistem,public,System.Collections.Generic.List`1<float>,TillsonT3,System.Collections.Generic.List`1<float>; object; object,datalistX; periodX; CarpanX,358880
ideal.cxSistem,public,System.Collections.Generic.List`1<float>,TimeSeriesForecast,object,periodX,363248
ideal.cxSistem,public,System.Collections.Generic.List`1<float>,TimeSeriesForecast,System.Collections.Generic.List`1<class ideal.cxBar>; object,barsX; periodX,363280
ideal.cxSistem,public,System.Collections.Generic.List`1<float>,TimeSeriesForecast,System.Collections.Generic.List`1<float>; object,datalist; periodX,363312
ideal.cxSistem,public,bool,TrendAsagiKirilirsa,string; string; string; object; string; object,symbolX; periodX; date1X; value1X; date2X; value2X,357424
ideal.cxSistem,public,System.Collections.Generic.List`1<float>,TrendCiz,valuetype System.DateTime; object; valuetype System.DateTime; object,date1X; value1X; date2X; value2X,358176
ideal.cxSistem,public,string,TrendKontrol,string; valuetype System.Decimal&,strX; degerX,358308
ideal.cxSistem,public,System.Collections.Generic.List`1<float>,TrendParalelCiz,System.Collections.Generic.List`1<float>; valuetype System.DateTime; valuetype System.DateTime,trendlineX; date1X; date2X,358220
ideal.cxSistem,public,System.Collections.Generic.List`1<float>,TrendParalelCiz,System.Collections.Generic.List`1<float>,trendlineX,358264
ideal.cxSistem,public,System.Collections.Generic.List`1<float>,TrendScore,object,periodX,368200
ideal.cxSistem,public,System.Collections.Generic.List`1<float>,TrendScore,System.Collections.Generic.List`1<class ideal.cxBar>; object,barsX; periodX,368232
ideal.cxSistem,public,System.Collections.Generic.List`1<float>,TrendScore,System.Collections.Generic.List`1<float>; object,datalistX; periodX,368264
ideal.cxSistem,public,bool,TrendYukariKirilirsa,string; string; string; object; string; object,symbolX; periodX; date1X; value1X; date2X; value2X,357468
ideal.cxSistem,public,System.Collections.Generic.List`1<float>,TypicalPrice,,,363824
ideal.cxSistem,public,System.Collections.Generic.List`1<float>,TypicalPrice,System.Collections.Generic.List`1<class ideal.cxBar>,barsX,363856
ideal.cxSistem,public,void,UcgenCiz,int; int; object; int; object; int; object; valuetype System.Drawing.Color; int; int; valuetype System.Drawing.Color; int; valuetype System.Drawing.Color,panel; bar1; fiyat1; bar2; fiyat2; bar3; fiyat3; framecolor; width; fillbool; fillcolor; noktabool; noktacolor,359500
ideal.cxSistem,public,System.Collections.Generic.List`1<float>,UltimateOsc,object; object; object,period1X; period2X; period3X,369384
ideal.cxSistem,public,System.Collections.Generic.List`1<float>,UltimateOsc,System.Collections.Generic.List`1<class ideal.cxBar>; object; object; object,barsX; period1X; period2X; period3X,369416
ideal.cxSistem,public,System.Collections.Generic.List`1<float>,VIDYA,object; object,mX; nX,370512
ideal.cxSistem,public,System.Collections.Generic.List`1<float>,VIDYA,System.Collections.Generic.List`1<class ideal.cxBar>; object; object,barsX; mX; nX,370556
ideal.cxSistem,public,System.Collections.Generic.List`1<float>,VerticalHorizontalFilter,object,periodX,369448
ideal.cxSistem,public,System.Collections.Generic.List`1<float>,VerticalHorizontalFilter,System.Collections.Generic.List`1<class ideal.cxBar>; object,barsX; periodX,369480
ideal.cxSistem,public,class ViopRobotHesapClass,ViopHesapOku,,,322416
ideal.cxSistem,public,class ViopRobotHesapClass,ViopHesapOku,int,delaytime,322448
ideal.cxSistem,public,System.Collections.Generic.List`1<class ideal.cxTrade>,ViopIslemleriniOku,,,358056
ideal.cxSistem,public,int,ViopPozisyon,object; string,listeX; sembolX,322512
ideal.cxSistem,public,class ViopRobotHesapClass,ViopPozisyonlar,int,delaytime,322480
ideal.cxSistem,public,System.Collections.Generic.List`1<float>,Volume,,,369512
ideal.cxSistem,public,System.Collections.Generic.List`1<float>,Volume,System.Collections.Generic.List`1<class ideal.cxBar>,barsX,369544
ideal.cxSistem,public,System.Collections.Generic.List`1<float>,VolumeOscPercent,object; object; object,period1X; period2X; avrmethodX,369576
ideal.cxSistem,public,System.Collections.Generic.List`1<float>,VolumeOscPercent,System.Collections.Generic.List`1<class ideal.cxBar>; object; object; object,barsX; period1X; period2X; avrmethodX,369608
ideal.cxSistem,public,System.Collections.Generic.List`1<float>,VolumeOscPoint,object; object; object,period1X; period2X; avrmethodX,369640
ideal.cxSistem,public,System.Collections.Generic.List`1<float>,VolumeOscPoint,System.Collections.Generic.List`1<class ideal.cxBar>; object; object; object,barsX; period1X; period2X; avrmethodX,369672
ideal.cxSistem,public,System.Collections.Generic.List`1<float>,VolumeSymbolPercent,string,sembolx,369704
ideal.cxSistem,public,System.Collections.Generic.List`1<float>,VortexMinus,object,periodX,369736
ideal.cxSistem,public,System.Collections.Generic.List`1<float>,VortexMinus,System.Collections.Generic.List`1<class ideal.cxBar>; object,bars; periodX,369780
ideal.cxSistem,public,System.Collections.Generic.List`1<float>,VortexPlus,object,periodX,369824
ideal.cxSistem,public,System.Collections.Generic.List`1<float>,VortexPlus,System.Collections.Generic.List`1<class ideal.cxBar>; object,bars; periodX,369868
ideal.cxSistem,public,System.Collections.Generic.List`1<float>,WeightedClose,,,363888
ideal.cxSistem,public,System.Collections.Generic.List`1<float>,WeightedClose,System.Collections.Generic.List`1<class ideal.cxBar>,barsX,363920
ideal.cxSistem,public,System.Collections.Generic.List`1<float>,WilliamsAccDist,,,369912
ideal.cxSistem,public,System.Collections.Generic.List`1<float>,WilliamsAccDist,System.Collections.Generic.List`1<class ideal.cxBar>,barsX,369944
ideal.cxSistem,public,System.Collections.Generic.List`1<float>,WilliamsR,object,periodX,369976
ideal.cxSistem,public,System.Collections.Generic.List`1<float>,WilliamsR,System.Collections.Generic.List`1<class ideal.cxBar>; object,barsX; periodX,370008
ideal.cxSistem,public,System.Collections.Generic.List`1<float>,WilliamsR,System.Collections.Generic.List`1<float>; object,datalistX; periodX,370040
ideal.cxSistem,public,void,YayCiz,int; int; object; int; object; int; object; valuetype System.Drawing.Color; int; int; valuetype System.Drawing.Color; int; valuetype System.Drawing.Color,panel; bar1; fiyat1; bar2; fiyat2; bar3; fiyat3; framecolor; width; fillbool; fillcolor; noktabool; noktacolor,359372
ideal.cxSistem,public,void,YayCiz4,int; int; object; int; object; int; object; int; object; valuetype System.Drawing.Color; int; int; valuetype System.Drawing.Color; int; valuetype System.Drawing.Color,panel; bar1; fiyat1; bar2; fiyat2; bar3; fiyat3; bar4; fiyat4; framecolor; width; fillbool; fillcolor; noktabool; noktacolor,359404
ideal.cxSistem,public,void,YaziEkle,string; int; int; float; valuetype System.Drawing.Color; string; int,strX; panelX; barnoX; pricelevelX; forecolorX; fontnameX; fontsizeX,357512
ideal.cxSistem,public,class System.Drawing.Font,YaziTipi,string; int,fontnameX; fontsizeX,357544
ideal.cxSistem,public,bool,YukariKestiyse,System.Collections.Generic.List`1<float>; System.Collections.Generic.List`1<float>,list1X; list2X,357576
ideal.cxSistem,public,bool,YukariKestiyse,System.Collections.Generic.List`1<float>; object,list1X; sabitX,357608
ideal.cxSistem,public,float,YuksekAltiAy,string,symbolX,371528
ideal.cxSistem,public,float,YuksekBirAy,string,symbolX,371496
ideal.cxSistem,public,float,YuksekBirHafta,string,symbolX,371464
ideal.cxSistem,public,float,YuksekBirYil,string,symbolX,371560
ideal.cxSistem,public,float,YuksekBuAy,string,symbolX,371480
ideal.cxSistem,public,float,YuksekBuHafta,string,symbolX,371448
ideal.cxSistem,public,float,YuksekBuYil,string,symbolX,371544
ideal.cxSistem,public,float,YuksekGun,string,symbolX,371432
ideal.cxSistem,public,float,YuksekSeans,string,symbolX,371416
ideal.cxSistem,public,float,YuksekUcAy,string,symbolX,371512
ideal.cxSistem,public,float,YuzdeAltiAy,string,symbolX,372168
ideal.cxSistem,public,float,YuzdeBirAy,string,symbolX,372136
ideal.cxSistem,public,float,YuzdeBirHafta,string,symbolX,372104
ideal.cxSistem,public,float,YuzdeBirYil,string,symbolX,372200
ideal.cxSistem,public,float,YuzdeBuAy,string,symbolX,372120
ideal.cxSistem,public,float,YuzdeBuHafta,string,symbolX,372088
ideal.cxSistem,public,float,YuzdeBuYil,string,symbolX,372184
ideal.cxSistem,public,float,YuzdeGun,string,symbolX,372072
ideal.cxSistem,public,float,YuzdeSeans,string,symbolX,372056
ideal.cxSistem,public,float,YuzdeUcAy,string,symbolX,372152
ideal.cxSistem,public,void,YuzeyselGuncelle,class ideal.cxBasic,itemX,357640
ideal.cxSistem,public,System.Collections.Generic.List`1<class ideal.cxBasic>,YuzeyselListeGetir,string,kriterX,357704
ideal.cxSistem,public,class ideal.cxBasic,YuzeyselVeriOku,string,symbolX,357672
ideal.cxSistem,public,long,ZamanKontrolDakika,string,strX,322384
ideal.cxSistem,public,void,ZamanKontrolGuncelle,string,strX,322320
ideal.cxSistem,public,long,ZamanKontrolSaniye,string,strX,322352
ideal.cxSistem,public,void,ZeminYazisiEkle,string; int; int; int; valuetype System.Drawing.Color; string; int,strX; panelX; horizontalX; verticalX; colorX; fontnameX; fontsizeX,357736
ideal.cxSistem,public,class ideal.ZigZagClass,ZigZagPeakThrough,System.Collections.Generic.List`1<float>; object; object,datalistX; periodX; sayiX,370688
ideal.cxSistem,public,System.Collections.Generic.List`1<float>,ZigZagPercent,object,periodX,363952
ideal.cxSistem,public,System.Collections.Generic.List`1<float>,ZigZagPercent,System.Collections.Generic.List`1<class ideal.cxBar>; object,barsX; periodX,363984
ideal.cxSistem,public,System.Collections.Generic.List`1<float>,ZigZagPercent,System.Collections.Generic.List`1<float>; object,datalistX; periodX,364016
ideal.cxSistem,public,System.Collections.Generic.List`1<float>,ZigZagPoint,object,periodX,364048
ideal.cxSistem,public,System.Collections.Generic.List`1<float>,ZigZagPoint,System.Collections.Generic.List`1<class ideal.cxBar>; object,barsX; periodX,364080
ideal.cxSistem,public,System.Collections.Generic.List`1<float>,ZigZagPoint,System.Collections.Generic.List`1<float>; object,datalistX; periodX,364112
ideal.cxSistem,public,System.Collections.Generic.List`1<float>,Zirve,object,periodX,370940
ideal.cxSistem,public,string,get_AktifDolarKontrat,,,353380
ideal.cxSistem,public,string,get_AktifEuroKontrat,,,353396
ideal.cxSistem,public,string,get_AktifViopKontrat,,,353364
ideal.cxSistem,public,bool,get_BaglantiVar,,,353476
ideal.cxSistem,public,bool,get_HaftaSonu,,,354580
ideal.cxSistem,public,string,get_Saat,,,356332
ideal.cxSistem,public,string,get_Tarih,,,357300
ideal.cxSistemLineRecord,public,void,.ctor,,,77736
ideal.cxTakasGroups,public,void,AddItem,string; string,xKey; xData,52908
ideal.cxTakasGroups,public,string[],GetBrokerArray,string,xGroup,53176
ideal.cxTakasGroups,public,"System.Collections.Generic.Dictionary`2<string, string>",GetBrokerDictionary,string,grupX,53144
ideal.cxTakasGroups,public,string,GetItem,string,xKey,52940
ideal.cxTakasGroups,public,string,GetKey,string,xValue,53068
ideal.cxTakasGroups,public,string[],GetKeyArray,,,53112
ideal.cxTakasGroups,public,double,GetStockGrupDateTakas,"string; System.Collections.Generic.Dictionary`2<string, bool>&; string",stockX; brokersX; dateX,53208
ideal.cxTakasGroups,public,void,ReadItems,,,53004
ideal.cxTakasGroups,public,void,RemoveItem,string,xKey,52972
ideal.cxTakasGroups,public,void,WriteItems,,,53036
ideal.cxTime,public,void,ReadPriceEarning,,,53732
ideal.cxTrendAlarm,public,System.Collections.Generic.List`1<class ideal.cxIndicator>,GetIndicator,,,55772
ideal.cxTurib,public,double,get_BasePrice,,,56824
ideal.cxTurib,public,double,get_EndTickPriceRange,,,57320
ideal.cxTurib,public,double,get_HighLimitPrice,,,56744
ideal.cxTurib,public,double,get_LowLimitPrice,,,56728
ideal.cxTurib,public,string,get_OrderAttributeCode,,,57080
ideal.cxTurib,public,int,get_PriceDecimal,,,57048
ideal.cxTurib,public,double,get_StartTickPriceRange,,,57304
ideal.cxTurib,public,double,get_TradingReferencePrice,,,56760
ideal.cxTurib,public,void,set_BasePrice,double,value,56832
ideal.cxTurib,public,void,set_EndTickPriceRange,double,value,57328
ideal.cxTurib,public,void,set_HighLimitPrice,double,value,56752
ideal.cxTurib,public,void,set_LowLimitPrice,double,value,56736
ideal.cxTurib,public,void,set_OrderAttributeCode,string,value,57088
ideal.cxTurib,public,void,set_PriceDecimal,int,value,57056
ideal.cxTurib,public,void,set_StartTickPriceRange,double,value,57312
ideal.cxTurib,public,void,set_TradingReferencePrice,double,value,56768
ideal.cxVipOrder,public,void,.ctor,,,50952
ideal.cxVipOrder,public,System.Collections.Generic.List`1<class DistributionRecord>,GetDistributionList,int; valuetype System.DateTime; string; string,statusX; dateX; stockX; brokerX,50860
ideal.formAKDDosyaDuzenle,public,void,ChangeBISTSembol,int; int,eskikodid; yenikodid,130044
ideal.formAcSatKapaImkbOrder,public,void,.ctor,,,266064
ideal.formAcSatKapaImkbOrder,family,void,Dispose,bool,disposing,266184
ideal.formAccounts,public,void,.ctor,,,319164
ideal.formAccounts,family,void,Dispose,bool,disposing,319500
ideal.formAccounts,public,void,NotBinance,,,319392
ideal.formAlanSatanChart,public,void,.ctor,,,232492
ideal.formAlanSatanChart,public,void,DisplayData,string,sembol,233260
ideal.formAlanSatanChart,family,void,Dispose,bool,disposing,233480
ideal.formAlgoArbitrajEkle,public,void,SetPricePopup,valuetype System.Decimal,priceX,81884
ideal.formAmendImkbOrder,public,void,.ctor,,,266228
ideal.formAmendImkbOrder,family,void,Dispose,bool,disposing,266348
ideal.formAmendImkbStock,public,void,.ctor,,,380196
ideal.formAmendImkbStock,family,void,Dispose,bool,disposing,380424
ideal.formAmendVipStocks,public,void,.ctor,,,222852
ideal.formAmendVipStocks,family,void,Dispose,bool,disposing,223164
ideal.formArbitraj1Ekle,public,void,SetPricePopup,valuetype System.Decimal,priceX,138740
ideal.formBakiyeGrafik,public,void,.ctor,,,162124
ideal.formBakiyeGrafik,family,void,Dispose,bool,disposing,162664
ideal.formBakiyeGrafik,public,void,ShowForm,,,162620
ideal.formBinanceChartDownload,public,void,.ctor,,,200808
ideal.formBinanceChartDownload,family,void,Dispose,bool,disposing,201076
ideal.formBirimGrafikSplit,public,void,.ctor,string,sembolx,222660
ideal.formBirimGrafikSplit,family,void,Dispose,bool,disposing,222808
ideal.formBistUyari,public,void,.ctor,,,291460
ideal.formBistUyari,family,void,Dispose,bool,disposing,291508
ideal.formBmc,public,void,ChangeSistem,string; string,sistemnameX; senderIDX,178716
ideal.formBookImkb,public,void,.ctor,int; int; class Trade,leftX; topX; pageparamsX,388056
ideal.formBookImkb,public,void,ChangeColors,class ideal.cxColorEditor,coloritemX,389996
ideal.formBookImkb,public,byte[],ConvertPageToByteArray,,,390064
ideal.formBookImkb,family,void,Dispose,bool,disposing,390300
ideal.formBookImkb,family,void,OnPaintBackground,class System.Windows.Forms.PaintEventArgs,pevent,388468
ideal.formBookImkb,family,bool,ProcessCmdKey,valuetype System.Windows.Forms.Message&; valuetype System.Windows.Forms.Keys,msg; keyData,388424
ideal.formBookImkb,public,void,ProcessMenuMessage,string,messageX,390108
ideal.formBookVip,public,void,.ctor,int; int; class Trade,leftX; topX; pageparamsX,272276
ideal.formBookVip,public,void,ChangeColors,class ideal.cxColorEditor,coloritemX,274260
ideal.formBookVip,public,byte[],ConvertPageToByteArray,,,274328
ideal.formBookVip,family,void,Dispose,bool,disposing,274704
ideal.formBookVip,family,void,OnPaintBackground,class System.Windows.Forms.PaintEventArgs,pevent,272688
ideal.formBookVip,family,bool,ProcessCmdKey,valuetype System.Windows.Forms.Message&; valuetype System.Windows.Forms.Keys,msg; keyData,272644
ideal.formBookVip,public,void,ProcessMenuMessage,string,messageX,274372
ideal.formBrutTakas,public,void,.ctor,,,290836
ideal.formBrutTakas,family,void,Dispose,bool,disposing,291008
ideal.formBrutTakasRiskUyari,public,void,.ctor,,,187804
ideal.formBrutTakasRiskUyari,family,void,Dispose,bool,disposing,187984
ideal.formBuySellCripto,public,void,EditOrder,,,189600
ideal.formBuySellCriptoFuture,public,void,EditOrder,,,191492
ideal.formBuySellImkb1,public,void,.ctor,int; int; class BuySell,leftX; topX; pageparamsX,386816
ideal.formBuySellImkb1,public,byte[],ConvertPageToByteArray,,,387884
ideal.formBuySellImkb1,family,void,Dispose,bool,disposing,388004
ideal.formBuySellImkb1,public,void,EditReadyOrder,,,387928
ideal.formBuySellImkb1,public,class BuySellRecord,PrepareBuySell,bool,showmessageboxX,387960
ideal.formBuySellImkb2,public,void,.ctor,int; int; class BuySell,leftX; topX; pageparamsX,383092
ideal.formBuySellImkb2,public,byte[],ConvertPageToByteArray,,,384516
ideal.formBuySellImkb2,family,void,Dispose,bool,disposing,384628
ideal.formBuySellImkb3,public,void,.ctor,int; int; class BuySell,leftX; topX; pageparamsX,283692
ideal.formBuySellImkb3,public,byte[],ConvertPageToByteArray,,,285596
ideal.formBuySellImkb3,family,void,Dispose,bool,disposing,285808
ideal.formBuySellImkb3,public,void,EditOrder,,,285640
ideal.formBuySellImkb3,public,class BuySellRecord,PrepareBuySell,bool,showmessageboxX,285672
ideal.formBuySellImkb4,public,void,.ctor,int; int; class BuySell,leftX; topX; pageparamsX,267228
ideal.formBuySellImkb4,public,byte[],ConvertPageToByteArray,,,268856
ideal.formBuySellImkb4,family,void,Dispose,bool,disposing,269108
ideal.formBuySellNFT,public,void,EditOrder,,,193540
ideal.formBuySellVip,public,void,.ctor,int; int; class BuySell,leftX; topX; pageparamsX,314296
ideal.formBuySellVip,public,byte[],ConvertPageToByteArray,,,315404
ideal.formBuySellVip,family,void,Dispose,bool,disposing,315540
ideal.formBuySellVip,public,void,ImproveOrder,,,315448
ideal.formBuySellVip,public,class BuySellRecord,PrepareBuySell,bool,showmessageboxX,315480
ideal.formCancelImkb,public,void,.ctor,int; int; class ImkbOrderRecord,leftX; topX; orderX,319544
ideal.formCancelImkb,family,void,Dispose,bool,disposing,319832
ideal.formCancelMultiImkb,public,void,.ctor,int; int; System.Collections.Generic.List`1<class ImkbOrderRecord>,leftX; topX; orderlistX,321300
ideal.formCancelMultiImkb,family,void,Dispose,bool,disposing,321600
ideal.formCancelMultiVip,public,void,.ctor,int; int; System.Collections.Generic.List`1<class VipOrderRecord>,leftX; topX; orderlistX,194500
ideal.formCancelMultiVip,family,void,Dispose,bool,disposing,194800
ideal.formCancelVip,public,void,.ctor,int; int; class VipOrderRecord,leftX; topX; orderX,194844
ideal.formCancelVip,family,void,Dispose,bool,disposing,195148
ideal.formChart,public,void,.ctor,int; int; string; class Chart,leftX; topX; symbolX; fieldsX,392032
ideal.formChart,public,void,.ctor,string; string; class Chart,symbolX; periodX; fieldsX,392076
ideal.formChart,public,void,ChangeColors,class ideal.cxColorEditor,coloritemX,394056
ideal.formChart,public,void,ChangeSymbolPeriod,string; string,symbolCode; period,394124
ideal.formChart,public,byte[],ConvertPageToByteArray,,,394156
ideal.formChart,family,void,Dispose,bool,disposing,395196
ideal.formChart,public,void,HacimOtoDownload,,,394012
ideal.formChart,public,void,InsertIndicators,System.Collections.Generic.List`1<class ideal.cxIndicator>,indicatorsx,394748
ideal.formChart,family,void,OnPaintBackground,class System.Windows.Forms.PaintEventArgs,pevent,392704
ideal.formChart,family,bool,ProcessCmdKey,valuetype System.Windows.Forms.Message&; valuetype System.Windows.Forms.Keys,msg; keyData,392660
ideal.formChart,public,void,ProcessMenuMessage,string,messageX,394272
ideal.formChart,public,void,RemoveOtoTrend,,,394780
ideal.formChart,public,void,SaveOtoTrend,,,394812
ideal.formChart,public,void,TradeReceived,valuetype ideal.IslemStruct1,itemX,393860
ideal.formChartDataEdit,public,void,.ctor,,,395628
ideal.formChartDataEdit,family,void,Dispose,bool,disposing,395756
ideal.formChartDataSplit,public,void,.ctor,,,395840
ideal.formChartDataSplit,family,void,Dispose,bool,disposing,395912
ideal.formChartIndicatorEdit,public,void,.ctor,,,395976
ideal.formChartIndicatorEdit,public,string,AnalizTipToString,int,analiztip,399036
ideal.formChartIndicatorEdit,family,void,Dispose,bool,disposing,399496
ideal.formChartIndicatorEdit,public,void,GetParameters,class ideal.ChartControl,senderX,398228
ideal.formChartIndicatorEdit,public,void,ProcessBirimSeviyeMenu,int,seviye,399156
ideal.formChartIndicatorEdit,public,void,ProcessBirimYontemMenu,int,yontem,399124
ideal.formChartIndicatorEdit,public,void,ShowBirimSeviyeMenu,object; class ideal.cxIndicator,senderform; indicator,399256
ideal.formChartIndicatorEdit,public,void,ShowBirimYontemMenu,object; class ideal.cxIndicator,senderform; indicator,399188
ideal.formChartIndicators,public,void,.ctor,,,399560
ideal.formChartIndicators,family,void,Dispose,bool,disposing,400400
ideal.formChartList,public,void,.ctor,,,309464
ideal.formChartList,family,void,Dispose,bool,disposing,309700
ideal.formChartList,public,void,SetSymbol,string,symbolX,309632
ideal.formChartParamMenu,public,void,.ctor,class ideal.ChartControl,sender,400444
ideal.formChartParamMenu,family,void,Dispose,bool,disposing,400644
ideal.formChartTrendMenu,public,void,.ctor,class ideal.ChartControl,sender,402008
ideal.formChartTrendMenu,family,void,Dispose,bool,disposing,402224
ideal.formClearingBank,public,void,ShowKurumHacim,,,455104
ideal.formDefaultLotImkb,public,void,.ctor,,,384680
ideal.formDefaultLotImkb,family,void,Dispose,bool,disposing,384820
ideal.formDepthImkb,public,void,.ctor,int; int; string; class Depth,leftX; topX; symbolX; pageparamsX,280540
ideal.formDepthImkb,public,void,ApplyPattern,class Depth,pageparamsX,283460
ideal.formDepthImkb,public,void,ChangeColors,class ideal.cxColorEditor,coloritemX,283492
ideal.formDepthImkb,public,byte[],ConvertPageToByteArray,,,283560
ideal.formDepthImkb,family,void,Dispose,bool,disposing,283648
ideal.formDepthImkb,family,void,OnPaintBackground,class System.Windows.Forms.PaintEventArgs,pevent,280964
ideal.formDepthImkb,family,bool,ProcessCmdKey,valuetype System.Windows.Forms.Message&; valuetype System.Windows.Forms.Keys,msg; keyData,280920
ideal.formDepthImkb,public,void,ProcessMenuMessage,string,messageX,283604
ideal.formDepthVip,public,void,.ctor,int; int; string; class Depth,leftX; topX; symbolX; pageparamsX,417312
ideal.formDepthVip,public,void,ApplyPattern,class Depth,pageparamsX,419880
ideal.formDepthVip,public,void,ChangeColors,class ideal.cxColorEditor,coloritemX,419912
ideal.formDepthVip,public,byte[],ConvertPageToByteArray,,,419980
ideal.formDepthVip,family,void,Dispose,bool,disposing,420068
ideal.formDepthVip,family,void,OnPaintBackground,class System.Windows.Forms.PaintEventArgs,pevent,417736
ideal.formDepthVip,family,bool,ProcessCmdKey,valuetype System.Windows.Forms.Message&; valuetype System.Windows.Forms.Keys,msg; keyData,417692
ideal.formDepthVip,public,void,ProcessMenuMessage,string,messageX,420024
ideal.formDerinlikliEmirPenceresi,public,void,.ctor,int; int; string; class DepBuySell,leftX; topX; symbolX; pageparamsX,195192
ideal.formDerinlikliEmirPenceresi,public,byte[],ConvertPageToByteArray,,,197916
ideal.formDerinlikliEmirPenceresi,family,void,Dispose,bool,disposing,198520
ideal.formDerinlikliEmirPenceresi,family,bool,ProcessCmdKey,valuetype System.Windows.Forms.Message&; valuetype System.Windows.Forms.Keys,msg; keyData,197796
ideal.formDistributionImkb,public,void,.ctor,,,456512
ideal.formDistributionImkb,public,void,ChangeSymbol,string,strSymbol,457124
ideal.formDistributionImkb,family,void,Dispose,bool,disposing,457156
ideal.formDownloadBistIslem,public,void,.ctor,string,headertext,201680
ideal.formDownloadBistIslem,family,void,Dispose,bool,disposing,202088
ideal.formDownloadChart,public,void,.ctor,,,377452
ideal.formDownloadChart,family,void,Dispose,bool,disposing,377960
ideal.formDurumTumRobot,public,void,.ctor,,,145080
ideal.formDurumTumRobot,family,void,Dispose,bool,disposing,145760
ideal.formDurumTumRobot,public,void,ShowWindow,,,145728
ideal.formEgzotikRobot,public,void,.ctor,,,153640
ideal.formEgzotikRobot,family,void,Dispose,bool,disposing,154940
ideal.formEgzotikRobot,public,void,ShowWindow,,,154908
ideal.formEmirSira,public,void,.ctor,int; int; string; class Depth,leftX; topX; symbolX; pageparamsX,244212
ideal.formEmirSira,public,void,ApplyPattern,class Depth,pageparamsX,246800
ideal.formEmirSira,public,void,ChangeColors,class ideal.cxColorEditor,coloritemX,246832
ideal.formEmirSira,public,byte[],ConvertPageToByteArray,,,246900
ideal.formEmirSira,family,void,Dispose,bool,disposing,247032
ideal.formEmirSira,family,void,OnPaintBackground,class System.Windows.Forms.PaintEventArgs,pevent,244624
ideal.formEmirSira,family,bool,ProcessCmdKey,valuetype System.Windows.Forms.Message&; valuetype System.Windows.Forms.Keys,msg; keyData,244580
ideal.formEmirSira,public,void,ProcessMenuMessage,string,messageX,246944
ideal.formFixPortfoy,public,void,.ctor,,,81992
ideal.formFixPortfoy,public,void,ChangeColors,class ideal.cxColorEditor,coloritemX,84960
ideal.formFixPortfoy,family,void,Dispose,bool,disposing,87256
ideal.formFixPortfoy,public,void,ProcessMenuMessage,string,messageX,86932
ideal.formFixPortfoy,public,void,setTabPage,string,tabPageName,82324
ideal.formFixPortfoyHesapEkle,public,void,.ctor,,,87956
ideal.formFixPortfoyHesapEkle,family,void,Dispose,bool,disposing,88064
ideal.formGetiriGrafik,public,void,.ctor,,,505504
ideal.formGetiriGrafik,family,void,Dispose,bool,disposing,506136
ideal.formGetiriGrafik,public,void,GrafikCiz,System.Collections.Generic.List`1<class ideal.Takvim>,takvimList,505920
ideal.formGetiriGrafik,public,void,GrafikCiz,System.Collections.Generic.List`1<class ideal.cxBasic>,sembols,505964
ideal.formGetiriGrafik,public,void,GrafikCiz,System.Collections.Generic.List`1<string>; System.Collections.Generic.List`1<class ideal.cxBasic>,viewNames; sembols,506008
ideal.formGetiriGrafik,public,void,TakvimGrafikPiyasaSec,,,505768
ideal.formGetiriGrafik,public,void,comboDeger,,,505528
ideal.formGetiriGrafik,public,void,grafikBoyutSec,,,505888
ideal.formGetiriGrafik,public,void,grafikTipSec,,,505844
ideal.formGridBotEkle,public,void,SetPricePopup,valuetype System.Decimal,priceX,147984
ideal.formGridChart,public,void,.ctor,class ideal.GridBotClass,gridbotX,143192
ideal.formGridChart,family,void,Dispose,bool,disposing,144348
ideal.formHacim,public,void,.ctor,class BuySell,pageparamsX,204476
ideal.formHacim,public,byte[],ConvertPageToByteArray,,,208836
ideal.formHacim,family,void,Dispose,bool,disposing,208900
ideal.formHacim,public,void,ShowNewFrom,class BuySell; int; string,pageparamsX; aktiftabx; symbolX,208804
ideal.formHesap,public,void,.ctor,class BuySell,pageparamsX,297608
ideal.formHesap,public,byte[],ConvertPageToByteArray,,,299360
ideal.formHesap,family,void,Dispose,bool,disposing,299404
ideal.formHesapEkle,public,void,.ctor,,,96324
ideal.formHesapEkle,family,void,Dispose,bool,disposing,96444
ideal.formHesapGrup,public,void,.ctor,,,110396
ideal.formHesapGrup,public,void,AddGrup,string,grupnameX,110608
ideal.formHesapGrup,family,void,Dispose,bool,disposing,110752
ideal.formHesapGrup,public,void,FillGruplar,string,grupnameX,110640
ideal.formHesapGrup,public,void,FillHesaplar,string,grupnameX,110684
ideal.formHesapRumuz,public,void,.ctor,,,110836
ideal.formHesapRumuz,family,void,Dispose,bool,disposing,111016
ideal.formHesapRumuz,public,void,FillRumuzlar,string,rumuznameX,110972
ideal.formHisseAnalizRobotEkle,public,void,.ctor,class ideal.HisseAnalizRobotClass,robotX,165360
ideal.formHisseAnalizRobotEkle,family,void,Dispose,bool,disposing,165696
ideal.formICRYPEXChartDownload,public,void,.ctor,,,211388
ideal.formICRYPEXChartDownload,family,void,Dispose,bool,disposing,211548
ideal.formIndicatorValues,public,void,.ctor,,,313624
ideal.formIndicatorValues,family,void,Dispose,bool,disposing,314184
ideal.formIndicatorValues,public,void,ProcessMenuMessage,string,messageX,314028
ideal.formIndicatorValues,public,void,RefreshData,string; System.Collections.Generic.List`1<class ideal.cxIndicator>,periodX; indicatorlistX,314072
ideal.formKademeCancelOrder,public,void,.ctor,string; string; string; string; valuetype System.Decimal,accountnameX; accountnoX; symbolX; directionX; priceX,300492
ideal.formKademeCancelOrder,family,void,Dispose,bool,disposing,301008
ideal.formKodRobot,public,void,.ctor,,,88496
ideal.formKodRobot,public,void,AddRobot,string; string; string,sistemname; periyot; sembol,90360
ideal.formKodRobot,family,void,Dispose,bool,disposing,90392
ideal.formKodRobot,public,void,ShowForm,,,90328
ideal.formKodRobotEkle,public,void,.ctor,class ideal.KodRobotClass,robotX,90920
ideal.formKodRobotEkle,family,void,Dispose,bool,disposing,91312
ideal.formKurumSec,public,void,.ctor,string,kurum,234408
ideal.formKurumSec,family,void,Dispose,bool,disposing,234580
ideal.formMultiOrderMenu,public,void,.ctor,,,379440
ideal.formMultiOrderMenu,family,void,Dispose,bool,disposing,379876
ideal.formNagantsRobotEkle,public,void,.ctor,class ideal.NagantsRobotClass,robotX,168432
ideal.formNagantsRobotEkle,family,void,Dispose,bool,disposing,168792
ideal.formOpsiyonAnaliz,public,void,grafikCiz,,,212612
ideal.formOpsiyonAnaliz,public,void,grafikCizSimuslasyon,,,212568
ideal.formPacalBotEkle,public,void,SetPricePopup,valuetype System.Decimal,priceX,141980
ideal.formPacalChart,public,void,.ctor,class ideal.PacalBotClass,PacalBotX,142056
ideal.formPacalChart,family,void,Dispose,bool,disposing,143132
ideal.formParaViop,public,void,.ctor,,,165912
ideal.formParaViop,family,void,Dispose,bool,disposing,167876
ideal.formParaViop,public,string,GetString,string,strx,167368
ideal.formParaViop,public,void,ProcessParaYonler,string,str,167636
ideal.formParaViop,public,void,ShowWindow,,,167776
ideal.formParaViopEkle,public,void,.ctor,,,165740
ideal.formParaViopEkle,family,void,Dispose,bool,disposing,165868
ideal.formPgcRobotEkle,public,void,.ctor,class ideal.PgcPozisyonClass,robotX,155340
ideal.formPgcRobotEkle,family,void,Dispose,bool,disposing,155608
ideal.formPortfolio,public,void,.ctor,,,223256
ideal.formPortfolio,public,void,AddAccount,,,230572
ideal.formPortfolio,public,void,BuyImkbLimit,,,230616
ideal.formPortfolio,public,void,BuyImkbMoney,,,230708
ideal.formPortfolio,public,void,BuyImkbMyPosition,,,230800
ideal.formPortfolio,public,void,ChangeColors,class ideal.cxColorEditor,coloritemX,230868
ideal.formPortfolio,public,void,CloseImkbPositionsAll,,,230936
ideal.formPortfolio,public,void,CloseImkbPositionsPercent,,,231004
ideal.formPortfolio,family,void,Dispose,bool,disposing,232272
ideal.formPortfolio,public,void,ProcessMenuMessage,string,messageX,231072
ideal.formPortfolio,public,void,StartRobot,,,231260
ideal.formPortfolio,public,void,StopRobot,,,231292
ideal.formPortfolioMessage,public,void,.ctor,,,379920
ideal.formPortfolioMessage,public,void,Clear,,,380068
ideal.formPortfolioMessage,family,void,Dispose,bool,disposing,380152
ideal.formPortfolioMessage,family,bool,ProcessCmdKey,valuetype System.Windows.Forms.Message&; valuetype System.Windows.Forms.Keys,msg; keyData,380004
ideal.formPortfolioMessage,public,void,SetMessages,string; System.Collections.Generic.List`1<string>,headerX; messagelistX,380100
ideal.formPortfolioMessage,public,void,SetSize,,,380036
ideal.formPortfolioSetting,public,void,.ctor,,,321644
ideal.formPortfolioSetting,family,void,Dispose,bool,disposing,321888
ideal.formPortfoyum,public,void,.ctor,,,111108
ideal.formPortfoyum,public,void,AddAccount,,,121356
ideal.formPortfoyum,public,void,BuyImkbLimit,,,121400
ideal.formPortfoyum,public,void,BuyImkbMoney,,,121492
ideal.formPortfoyum,public,void,BuyImkbMyPosition,,,121584
ideal.formPortfoyum,public,void,ChangeColors,class ideal.cxColorEditor,coloritemX,121864
ideal.formPortfoyum,public,void,CloseImkbPositionsAll,,,121932
ideal.formPortfoyum,public,void,CloseImkbPositionsPercent,,,122000
ideal.formPortfoyum,public,System.Collections.Generic.List`1<class VarlikRecord>,ConvertPositionToVarlik,class Portfoy; string,portfoy; backofficeX,121652
ideal.formPortfoyum,family,void,Dispose,bool,disposing,122364
ideal.formPortfoyum,public,System.Collections.Generic.List`1<object>,FonEmriIletemeyenKurumlar,string,BackOfficeX,122240
ideal.formPortfoyum,public,void,ProcessMenuMessage,string,messageX,122068
ideal.formPortfoyum,public,void,ShowAgirlikliList,,,122208
ideal.formRoboTradeEkle,public,void,.ctor,class ideal.RoboTradeClass,RoboTradeX,243376
ideal.formRoboTradeEkle,family,void,Dispose,bool,disposing,243776
ideal.formRoboTradeEkle,public,void,SetMiktarPopup,valuetype System.Decimal,miktarX,243744
ideal.formRoboTradeEkle,public,void,SetPricePopup,valuetype System.Decimal,priceX,243712
ideal.formRobotOnay,public,void,.ctor,,,199952
ideal.formRobotOnay,family,void,Dispose,bool,disposing,200100
ideal.formSablonRobot,public,void,.ctor,,,255868
ideal.formSablonRobot,public,void,ChangeSistem,string; string,sistemnameX; senderIDX,259836
ideal.formSablonRobot,family,void,Dispose,bool,disposing,263052
ideal.formSablonRobot,public,void,ProcessMenuMessage,string,messageX,260476
ideal.formSablonRobot,public,void,SelectTab,valuetype idealgoTab,selectTabX,261268
ideal.formSablonRobot,public,void,ShowSablonRobot,,,260608
ideal.formSablonRobot,public,void,StartRoboTrade,,,261204
ideal.formSablonRobotEkle,public,void,.ctor,class ideal.SablonRobotClass,robotX,263200
ideal.formSablonRobotEkle,family,void,Dispose,bool,disposing,263560
ideal.formSablonRobotPortfoy,public,void,.ctor,,,151636
ideal.formSablonRobotPortfoy,family,void,Dispose,bool,disposing,151708
ideal.formSinyalDonus,public,void,.ctor,string; string; string,sistemnameX; symbolX; periodX,138848
ideal.formSinyalDonus,family,void,Dispose,bool,disposing,139516
ideal.formSistemCompare,public,void,.ctor,,,310612
ideal.formSistemCompare,public,void,ChangeParameters,string; string,symbolX; periodX,311196
ideal.formSistemCompare,family,void,Dispose,bool,disposing,311228
ideal.formSistemDefine,public,void,.ctor,,,317292
ideal.formSistemDefine,public,void,ChangeSistem,string; string,sistemnameX; senderIDX,319028
ideal.formSistemDefine,family,void,Dispose,bool,disposing,319120
ideal.formSistemError,public,void,.ctor,,,308996
ideal.formSistemError,family,void,Dispose,bool,disposing,309124
ideal.formSistemError,public,void,SetMessages,string,errorX,309092
ideal.formSistemGetiriEgrisi,public,void,.ctor,,,278704
ideal.formSistemGetiriEgrisi,family,void,Dispose,bool,disposing,279740
ideal.formSistemMesaj,public,void,.ctor,,,214104
ideal.formSistemMesaj,family,void,Dispose,bool,disposing,214212
ideal.formSistemMesaj,public,void,ShowMesaj,class MesajQueueClass,mesajX,214168
ideal.formSistemMulti,public,void,.ctor,,,309744
ideal.formSistemMulti,public,void,ChangeParameters,string; string,symbolX; periodX,310536
ideal.formSistemMulti,family,void,Dispose,bool,disposing,310568
ideal.formSistemMulti,family,bool,ProcessCmdKey,valuetype System.Windows.Forms.Message&; valuetype System.Windows.Forms.Keys,msg; keyData,309864
ideal.formSistemOptimizer,public,void,.ctor,,,296468
ideal.formSistemOptimizer,public,void,ChangeSystem,string; string,symbolX; periodX,297316
ideal.formSistemOptimizer,family,void,Dispose,bool,disposing,297480
ideal.formSistemPerformance,public,void,.ctor,,,316556
ideal.formSistemPerformance,public,void,ChangeSistem,string; string; string,sistemnameX; symbolX; periodX,317216
ideal.formSistemPerformance,family,void,Dispose,bool,disposing,317248
ideal.formSistemPosition,public,void,.ctor,,,315784
ideal.formSistemPosition,public,void,ChangeSistem,string; string,sistemnameX; periodX,316344
ideal.formSistemPosition,family,void,Dispose,bool,disposing,316420
ideal.formSistemPosition,public,void,ProcessMenuMessage,string,messageX,316376
ideal.formSistemSorgu,public,void,.ctor,,,295196
ideal.formSistemSorgu,public,void,ChangeSistem,string,periodX,295760
ideal.formSistemSorgu,family,void,Dispose,bool,disposing,296176
ideal.formSistemSorgu,public,void,ProcessMenuMessage,string,messageX,295892
ideal.formTahta,public,void,ChangeSistem,string; string,sistemnameX; senderIDX,172500
ideal.formTahtaRobot1Ekle,public,void,.ctor,class ideal.TahtaRobot1Class,robotX,169216
ideal.formTahtaRobot1Ekle,family,void,Dispose,bool,disposing,169520
ideal.formTahtaRobot2Ekle,public,void,.ctor,class ideal.TahtaRobot2Class,robotX,168836
ideal.formTahtaRobot2Ekle,family,void,Dispose,bool,disposing,169172
ideal.formTakasAnaliz,public,void,.ctor,,,236836
ideal.formTakasAnaliz,public,void,ChangeSymbol,string,strSymbol,239264
ideal.formTakasAnaliz,public,void,ChangeTabIndex,int,index,239296
ideal.formTakasAnaliz,family,void,Dispose,bool,disposing,241176
ideal.formTakasAnaliz,public,void,GetBrokerData,class TypeBroker&,xBrokerClass,240044
ideal.formTakasAnaliz,public,valuetype System.DateTime,GetProperDateForSYSKT,,,240136
ideal.formTakasAnaliz,public,void,GetStockAllDifData,class TypeStockAll&,stockitemX,240368
ideal.formTakasAnaliz,public,void,GetStockDayData,class TypeStock&,stockitemX,240508
ideal.formTakasAnaliz,public,void,GetStockDayGroupData,class TypeStock&,xStockClass,240184
ideal.formTakasAnaliz,public,void,GetStockDifData,class TypeStock&,stockitemX,240228
ideal.formTakasAnaliz,family,bool,ProcessCmdKey,valuetype System.Windows.Forms.Message&; valuetype System.Windows.Forms.Keys,msg; keyData,240584
ideal.formTakasAnaliz,public,void,ProcessMenuMessage,string,messageX,240616
ideal.formTakasAnaliz,public,void,ReadData,string,date,240660
ideal.formTakasAnaliz,public,void,ReadDataToplams,string,date,240692
ideal.formTakasAnaliz,public,void,ShowWindow,,,240780
ideal.formTakasAnaliz,public,void,ShowWindow,int,tabindex,240812
ideal.formTakasDosyaDuzenle,public,void,.ctor,,,250472
ideal.formTakasDosyaDuzenle,family,void,Dispose,bool,disposing,250576
ideal.formTakasDosyaDuzenle,public,void,ShowWindow,,,250560
ideal.formTarama,public,int,GetUserTaramaBarcount,string,periyotX,215856
ideal.formTaramaRobot,public,void,.ctor,,,180664
ideal.formTaramaRobot,family,void,Dispose,bool,disposing,182428
ideal.formTaramaRobot,public,void,ProcessMenuMessage,string,messageX,181936
ideal.formTaramaRobot,public,void,ShowTaramaRobot,,,182024
ideal.formTradeImkb,public,void,.ctor,int; int; class Trade,leftX; topX; pageparamsX,285860
ideal.formTradeImkb,public,void,ChangeColors,class ideal.cxColorEditor,coloritemX,288692
ideal.formTradeImkb,public,void,ConvertDownloaded,string,filenameX,287872
ideal.formTradeImkb,public,byte[],ConvertPageToByteArray,,,288760
ideal.formTradeImkb,family,void,Dispose,bool,disposing,289040
ideal.formTradeImkb,family,void,OnPaintBackground,class System.Windows.Forms.PaintEventArgs,pevent,286272
ideal.formTradeImkb,family,bool,ProcessCmdKey,valuetype System.Windows.Forms.Message&; valuetype System.Windows.Forms.Keys,msg; keyData,286228
ideal.formTradeImkb,public,void,ProcessMenuMessage,string,messageX,288804
ideal.formTradeImkb,public,void,StartDownloadForThisDay,,,288848
ideal.formTradeVip,public,void,.ctor,int; int; class Trade,leftX; topX; fieldsX,432832
ideal.formTradeVip,public,void,ChangeColors,class ideal.cxColorEditor,coloritemX,435836
ideal.formTradeVip,public,void,ConvertDownloaded,string,filenameX,435076
ideal.formTradeVip,public,byte[],ConvertPageToByteArray,,,435904
ideal.formTradeVip,family,void,Dispose,bool,disposing,436088
ideal.formTradeVip,family,void,OnPaintBackground,class System.Windows.Forms.PaintEventArgs,pevent,433276
ideal.formTradeVip,family,bool,ProcessCmdKey,valuetype System.Windows.Forms.Message&; valuetype System.Windows.Forms.Keys,msg; keyData,433232
ideal.formTradeVip,public,void,ProcessMenuMessage,string,messageX,435948
ideal.formTradeVip,public,void,StartDownloadForThisDay,,,435804
ideal.formTrendAlarmEmir,public,void,.ctor,,,263604
ideal.formTrendAlarmEmir,family,void,Dispose,bool,disposing,263668
ideal.formTrendBotChart,public,void,.ctor,class ideal.TrendBotClass,TrendBotX,157360
ideal.formTrendBotChart,family,void,Dispose,bool,disposing,158516
ideal.formVarantAnaliz,public,double,VarantPriceAjdust,class ideal.cxBasic; double,varantX; varantval,278056
ideal.formVarantAnaliz,public,double,VarantPriceNormalize,class ideal.cxBasic; double&,varantX; varantval,278012
ideal.formVarantAnaliz,public,void,grafikCiz,,,278188
ideal.formVarantAnaliz,public,void,grafikCizSimuslasyon,,,278232
ideal.formViopKurumHacim2,public,void,.ctor,class BuySell,pageparamsX,202132
ideal.formViopKurumHacim2,public,byte[],ConvertPageToByteArray,,,203328
ideal.formViopKurumHacim2,family,void,Dispose,bool,disposing,203800
ideal.formViopKurumHacim2,public,void,ShowNewForm,class BuySell; int; string,pageparamsX; aktiftabx; symbolX,203296
ideal.formVolumesImkb,public,void,.ctor,,,466268
ideal.formVolumesImkb,family,void,Dispose,bool,disposing,466984
ideal.formVolumesImkb,public,void,GetGunHacim,string; string; double&; double&,dateX; kurumX; kurumhacimX; kurumyuzdeX,466952
ideal.formVolumesImkb,public,void,ReadFile,string,dateX,466920
ideal.formWeightedListImkb,public,void,.ctor,,,381876
ideal.formWeightedListImkb,family,void,Dispose,bool,disposing,382172
ideal.formYatayBotChart,public,void,.ctor,class ideal.YatayBotClass,YatayBotX,134716
ideal.formYatayBotChart,family,void,Dispose,bool,disposing,135872
ideal.formZincirImkb,public,void,.ctor,int; int; class ImkbOrderRecord,leftX; topX; orderX,380668
ideal.formZincirImkb,family,void,Dispose,bool,disposing,381832
ideal.fromTakasDownload,public,void,.ctor,,,507040
ideal.fromTakasDownload,family,void,Dispose,bool,disposing,507332
ideal.fromTakasDownload,public,void,ShowWindow,,,507316
item,public,void,DrawBar,class System.Drawing.Graphics; int; int; int; int,graph; p1X; p1Y; p2X; p2Y,562908
stockRecord,public,double,AlisNetHacim,int,seviye,631596
stockRecord,public,double,AlisNetHacim,int,seviye,648352
stockRecord,public,double,DigerAlisNetHacim,int,seviye,631612
stockRecord,public,double,DigerAlisNetHacim,int,seviye,648368
stockRecord,public,double,DigerSatisNetHacim,int,seviye,631580
stockRecord,public,double,DigerSatisNetHacim,int,seviye,648336
stockRecord,public,double,SatisNetHacim,int,seviye,631564
stockRecord,public,double,SatisNetHacim,int,seviye,648320
stockRecord,public,double,ToplamHacim,,,631628
stockRecord,public,double,ToplamHacim,,,648384
