sembol,giris_tarihi,cikis_tarihi,giris_fiyat,cikis_fiyat,pnl_pct,sonuc,ardisik_alti,ema13_egim,hacim_oran,bars_held,yil
AKBNK,2015-02-28,2015-03-02,4.0281,4.1229,2.3529,TRAIL_STOP,10,-0.0436,1.44,2,2015
AKBNK,2015-12-15,2015-12-20,4.9475,5.1045,3.1724,TRAIL_STOP,6,-0.0138,1.54,3,2015
AKBNK,2016-04-22,2016-04-25,5.175,5.2171,0.8132,TRAIL_STOP,4,0.0103,1.57,3,2016
AKBNK,2016-07-05,2016-07-12,4.8622,4.8417,-0.4211,TRAIL_STOP,3,-0.0079,0.86,4,2016
AKBNK,2016-09-12,2016-09-14,5.5731,5.5924,0.3469,TRAIL_STOP,3,0.0057,1.18,2,2016
AKBNK,2016-09-27,2016-10-01,5.5636,5.5257,-0.6814,TRAIL_STOP,5,-0.0108,1.68,2,2016
AKBNK,2016-10-05,2016-10-08,5.5446,5.4892,-1.0,TRAIL_STOP,3,-0.0213,1.03,1,2016
AKBNK,2016-11-23,2016-11-24,5.9996,5.9396,-1.0,TRAIL_STOP,3,-0.0042,1.2,1,2016
AKBNK,2016-11-30,2016-12-02,5.9522,5.9427,-0.1592,TRAIL_STOP,3,-0.0192,1.12,2,2016
AKBNK,2017-03-04,2017-03-05,6.7051,6.6381,-1.0,TRAIL_STOP,3,-0.0277,0.86,1,2017
AKBNK,2017-06-08,2017-06-09,6.3369,6.2735,-1.0,TRAIL_STOP,4,-0.0267,1.69,1,2017
AKBNK,2017-11-19,2017-11-20,6.3466,6.2831,-1.0,TRAIL_STOP,7,-0.0224,1.66,1,2017
AKBNK,2017-12-21,2017-12-24,5.6877,5.6308,-1.0,TRAIL_STOP,3,-0.0249,0.63,1,2017
AKBNK,2018-03-16,2018-03-18,4.6509,4.6703,0.4167,TRAIL_STOP,3,-0.0238,1.09,2,2018
AKBNK,2018-05-20,2018-05-21,4.273,4.2303,-1.0,TRAIL_STOP,3,-0.0821,1.23,1,2018
AKBNK,2018-06-14,2018-06-18,4.6509,4.7575,2.2917,TRAIL_STOP,5,-0.0047,1.13,2,2018
AKBNK,2018-10-08,2018-10-09,5.2323,5.18,-1.0,TRAIL_STOP,6,-0.0168,1.12,1,2018
AKBNK,2018-11-01,2018-11-02,5.1451,5.0936,-1.0,TRAIL_STOP,5,-0.0556,1.54,1,2018
AKBNK,2018-11-17,2018-11-21,4.9126,4.8634,-1.0,TRAIL_STOP,5,-0.1508,0.81,1,2018
AKBNK,2018-12-06,2018-12-08,4.9029,5.0553,3.1087,TRAIL_STOP,4,-0.0172,0.96,2,2018
AKBNK,2018-12-14,2018-12-15,4.9319,4.8826,-1.0,TRAIL_STOP,3,-0.0193,1.58,1,2018
AKBNK,2019-01-15,2019-01-18,4.4475,4.403,-1.0,TRAIL_STOP,3,-0.0548,1.06,1,2019
AKBNK,2019-05-23,2019-05-26,5.9203,5.9881,1.1457,TRAIL_STOP,3,0.0159,0.81,3,2019
AKBNK,2019-06-18,2019-06-21,5.678,5.6212,-1.0,TRAIL_STOP,9,-0.0939,0.26,1,2019
AKBNK,2019-08-15,2019-08-19,6.1237,6.24,1.8987,TRAIL_STOP,3,0.012,1.03,2,2019
AKBNK,2019-10-10,2019-10-12,6.7051,6.7532,0.7168,TRAIL_STOP,6,-0.0388,1.0,2,2019
AKBNK,2020-06-10,2020-06-14,3.9145,3.9824,1.7327,TRAIL_STOP,8,-0.0076,4.47,2,2020
AKBNK,2020-07-23,2020-07-24,3.9145,3.8754,-1.0,TRAIL_STOP,7,-0.0568,2.2,1,2020
AKBNK,2020-08-30,2020-09-01,4.8253,4.8447,0.4016,TRAIL_STOP,3,-0.0241,1.41,2,2020
AKBNK,2021-01-10,2021-01-12,3.9436,4.0017,1.4742,TRAIL_STOP,6,-0.0326,1.34,2,2021
AKBNK,2021-03-23,2021-03-25,4.2827,4.273,-0.2263,TRAIL_STOP,3,-0.0177,0.69,2,2021
AKBNK,2021-04-03,2021-04-04,4.2924,4.2495,-1.0,TRAIL_STOP,4,-0.0059,0.77,1,2021
AKBNK,2021-10-01,2021-10-02,6.0559,5.9953,-1.0,TRAIL_STOP,3,-0.011,0.58,1,2021
AKBNK,2022-01-13,2022-01-14,6.0268,5.9666,-1.0,TRAIL_STOP,3,0.0101,1.52,1,2022
AKBNK,2022-07-29,2022-07-31,10.2224,10.2999,0.7583,TRAIL_STOP,3,-0.1445,1.02,2,2022
AKBNK,2022-10-07,2022-10-10,13.7396,13.6022,-1.0,TRAIL_STOP,4,-0.1301,0.81,1,2022
AKBNK,2023-01-25,2023-01-26,15.0865,14.9356,-1.0,TRAIL_STOP,4,-0.1221,0.8,1,2023
AKBNK,2023-03-15,2023-03-17,14.9799,15.164,1.229,TRAIL_STOP,8,-0.3279,1.31,2,2023
AKBNK,2023-07-05,2023-07-06,27.6343,27.358,-1.0,TRAIL_STOP,4,-0.0989,2.6,1,2023
AKBNK,2023-08-02,2023-08-04,26.8882,28.1829,4.8151,TRAIL_STOP,6,-0.2476,1.23,2,2023
AKBNK,2023-09-07,2023-09-08,28.7583,28.4707,-1.0,TRAIL_STOP,7,-0.4366,2.02,1,2023
AKBNK,2023-09-21,2023-09-22,27.7603,27.4827,-1.0,TRAIL_STOP,5,-0.1478,0.89,1,2023
AKBNK,2023-10-01,2023-10-05,27.2274,27.3196,0.3388,TRAIL_STOP,6,-0.2135,1.04,2,2023
AKBNK,2023-12-21,2023-12-22,36.4033,36.0392,-1.0,TRAIL_STOP,3,-0.1159,1.12,1,2023
AKBNK,2024-01-28,2024-02-02,37.2075,38.8547,4.4271,TRAIL_STOP,4,-0.4354,1.04,3,2024
AKBNK,2024-02-09,2024-02-10,38.4381,38.0537,-1.0,TRAIL_STOP,3,-0.1673,1.03,1,2024
AKBNK,2024-04-10,2024-04-14,56.0632,59.1573,5.519,TRAIL_STOP,4,-0.1353,1.02,2,2024
AKBNK,2024-05-31,2024-06-02,62.7877,63.931,1.821,TRAIL_STOP,3,-0.1553,1.35,2,2024
AKBNK,2024-08-17,2024-08-20,54.8326,58.035,5.8403,TRAIL_STOP,7,-0.4397,0.96,3,2024
AKBNK,2024-11-29,2024-12-01,61.654,62.2257,0.9272,TRAIL_STOP,4,-0.1263,1.5,2,2024
AKBNK,2024-12-22,2024-12-26,60.8013,62.2557,2.392,TRAIL_STOP,4,-0.3178,1.05,2,2024
AKBNK,2025-01-11,2025-01-12,62.2741,61.6514,-1.0,TRAIL_STOP,4,-0.4752,1.1,1,2025
AKBNK,2025-07-17,2025-07-19,65.4038,64.7498,-1.0,TRAIL_STOP,3,-0.0548,0.88,1,2025
AKBNK,2025-07-25,2025-07-26,66.4212,65.757,-1.0,TRAIL_STOP,4,0.0761,1.43,1,2025
AKBNK,2025-08-07,2025-08-12,65.1131,67.052,2.9777,TRAIL_STOP,4,-0.3478,1.54,3,2025
AKBNK,2025-09-21,2025-09-22,62.2547,61.6322,-1.0,TRAIL_STOP,5,-0.7361,1.24,1,2025
AKBNK,2025-10-10,2025-10-11,56.1504,55.5889,-1.0,TRAIL_STOP,12,-0.7054,1.68,1,2025
AKBNK,2025-12-27,2025-12-30,71.2175,70.5053,-1.0,TRAIL_STOP,6,0.4982,1.78,1,2025
AKSEN,2015-01-23,2015-01-24,1.3515,1.3321,-1.4388,TRAIL_STOP,9,-0.0072,0.78,1,2015
AKSEN,2015-01-30,2015-02-01,1.3418,1.3807,2.8985,TRAIL_STOP,4,-0.0065,1.8,2,2015
AKSEN,2015-04-06,2015-04-07,1.3127,1.2995,-1.0,TRAIL_STOP,5,-0.003,0.51,1,2015
AKSEN,2015-04-20,2015-04-23,1.2932,1.3188,1.9774,TRAIL_STOP,7,-0.0149,3.06,3,2015
AKSEN,2015-06-28,2015-06-29,1.1668,1.1551,-1.0,TRAIL_STOP,3,0.0012,1.02,1,2015
AKSEN,2015-08-04,2015-08-07,1.0987,1.0878,-1.0,TRAIL_STOP,4,-0.0061,0.39,1,2015
AKSEN,2015-09-23,2015-09-26,1.2154,1.2446,2.4,TRAIL_STOP,3,-0.0005,6.39,2,2015
AKSEN,2015-11-20,2015-11-21,1.2057,1.1936,-1.0,TRAIL_STOP,8,-0.0147,2.33,1,2015
AKSEN,2016-02-26,2016-02-29,1.1474,1.1359,-1.0,TRAIL_STOP,3,-0.0022,1.92,1,2016
AKSEN,2016-04-18,2016-04-23,1.2543,1.2803,2.0698,TRAIL_STOP,3,-0.0099,0.97,3,2016
AKSEN,2016-05-22,2016-05-24,1.2835,1.3284,3.5,TRAIL_STOP,3,-0.0021,1.27,2,2016
AKSEN,2016-06-19,2016-06-21,1.2543,1.2707,1.3023,TRAIL_STOP,7,-0.0137,1.92,2,2016
AKSEN,2016-06-30,2016-07-04,1.264,1.3029,3.0769,TRAIL_STOP,3,-0.0033,0.63,2,2016
AKSEN,2016-08-08,2016-08-13,1.3904,1.3904,0.0,TRAIL_STOP,3,-0.0072,4.62,4,2016
AKSEN,2017-01-24,2017-01-28,1.8183,1.829,0.5882,TRAIL_STOP,6,-0.0138,1.85,2,2017
AKSEN,2017-02-22,2017-02-26,1.87,1.8909,1.1176,TRAIL_STOP,3,-0.005,0.45,2,2017
AKSEN,2017-03-30,2017-04-03,1.78,1.78,0.0,TRAIL_STOP,12,-0.0114,3.68,2,2017
AKSEN,2017-05-23,2017-05-27,1.58,1.6434,4.0127,TRAIL_STOP,3,-0.0014,0.68,3,2017
AKSEN,2017-06-17,2017-06-18,1.66,1.6434,-1.0,TRAIL_STOP,5,-0.0176,2.75,1,2017
AKSEN,2017-10-06,2017-10-09,2.2,2.2869,3.95,TRAIL_STOP,3,-0.0079,1.37,3,2017
AKSEN,2017-11-07,2017-11-10,2.08,2.0592,-1.0,TRAIL_STOP,4,-0.0091,2.18,1,2017
AKSEN,2017-12-31,2018-01-02,1.81,1.81,0.0,TRAIL_STOP,3,-0.0161,2.02,2,2017
AKSEN,2018-01-16,2018-01-17,1.81,1.7919,-1.0,TRAIL_STOP,7,-0.0089,2.42,1,2018
AKSEN,2018-02-21,2018-02-23,1.92,1.9206,0.0313,TRAIL_STOP,3,-0.0171,0.29,2,2018
AKSEN,2018-04-06,2018-04-07,1.94,1.9206,-1.0,TRAIL_STOP,5,-0.0005,0.95,1,2018
AKSEN,2018-04-24,2018-04-28,1.92,1.96,2.0833,TRAIL_STOP,4,-0.0144,2.05,2,2018
AKSEN,2018-06-18,2018-06-19,1.81,1.7919,-1.0,TRAIL_STOP,4,-0.0083,1.21,1,2018
AKSEN,2018-08-24,2018-08-25,1.27,1.2573,-1.0,TRAIL_STOP,8,-0.0087,4.5,1,2018
AKSEN,2018-10-05,2018-10-06,1.33,1.3167,-1.0,TRAIL_STOP,8,-0.0166,4.92,1,2018
AKSEN,2018-11-03,2018-11-07,1.38,1.29,-6.5217,TRAIL_STOP,6,-0.0073,2.47,2,2018
AKSEN,2019-05-24,2019-05-25,1.24,1.2276,-1.0,TRAIL_STOP,4,-0.0051,0.86,1,2019
AKSEN,2019-09-13,2019-09-18,1.75,1.81,3.4286,TRAIL_STOP,4,-0.0228,1.06,3,2019
AKSEN,2019-10-23,2019-10-24,1.93,1.9107,-1.0,TRAIL_STOP,5,-0.0025,1.33,1,2019
AKSEN,2020-04-29,2020-05-02,2.36,2.3364,-1.0,TRAIL_STOP,13,-0.0418,3.58,1,2020
AKSEN,2020-05-12,2020-05-13,2.48,2.4552,-1.0,TRAIL_STOP,3,-0.0088,0.44,1,2020
AKSEN,2020-07-23,2020-07-24,3.04,3.0096,-1.0,TRAIL_STOP,7,-0.0388,7.69,1,2020
AKSEN,2020-08-16,2020-08-19,3.29,3.2571,-1.0,TRAIL_STOP,4,-0.0055,1.2,1,2020
AKSEN,2020-09-13,2020-09-14,3.41,3.3759,-1.0,TRAIL_STOP,6,0.0015,2.21,1,2020
AKSEN,2021-08-23,2021-08-24,6.82,6.7518,-1.0,TRAIL_STOP,4,0.0145,1.53,1,2021
AKSEN,2021-10-03,2021-10-06,9.21,9.1179,-1.0,TRAIL_STOP,3,-0.0297,0.54,1,2021
AKSEN,2021-11-07,2021-11-13,10.57,11.4939,8.7408,TRAIL_STOP,3,0.0077,0.62,3,2021
AKSEN,2021-12-25,2021-12-28,11.56,11.4444,-1.0,TRAIL_STOP,7,-0.0628,0.92,1,2021
AKSEN,2022-10-10,2022-10-11,46.47,46.0053,-1.0,TRAIL_STOP,3,-0.4952,1.11,1,2022
AKSEN,2022-10-17,2022-10-18,47.02,46.5498,-1.0,TRAIL_STOP,3,-0.2603,1.82,1,2022
AKSEN,2023-01-11,2023-01-12,33.25,32.9175,-1.0,TRAIL_STOP,5,-0.1361,1.2,1,2023
AKSEN,2023-05-01,2023-05-05,30.61,31.2642,2.1372,TRAIL_STOP,8,-0.6294,0.94,2,2023
AKSEN,2023-09-25,2023-09-28,35.53,35.1747,-1.0,TRAIL_STOP,3,-0.0642,3.41,1,2023
AKSEN,2023-10-05,2023-10-07,34.11,34.34,0.6743,TRAIL_STOP,5,-0.2281,1.08,2,2023
AKSEN,2023-10-12,2023-10-14,34.23,34.42,0.5551,TRAIL_STOP,3,-0.1537,1.23,2,2023
AKSEN,2024-01-28,2024-01-29,37.84,37.4616,-1.0,TRAIL_STOP,8,0.0003,0.87,1,2024
AKSEN,2024-02-27,2024-03-02,34.85,35.5608,2.0396,TRAIL_STOP,5,-0.1947,1.26,2,2024
AKSEN,2024-06-23,2024-06-26,43.6,43.164,-1.0,TRAIL_STOP,5,-0.1486,1.08,1,2024
AKSEN,2024-08-17,2024-08-18,37.66,37.2834,-1.0,TRAIL_STOP,8,-0.2096,0.66,1,2024
AKSEN,2025-03-20,2025-03-21,34.14,33.7986,-1.0,TRAIL_STOP,3,-0.2439,0.64,1,2025
AKSEN,2025-09-21,2025-09-22,38.62,38.2338,-1.0,TRAIL_STOP,3,-0.4681,1.24,1,2025
AKSEN,2025-11-18,2025-11-24,53.0,52.6,-0.7547,TRAIL_STOP,3,-0.2833,1.13,2,2025
AKSEN,2026-04-24,2026-04-28,81.25,84.05,3.4462,TRAIL_STOP,4,-0.0634,0.94,2,2026
ARCLK,2015-01-08,2015-01-09,12.26,12.1374,-1.0,TRAIL_STOP,3,-0.0079,0.58,1,2015
ARCLK,2016-03-05,2016-03-08,18.48,18.2952,-1.0,TRAIL_STOP,7,-0.0948,0.8,1,2016
ARCLK,2016-03-25,2016-03-26,18.45,18.2655,-1.0,TRAIL_STOP,6,-0.0376,0.9,1,2016
ARCLK,2016-05-14,2016-05-15,17.48,16.91,-3.2609,TRAIL_STOP,13,-0.1292,0.81,1,2016
ARCLK,2016-09-12,2016-09-14,18.45,18.3546,-0.5171,TRAIL_STOP,3,-0.1237,1.57,2,2016
ARCLK,2016-09-27,2016-10-03,18.43,19.3644,5.07,TRAIL_STOP,6,-0.017,2.0,4,2016
ARCLK,2016-10-31,2016-11-02,19.28,19.2555,-0.1271,TRAIL_STOP,3,-0.0648,1.13,2,2016
ARCLK,2016-11-23,2016-11-25,20.12,20.0079,-0.5572,TRAIL_STOP,4,0.0313,1.55,2,2016
ARCLK,2017-05-05,2017-05-09,19.3,19.5723,1.4109,TRAIL_STOP,4,-0.1334,1.23,2,2017
ARCLK,2017-10-06,2017-10-07,16.17,16.0083,-1.0,TRAIL_STOP,3,-0.0799,1.42,1,2017
ARCLK,2017-11-04,2017-11-06,15.99,16.1271,0.8574,TRAIL_STOP,4,-0.0332,1.96,2,2017
ARCLK,2017-11-28,2017-12-01,15.93,15.7707,-1.0,TRAIL_STOP,3,-0.0024,3.42,1,2017
ARCLK,2017-12-31,2018-01-01,15.36,15.2064,-1.0,TRAIL_STOP,8,-0.05,1.02,1,2017
ARCLK,2018-04-23,2018-04-27,11.42,12.0186,5.2417,TRAIL_STOP,3,-0.1218,1.64,2,2018
ARCLK,2018-07-09,2018-07-10,13.93,13.7907,-1.0,TRAIL_STOP,5,-0.0606,1.6,1,2018
ARCLK,2018-07-28,2018-07-29,13.85,13.7115,-1.0,TRAIL_STOP,5,-0.02,1.1,1,2018
ARCLK,2018-12-07,2018-12-08,16.42,16.2558,-1.0,TRAIL_STOP,4,0.0086,0.94,1,2018
ARCLK,2018-12-20,2018-12-24,16.23,16.0677,-1.0,TRAIL_STOP,4,-0.1503,1.69,1,2018
ARCLK,2019-10-10,2019-10-11,19.22,19.0278,-1.0,TRAIL_STOP,6,-0.0902,1.57,1,2019
ARCLK,2020-05-21,2020-05-24,19.47,19.2753,-1.0,TRAIL_STOP,8,-0.1412,2.11,1,2020
ARCLK,2020-08-24,2020-08-25,25.47,25.2153,-1.0,TRAIL_STOP,3,0.02,1.53,1,2020
ARCLK,2020-11-26,2020-11-29,30.25,30.76,1.686,TRAIL_STOP,3,-0.1737,0.49,3,2020
ARCLK,2020-12-19,2020-12-21,31.41,31.8978,1.553,TRAIL_STOP,4,-0.6165,0.92,2,2020
ARCLK,2021-03-12,2021-03-15,29.98,29.6802,-1.0,TRAIL_STOP,7,-0.133,1.83,1,2021
ARCLK,2021-10-03,2021-10-06,49.44,48.9456,-1.0,TRAIL_STOP,3,-0.0547,0.7,1,2021
ARCLK,2022-04-17,2022-04-18,76.33,75.5667,-1.0,TRAIL_STOP,8,-0.2828,3.18,1,2022
ARCLK,2022-06-29,2022-06-30,70.78,70.0722,-1.0,TRAIL_STOP,3,0.0006,2.29,1,2022
ARCLK,2022-07-10,2022-07-13,71.02,70.3098,-1.0,TRAIL_STOP,3,-0.1538,0.47,1,2022
ARCLK,2023-02-13,2023-02-15,119.04,119.63,0.4956,TRAIL_STOP,3,-0.5911,1.27,2,2023
ARCLK,2023-03-18,2023-03-19,99.68,98.6832,-1.0,TRAIL_STOP,16,-1.4608,2.94,1,2023
ARCLK,2023-07-27,2023-07-28,159.05,157.4595,-1.0,TRAIL_STOP,3,0.1152,1.23,1,2023
ARCLK,2023-08-03,2023-08-04,155.61,154.0539,-1.0,TRAIL_STOP,3,-0.9149,0.59,1,2023
ARCLK,2023-08-11,2023-08-17,163.0,173.25,6.2883,TRAIL_STOP,3,0.8221,3.36,2,2023
ARCLK,2023-08-31,2023-09-01,165.0,161.1,-2.3636,TRAIL_STOP,4,-0.3011,1.3,1,2023
ARCLK,2023-10-05,2023-10-07,143.2,143.8,0.419,TRAIL_STOP,3,-0.3145,1.29,2,2023
ARCLK,2023-11-07,2023-11-08,129.9,128.601,-1.0,TRAIL_STOP,3,-1.3891,1.32,1,2023
ARCLK,2023-11-15,2023-11-20,128.5,127.215,-1.0,TRAIL_STOP,5,-0.6225,1.45,1,2023
ARCLK,2024-06-01,2024-06-02,175.0,173.25,-1.0,TRAIL_STOP,4,-1.1322,0.74,1,2024
ARCLK,2024-09-25,2024-09-26,141.3,139.7,-1.1323,TRAIL_STOP,3,-0.4581,0.72,1,2024
ARCLK,2024-10-10,2024-10-11,132.2,130.878,-1.0,TRAIL_STOP,8,-2.0598,1.53,1,2024
ARCLK,2025-01-11,2025-01-12,130.8,129.492,-1.0,TRAIL_STOP,4,-0.8636,1.27,1,2025
ARCLK,2025-02-03,2025-02-04,126.7,125.433,-1.0,TRAIL_STOP,6,-1.0223,1.09,1,2025
ARCLK,2025-03-20,2025-03-21,137.4,136.026,-1.0,TRAIL_STOP,7,-1.5497,1.46,1,2025
ARCLK,2025-07-16,2025-07-17,125.7,124.443,-1.0,TRAIL_STOP,3,-1.1167,1.43,1,2025
ARCLK,2025-10-14,2025-10-17,111.4,110.286,-1.0,TRAIL_STOP,21,-1.442,1.78,1,2025
ARCLK,2025-11-24,2025-11-25,109.2,108.108,-1.0,TRAIL_STOP,4,0.1991,0.89,1,2025
ARCLK,2025-12-01,2025-12-02,108.3,107.217,-1.0,TRAIL_STOP,3,-0.2271,0.76,1,2025
ARCLK,2025-12-17,2025-12-19,107.8,107.316,-0.449,TRAIL_STOP,3,-0.6303,1.24,2,2025
ASELS,2015-04-20,2015-04-21,1.7649,1.7472,-1.0,TRAIL_STOP,4,-0.011,3.19,1,2015
ASELS,2015-11-02,2015-11-06,2.3332,2.3731,1.7094,TRAIL_STOP,4,-0.0289,0.74,2,2015
ASELS,2015-12-18,2015-12-20,2.2734,2.2734,0.0,TRAIL_STOP,13,-0.0268,1.85,2,2015
ASELS,2016-01-26,2016-01-28,2.2335,2.2605,1.2098,TRAIL_STOP,7,-0.0204,1.09,2,2016
ASELS,2016-02-15,2016-02-16,2.2734,2.2506,-1.0,TRAIL_STOP,3,0.0014,0.75,1,2016
ASELS,2016-08-31,2016-09-06,3.3403,3.4056,1.9552,TRAIL_STOP,4,-0.0092,4.29,4,2016
ASELS,2017-01-06,2017-01-13,5.2746,5.2712,-0.0643,TRAIL_STOP,3,-0.0027,1.74,3,2017
ASELS,2017-01-28,2017-01-30,5.2148,5.2048,-0.1912,TRAIL_STOP,7,-0.0151,1.55,2,2017
ASELS,2017-04-19,2017-04-25,6.332,6.3419,0.1577,TRAIL_STOP,8,-0.0711,1.31,2,2017
ASELS,2017-06-24,2017-06-27,7.9998,7.9198,-1.0,TRAIL_STOP,10,-0.2665,1.89,1,2017
ASELS,2017-07-04,2017-07-07,8.0498,7.9693,-1.0,TRAIL_STOP,3,-0.0489,1.51,1,2017
ASELS,2017-09-12,2017-09-13,7.8201,7.7419,-1.0,TRAIL_STOP,7,-0.0579,5.46,1,2017
ASELS,2017-10-12,2017-10-14,7.4306,7.5145,1.129,TRAIL_STOP,9,-0.0502,1.93,2,2017
ASELS,2017-11-28,2017-12-01,6.4418,6.3774,-1.0,TRAIL_STOP,5,-0.1326,5.29,1,2017
ASELS,2018-03-18,2018-03-19,6.4818,6.4019,-1.2327,TRAIL_STOP,3,-0.0193,1.78,1,2018
ASELS,2018-04-06,2018-04-07,6.4218,6.3576,-1.0,TRAIL_STOP,5,-0.04,1.13,1,2018
ASELS,2018-04-21,2018-04-22,6.292,6.2291,-1.0,TRAIL_STOP,5,-0.0093,0.98,1,2018
ASELS,2018-06-14,2018-06-18,6.312,6.5257,3.3861,TRAIL_STOP,8,-0.0634,1.34,2,2018
ASELS,2018-08-26,2018-08-27,5.6928,5.6358,-1.0,TRAIL_STOP,6,-0.0452,1.83,1,2018
ASELS,2018-09-28,2018-09-29,5.9025,5.8435,-1.0,TRAIL_STOP,6,-0.0471,1.34,1,2018
ASELS,2018-12-14,2018-12-15,5.1634,5.1118,-1.0,TRAIL_STOP,3,-0.0095,1.67,1,2018
ASELS,2019-02-16,2019-02-18,4.3744,4.3604,-0.3219,TRAIL_STOP,3,-0.006,0.78,2,2019
ASELS,2019-03-13,2019-03-14,4.3545,4.3109,-1.0,TRAIL_STOP,8,-0.0449,2.2,1,2019
ASELS,2019-05-26,2019-06-01,4.744,4.8838,2.9474,TRAIL_STOP,6,-0.0004,2.15,2,2019
ASELS,2020-03-11,2020-03-16,7.8001,7.9989,2.5493,TRAIL_STOP,3,-0.0219,1.55,3,2020
ASELS,2020-03-27,2020-03-31,7.86,7.9989,1.7675,TRAIL_STOP,3,-0.0248,0.71,3,2020
ASELS,2020-06-10,2020-06-14,8.2795,8.4093,1.5682,TRAIL_STOP,7,-0.01,2.73,2,2020
ASELS,2020-10-14,2020-10-17,9.0185,8.9284,-1.0,TRAIL_STOP,5,-0.0482,1.28,1,2020
ASELS,2020-10-27,2020-10-28,8.7988,8.7108,-1.0,TRAIL_STOP,5,-0.0741,1.84,1,2020
ASELS,2020-11-12,2020-11-15,8.699,8.612,-1.0,TRAIL_STOP,3,-0.046,1.57,1,2020
ASELS,2021-01-23,2021-01-24,7.6003,7.5243,-1.0,TRAIL_STOP,5,-0.0302,2.77,1,2021
ASELS,2021-02-04,2021-02-08,7.3806,7.3407,-0.5413,TRAIL_STOP,3,-0.0187,2.5,2,2021
ASELS,2021-04-07,2021-04-08,7.3706,7.2969,-1.0,TRAIL_STOP,8,-0.0378,1.2,1,2021
ASELS,2021-12-10,2021-12-16,11.016,11.7351,6.5277,TRAIL_STOP,6,-0.1488,1.89,2,2021
ASELS,2022-08-21,2022-08-22,16.4491,16.2846,-1.0,TRAIL_STOP,3,0.0846,1.32,1,2022
ASELS,2023-01-25,2023-01-26,28.1642,27.8826,-1.0,TRAIL_STOP,3,-0.2168,0.6,1,2023
ASELS,2023-04-02,2023-04-07,21.7624,24.3391,11.8403,TRAIL_STOP,4,-0.1555,2.42,3,2023
ASELS,2023-04-30,2023-05-05,25.5975,27.0916,5.8369,TRAIL_STOP,3,-0.2542,1.35,3,2023
ASELS,2024-01-29,2024-02-01,58.3759,57.7921,-1.0,TRAIL_STOP,5,-0.745,1.06,1,2024
ASELS,2024-02-05,2024-02-08,57.487,56.9121,-1.0,TRAIL_STOP,4,-0.4127,0.73,1,2024
ASELS,2024-02-11,2024-02-12,57.7367,57.1593,-1.0,TRAIL_STOP,3,-0.0997,3.0,1,2024
ASELS,2024-04-11,2024-04-15,61.2722,62.221,1.5485,TRAIL_STOP,3,-0.2352,1.19,2,2024
ASELS,2024-05-09,2024-05-10,59.9738,59.3741,-1.0,TRAIL_STOP,3,-0.4909,1.11,1,2024
ASELS,2024-06-30,2024-07-01,63.1198,62.171,-1.5032,TRAIL_STOP,3,-0.1261,1.33,1,2024
ASELS,2024-08-13,2024-08-16,58.1761,57.5944,-1.0,TRAIL_STOP,5,-0.2026,1.04,1,2024
ASELS,2024-09-05,2024-09-08,60.9726,60.3628,-1.0,TRAIL_STOP,3,-0.1162,1.1,1,2024
ASELS,2024-11-22,2024-11-23,70.6603,69.9537,-1.0,TRAIL_STOP,5,-0.2394,2.24,1,2024
ASELS,2025-05-19,2025-05-25,134.5291,138.1276,2.6748,TRAIL_STOP,5,-1.5392,1.72,2,2025
ASELS,2025-08-07,2025-08-08,181.2698,179.4571,-1.0,TRAIL_STOP,7,-0.019,2.14,1,2025
ASELS,2025-08-23,2025-08-24,181.7691,179.9515,-1.0,TRAIL_STOP,3,-0.5369,0.93,1,2025
ASELS,2026-02-05,2026-02-06,298.25,295.2675,-1.0,TRAIL_STOP,3,-2.1895,0.91,1,2026
ASELS,2026-04-02,2026-04-03,336.5,333.135,-1.0,TRAIL_STOP,4,-2.7918,1.35,1,2026
BIMAS,2015-11-02,2015-11-05,22.3451,22.1217,-1.0,TRAIL_STOP,4,-0.4061,2.34,1,2015
BIMAS,2015-11-26,2015-11-27,21.9911,21.7711,-1.0,TRAIL_STOP,3,-0.1253,0.3,1,2015
BIMAS,2015-12-26,2015-12-27,21.3116,21.0985,-1.0,TRAIL_STOP,4,-0.1206,1.25,1,2015
BIMAS,2016-02-12,2016-02-16,20.9097,20.8995,-0.0485,TRAIL_STOP,3,-0.0903,0.79,2,2016
BIMAS,2016-04-15,2016-04-16,19.0149,18.8247,-1.0,TRAIL_STOP,3,-0.0342,0.73,1,2016
BIMAS,2016-05-13,2016-05-15,18.6417,18.6895,0.2567,TRAIL_STOP,6,-0.2437,1.49,2,2016
BIMAS,2016-07-05,2016-07-07,18.479,18.6163,0.7431,TRAIL_STOP,5,-0.0515,2.89,2,2016
BIMAS,2016-07-20,2016-07-22,18.6034,19.3458,3.9907,TRAIL_STOP,3,-0.0236,1.36,2,2016
BIMAS,2016-08-25,2016-08-30,20.0197,20.0942,0.3724,TRAIL_STOP,7,-0.0844,1.54,3,2016
BIMAS,2016-09-12,2016-09-14,19.9431,19.7721,-0.8575,TRAIL_STOP,3,-0.0718,0.71,2,2016
BIMAS,2016-10-23,2016-10-25,21.3403,21.269,-0.3341,TRAIL_STOP,6,-0.0054,0.79,2,2016
BIMAS,2016-11-03,2016-11-08,21.2829,21.7238,2.0715,TRAIL_STOP,5,-0.0541,1.04,3,2016
BIMAS,2017-03-05,2017-03-06,27.1281,26.8568,-1.0,TRAIL_STOP,5,0.0303,1.79,1,2017
BIMAS,2017-04-09,2017-04-11,28.9281,28.8141,-0.3941,TRAIL_STOP,4,-0.0933,1.14,2,2017
BIMAS,2017-05-04,2017-05-05,28.5445,28.259,-1.0,TRAIL_STOP,6,-0.2015,1.72,1,2017
BIMAS,2018-01-11,2018-01-12,26.6658,26.3991,-1.0,TRAIL_STOP,6,-0.3304,1.27,1,2018
BIMAS,2018-02-22,2018-02-23,26.3805,26.1167,-1.0,TRAIL_STOP,5,-0.1108,0.55,1,2018
BIMAS,2018-03-16,2018-03-17,27.5117,27.2363,-1.0011,TRAIL_STOP,3,-0.0527,0.77,1,2018
BIMAS,2018-05-23,2018-05-24,31.6429,31.3264,-1.0,TRAIL_STOP,3,-0.097,1.18,1,2018
BIMAS,2018-06-25,2018-06-26,32.3609,32.0373,-1.0,TRAIL_STOP,10,-0.0322,3.37,1,2018
BIMAS,2018-09-22,2018-09-24,36.8462,36.8673,0.0571,TRAIL_STOP,4,0.0228,0.5,2,2018
BIMAS,2018-12-06,2018-12-08,31.5445,31.7609,0.686,TRAIL_STOP,6,-0.0954,0.69,2,2018
BIMAS,2019-02-20,2019-02-26,32.115,33.3909,3.9728,TRAIL_STOP,5,-0.0367,1.09,2,2019
BIMAS,2019-05-04,2019-05-08,38.2429,38.9219,1.7755,TRAIL_STOP,6,-0.3253,0.87,2,2019
BIMAS,2019-07-06,2019-07-08,38.3708,38.3084,-0.1625,TRAIL_STOP,4,-0.0626,0.58,2,2019
BIMAS,2019-07-29,2019-07-31,37.0626,37.6852,1.6799,TRAIL_STOP,5,-0.2279,1.05,2,2019
BIMAS,2019-08-15,2019-08-16,37.2692,36.8965,-1.0,TRAIL_STOP,7,-0.1495,1.13,1,2019
BIMAS,2019-12-10,2019-12-11,42.2856,41.8627,-1.0,TRAIL_STOP,3,-0.0755,0.79,1,2019
BIMAS,2019-12-19,2019-12-23,42.5807,42.6418,0.1434,TRAIL_STOP,5,0.0907,1.51,2,2019
BIMAS,2020-03-20,2020-03-22,58.0234,59.011,1.702,TRAIL_STOP,3,0.1533,1.5,2,2020
BIMAS,2020-06-11,2020-06-14,57.6103,57.0342,-1.0,TRAIL_STOP,4,-0.0686,1.36,1,2020
BIMAS,2020-07-24,2020-07-29,57.4333,57.6866,0.4412,TRAIL_STOP,4,-0.3674,0.7,3,2020
BIMAS,2020-08-06,2020-08-07,58.23,57.6477,-1.0,TRAIL_STOP,5,0.0417,2.35,1,2020
BIMAS,2020-09-01,2020-09-06,58.3874,59.2726,1.5162,TRAIL_STOP,3,-0.1798,1.14,3,2020
BIMAS,2020-10-18,2020-10-19,64.1022,63.4611,-1.0,TRAIL_STOP,3,-0.1181,1.49,1,2020
BIMAS,2021-02-25,2021-02-28,56.6365,55.9382,-1.2331,TRAIL_STOP,6,-0.254,2.38,1,2021
BIMAS,2021-03-10,2021-03-16,55.23,56.2065,1.7681,TRAIL_STOP,5,-0.1763,1.21,4,2021
BIMAS,2021-03-30,2021-03-31,55.8005,55.2424,-1.0,TRAIL_STOP,4,-0.2824,1.38,1,2021
BIMAS,2021-06-22,2021-06-25,61.3972,60.4333,-1.57,TRAIL_STOP,10,-0.3395,1.21,1,2021
BIMAS,2021-11-07,2021-11-08,65.3514,64.6978,-1.0,TRAIL_STOP,3,0.1304,1.31,1,2021
BIMAS,2021-12-16,2021-12-18,68.076,68.9907,1.3437,TRAIL_STOP,4,0.0776,0.7,2,2021
BIMAS,2022-01-23,2022-01-27,75.7186,75.721,0.0031,TRAIL_STOP,4,-0.0672,0.91,2,2022
BIMAS,2022-02-21,2022-02-22,77.3514,76.5779,-1.0,TRAIL_STOP,4,-0.2754,1.35,1,2022
BIMAS,2022-03-05,2022-03-06,76.4859,75.721,-1.0,TRAIL_STOP,4,-0.4127,1.75,1,2022
BIMAS,2022-03-14,2022-03-15,74.4399,73.6955,-1.0,TRAIL_STOP,5,-0.8048,0.81,1,2022
BIMAS,2023-03-02,2023-03-03,148.1815,146.6997,-1.0,TRAIL_STOP,3,-1.0443,1.53,1,2023
BIMAS,2023-09-07,2023-09-08,285.6908,282.8339,-1.0,TRAIL_STOP,4,-3.7146,0.77,1,2023
BIMAS,2023-09-17,2023-09-18,274.3203,271.577,-1.0,TRAIL_STOP,6,-3.5647,0.79,1,2023
BIMAS,2023-10-01,2023-10-05,285.6908,289.6309,1.3791,TRAIL_STOP,3,0.6291,1.08,2,2023
BIMAS,2024-01-28,2024-02-02,368.4325,374.649,1.6873,TRAIL_STOP,4,-2.8325,1.12,3,2024
BIMAS,2024-03-19,2024-03-22,369.8686,366.1699,-1.0,TRAIL_STOP,5,-0.8226,1.08,1,2024
BIMAS,2024-08-10,2024-08-12,537.7421,542.5421,0.8926,TRAIL_STOP,3,-1.8341,1.16,2,2024
BIMAS,2024-10-09,2024-10-10,476.8662,472.0975,-1.0,TRAIL_STOP,4,0.7334,1.96,1,2024
BIMAS,2024-10-25,2024-10-29,453.3873,461.3742,1.7616,TRAIL_STOP,8,-4.791,1.24,2,2024
BIMAS,2024-11-29,2024-12-01,498.6237,505.4598,1.371,TRAIL_STOP,5,-2.974,1.28,2,2024
BIMAS,2024-12-26,2024-12-28,507.8992,508.873,0.1917,TRAIL_STOP,4,-3.074,1.13,2,2024
BIMAS,2025-01-03,2025-01-05,509.8468,533.7585,4.69,TRAIL_STOP,3,-1.2671,1.48,2,2025
BIMAS,2025-04-05,2025-04-09,452.0299,453.0698,0.2301,TRAIL_STOP,5,-1.9844,1.39,2,2025
BIMAS,2025-05-09,2025-05-10,472.0366,467.3163,-1.0,TRAIL_STOP,4,-0.3042,0.67,1,2025
BIMAS,2025-06-08,2025-06-09,480.9875,476.1776,-1.0,TRAIL_STOP,4,-6.7734,1.62,1,2025
BIMAS,2025-06-14,2025-06-19,486.6433,500.0352,2.7519,TRAIL_STOP,3,-1.8395,2.21,3,2025
BIMAS,2025-08-08,2025-08-09,520.3321,515.1288,-1.0,TRAIL_STOP,4,-2.8462,1.66,1,2025
BIMAS,2025-09-03,2025-09-05,515.9058,516.3989,0.0956,TRAIL_STOP,9,-2.5207,1.74,2,2025
BIMAS,2025-10-28,2025-11-01,546.6296,551.9571,0.9746,TRAIL_STOP,5,-2.4845,1.32,2,2025
BIMAS,2025-11-10,2025-11-12,547.6207,543.6561,-0.724,TRAIL_STOP,3,-0.83,0.98,2,2025
BIMAS,2025-11-17,2025-11-19,540.187,539.6914,-0.0917,TRAIL_STOP,3,-3.2142,0.8,2,2025
BIMAS,2025-12-27,2025-12-31,543.0,556.0,2.3941,TRAIL_STOP,4,-1.045,0.76,2,2025
BIMAS,2026-03-30,2026-04-02,683.0,683.0,0.0,TRAIL_STOP,3,-2.0923,0.87,2,2026
DOHOL,2015-01-23,2015-01-24,0.4415,0.4317,-2.2222,TRAIL_STOP,5,-0.0027,0.56,1,2015
DOHOL,2015-05-22,2015-05-23,0.4023,0.3924,-2.439,TRAIL_STOP,7,-0.0029,1.56,1,2015
DOHOL,2015-08-09,2015-08-10,0.4219,0.4177,-1.0,TRAIL_STOP,7,-0.0007,1.1,1,2015
DOHOL,2015-08-15,2015-08-16,0.4219,0.4177,-1.0,TRAIL_STOP,3,-0.0002,0.75,1,2015
DOHOL,2015-08-26,2015-08-28,0.4219,0.4274,1.3023,TRAIL_STOP,5,0.0005,1.66,2,2015
DOHOL,2015-09-15,2015-09-16,0.4415,0.4317,-2.2222,TRAIL_STOP,3,-0.0017,1.53,1,2015
DOHOL,2015-09-23,2015-09-24,0.4317,0.4274,-1.0,TRAIL_STOP,3,-0.0021,0.97,1,2015
DOHOL,2015-12-01,2015-12-04,0.4023,0.3982,-1.0,TRAIL_STOP,10,-0.005,0.44,1,2015
DOHOL,2016-01-07,2016-01-11,0.3728,0.3728,0.0,TRAIL_STOP,3,-0.0029,0.8,2,2016
DOHOL,2016-05-05,2016-05-07,0.6279,0.6216,-1.0,TRAIL_STOP,4,-0.0016,3.85,1,2016
DOHOL,2016-08-26,2016-08-27,0.6573,0.6475,-1.4925,TRAIL_STOP,4,-0.0032,0.2,1,2016
DOHOL,2016-10-19,2016-10-20,0.569,0.5634,-1.0,TRAIL_STOP,6,0.0007,5.36,1,2016
DOHOL,2016-10-30,2016-10-31,0.5789,0.5731,-1.0,TRAIL_STOP,3,0.0018,5.28,1,2016
DOHOL,2016-11-23,2016-11-24,0.5985,0.5925,-1.0,TRAIL_STOP,4,0.0028,2.91,1,2016
DOHOL,2016-11-30,2016-12-01,0.5887,0.5828,-1.0,TRAIL_STOP,3,-0.002,1.15,1,2016
DOHOL,2017-01-24,2017-01-27,0.5887,0.5828,-1.0,TRAIL_STOP,6,-0.0015,0.2,1,2017
DOHOL,2017-03-18,2017-03-19,0.6692,0.6625,-1.0,TRAIL_STOP,9,-0.0035,1.48,1,2017
DOHOL,2017-05-13,2017-05-16,0.7381,0.7307,-1.0,TRAIL_STOP,3,-0.0002,1.04,1,2017
DOHOL,2017-06-08,2017-06-09,0.7381,0.7282,-1.3333,TRAIL_STOP,3,-0.0021,1.57,1,2017
DOHOL,2018-05-27,2018-05-29,0.8955,0.9546,6.5934,TRAIL_STOP,3,-0.0047,1.35,2,2018
DOHOL,2018-06-27,2018-06-29,0.9054,0.9349,3.2609,TRAIL_STOP,3,-0.0034,1.51,2,2018
DOHOL,2018-07-12,2018-07-13,0.9152,0.9061,-1.0,TRAIL_STOP,7,-0.0016,1.62,1,2018
DOHOL,2018-07-22,2018-07-25,0.9054,0.8963,-1.0,TRAIL_STOP,5,-0.0027,0.51,1,2018
DOHOL,2019-07-17,2019-07-20,1.4565,1.4419,-1.0,TRAIL_STOP,6,-0.0157,1.18,1,2019
DOHOL,2019-08-28,2019-08-30,1.6238,1.6075,-1.0,TRAIL_STOP,8,-0.0007,1.13,2,2019
DOHOL,2019-10-23,2019-10-24,1.7419,1.7245,-1.0,TRAIL_STOP,6,-0.0084,2.96,1,2019
DOHOL,2019-12-15,2019-12-17,1.3187,1.3384,1.4925,TRAIL_STOP,3,-0.0102,1.75,2,2019
DOHOL,2020-03-06,2020-03-07,1.7714,1.7537,-1.0,TRAIL_STOP,3,-0.0047,1.0,1,2020
DOHOL,2020-07-18,2020-07-23,2.165,2.1726,0.35,TRAIL_STOP,3,-0.0132,0.76,2,2020
DOHOL,2020-08-22,2020-08-23,2.293,2.27,-1.0,TRAIL_STOP,5,-0.015,2.46,1,2020
DOHOL,2021-01-10,2021-01-11,2.8933,2.8643,-1.0,TRAIL_STOP,3,-0.038,1.4,1,2021
DOHOL,2021-03-23,2021-03-25,2.6965,2.689,-0.2774,TRAIL_STOP,8,-0.0091,0.31,2,2021
DOHOL,2021-06-07,2021-06-11,2.4209,2.4357,0.6097,TRAIL_STOP,9,-0.0099,2.72,2,2021
DOHOL,2021-06-18,2021-06-19,2.3914,2.3675,-1.0,TRAIL_STOP,4,-0.0069,1.72,1,2021
DOHOL,2021-11-08,2021-11-13,2.7161,2.7377,0.7935,TRAIL_STOP,6,-0.02,1.16,2,2021
DOHOL,2021-11-21,2021-11-22,2.6768,2.65,-1.0,TRAIL_STOP,4,-0.0174,0.66,1,2021
DOHOL,2022-01-12,2022-01-14,3.031,3.0409,0.3247,TRAIL_STOP,3,-0.0036,0.75,2,2022
DOHOL,2022-07-29,2022-07-30,4.8221,4.7739,-1.0,TRAIL_STOP,5,-0.087,1.06,1,2022
DOHOL,2023-03-15,2023-03-16,8.5617,8.4436,-1.3793,TRAIL_STOP,8,-0.1194,2.22,1,2023
DOHOL,2023-04-30,2023-05-05,9.2506,9.6147,3.9362,TRAIL_STOP,4,-0.0635,1.44,3,2023
DOHOL,2023-09-06,2023-09-08,13.9054,14.4873,4.1847,TRAIL_STOP,3,-0.0088,1.14,2,2023
DOHOL,2024-01-22,2024-01-25,13.5315,13.3962,-1.0,TRAIL_STOP,3,-0.0501,0.8,1,2024
DOHOL,2024-02-27,2024-03-08,13.2067,13.3445,1.0432,TRAIL_STOP,3,-0.0092,1.2,3,2024
DOHOL,2024-05-03,2024-05-06,14.4959,14.3509,-1.0,TRAIL_STOP,7,-0.1245,1.39,1,2024
DOHOL,2024-06-01,2024-06-05,16.0114,16.159,0.9219,TRAIL_STOP,3,0.0186,0.88,2,2024
DOHOL,2024-10-09,2024-10-10,13.0394,12.909,-1.0,TRAIL_STOP,4,-0.0376,2.19,1,2024
DOHOL,2024-12-09,2024-12-13,14.7714,14.6238,-0.9993,TRAIL_STOP,3,-0.1266,1.61,2,2024
DOHOL,2025-05-18,2025-05-20,14.7616,14.7309,-0.208,TRAIL_STOP,7,-0.0858,0.9,2,2025
DOHOL,2025-06-08,2025-06-11,14.5845,14.7518,1.1471,TRAIL_STOP,8,-0.0767,1.21,3,2025
DOHOL,2025-07-16,2025-07-17,15.7359,15.5785,-1.0,TRAIL_STOP,3,-0.0155,0.75,1,2025
DOHOL,2025-09-21,2025-09-22,17.8,17.622,-1.0,TRAIL_STOP,3,-0.0411,0.89,1,2025
DOHOL,2025-11-10,2025-11-12,17.26,17.5,1.3905,TRAIL_STOP,3,-0.0029,1.15,2,2025
DOHOL,2025-12-30,2026-01-01,17.9,17.8992,-0.0045,TRAIL_STOP,4,-0.1853,0.86,2,2025
DOHOL,2026-04-08,2026-04-13,20.38,20.72,1.6683,TRAIL_STOP,4,-0.1845,1.03,3,2026
EKGYO,2015-04-16,2015-04-21,2.18,2.45,12.3853,TRAIL_STOP,3,-0.0009,1.41,2,2015
EKGYO,2015-08-09,2015-08-10,1.91,1.8909,-1.0,TRAIL_STOP,7,-0.0267,0.79,1,2015
EKGYO,2015-12-18,2015-12-19,2.26,2.2374,-1.0,TRAIL_STOP,5,0.0002,1.4,1,2015
EKGYO,2016-07-05,2016-07-07,2.39,2.376,-0.5858,TRAIL_STOP,5,-0.0001,2.57,2,2016
EKGYO,2016-07-21,2016-07-25,2.43,2.47,1.6461,TRAIL_STOP,3,0.0069,2.61,2,2016
EKGYO,2016-08-08,2016-08-11,2.44,2.45,0.4098,TRAIL_STOP,3,-0.0032,1.93,2,2016
EKGYO,2016-09-27,2016-09-28,2.5,2.475,-1.0,TRAIL_STOP,5,-0.0103,1.16,1,2016
EKGYO,2016-11-24,2016-11-25,2.32,2.2968,-1.0,TRAIL_STOP,5,-0.0077,1.77,1,2016
EKGYO,2016-11-30,2016-12-01,2.32,2.2968,-1.0,TRAIL_STOP,3,-0.0056,1.79,1,2016
EKGYO,2016-12-07,2016-12-09,2.32,2.3958,3.2672,TRAIL_STOP,3,-0.0031,1.26,2,2016
EKGYO,2016-12-25,2016-12-29,2.4,2.3859,-0.5875,TRAIL_STOP,3,-0.0024,0.83,2,2016
EKGYO,2017-01-08,2017-01-13,2.38,2.3562,-1.0,TRAIL_STOP,7,-0.0019,2.4,1,2017
EKGYO,2017-01-21,2017-01-23,2.36,2.3364,-1.0,TRAIL_STOP,3,-0.0014,0.84,2,2017
EKGYO,2017-01-28,2017-01-31,2.38,2.4255,1.9118,TRAIL_STOP,4,-0.0015,2.25,3,2017
EKGYO,2017-05-11,2017-05-16,2.12,2.17,2.3585,TRAIL_STOP,4,-0.0106,1.91,3,2017
EKGYO,2017-10-27,2017-10-28,2.07,2.0493,-1.0,TRAIL_STOP,8,-0.0028,3.59,1,2017
EKGYO,2017-12-05,2017-12-07,2.02,2.01,-0.495,TRAIL_STOP,6,-0.0007,1.18,2,2017
EKGYO,2018-10-08,2018-10-13,1.26,1.2771,1.3571,TRAIL_STOP,13,-0.0098,0.77,3,2018
EKGYO,2019-02-18,2019-02-20,1.02,1.01,-0.9804,TRAIL_STOP,3,0.0008,0.39,2,2019
EKGYO,2019-07-06,2019-07-10,1.09,1.13,3.6697,TRAIL_STOP,4,-0.0043,0.58,4,2019
EKGYO,2019-09-13,2019-09-18,1.31,1.4058,7.313,TRAIL_STOP,4,-0.0079,2.62,3,2019
EKGYO,2020-05-04,2020-05-05,1.85,1.8315,-1.0,TRAIL_STOP,4,-0.0255,1.86,1,2020
EKGYO,2020-09-05,2020-09-06,1.89,1.8711,-1.0,TRAIL_STOP,6,-0.0054,2.6,1,2020
EKGYO,2020-10-25,2020-10-27,2.19,2.21,0.9132,TRAIL_STOP,3,-0.0117,0.44,2,2020
EKGYO,2021-01-01,2021-01-02,1.81,1.7919,-1.0,TRAIL_STOP,4,-0.0207,2.5,1,2021
EKGYO,2021-06-04,2021-06-07,1.67,1.66,-0.5988,TRAIL_STOP,3,-0.007,0.68,2,2021
EKGYO,2021-11-08,2021-11-14,2.14,2.2374,4.5514,TRAIL_STOP,4,-0.0135,1.7,3,2021
EKGYO,2022-02-21,2022-02-22,2.55,2.5245,-1.0,TRAIL_STOP,4,-0.0068,0.58,1,2022
EKGYO,2022-07-29,2022-07-30,3.99,3.9501,-1.0,TRAIL_STOP,13,-0.0363,1.35,1,2022
EKGYO,2022-11-16,2022-11-17,8.09,8.0091,-1.0,TRAIL_STOP,6,-0.1193,1.25,1,2022
EKGYO,2023-03-18,2023-03-19,5.77,5.7123,-1.0,TRAIL_STOP,13,-0.11,2.44,1,2023
EKGYO,2023-07-14,2023-07-17,8.61,8.5239,-1.0,TRAIL_STOP,5,-0.0105,1.36,1,2023
EKGYO,2023-11-01,2023-11-04,7.21,7.1379,-1.0,TRAIL_STOP,3,-0.0914,0.62,1,2023
EKGYO,2024-03-19,2024-03-23,9.42,9.53,1.1677,TRAIL_STOP,6,-0.1216,1.16,2,2024
EKGYO,2024-04-22,2024-04-23,9.04,8.9496,-1.0,TRAIL_STOP,3,-0.0882,0.99,1,2024
EKGYO,2024-05-09,2024-05-10,8.84,8.7516,-1.0,TRAIL_STOP,9,-0.026,1.3,1,2024
EKGYO,2024-08-19,2024-08-23,11.48,11.6424,1.4146,TRAIL_STOP,8,-0.0522,1.26,2,2024
EKGYO,2024-11-28,2024-11-30,13.01,13.4541,3.4135,TRAIL_STOP,3,-0.0548,0.78,2,2024
EKGYO,2025-08-06,2025-08-08,20.12,20.3,0.8946,TRAIL_STOP,3,-0.0404,2.1,2,2025
EKGYO,2025-09-18,2025-09-22,19.87,20.6,3.6739,TRAIL_STOP,3,-0.195,1.21,2,2025
EKGYO,2025-09-30,2025-10-03,19.82,19.5,-1.6145,TRAIL_STOP,5,-0.0586,1.03,1,2025
EKGYO,2026-05-08,2026-05-10,21.22,21.58,1.6965,TRAIL_STOP,6,-0.1339,1.5,2,2026
EREGL,2015-03-22,2015-03-26,0.9591,0.9982,4.0816,TRAIL_STOP,3,-0.0033,1.97,4,2015
EREGL,2015-07-13,2015-07-17,0.7585,0.7633,0.6452,TRAIL_STOP,6,-0.0095,0.88,2,2015
EREGL,2015-11-01,2015-11-02,1.1744,1.1626,-1.0,TRAIL_STOP,6,-0.0141,0.97,1,2015
EREGL,2015-12-18,2015-12-20,1.0961,1.09,-0.558,TRAIL_STOP,7,-0.0086,0.83,2,2015
EREGL,2016-04-09,2016-04-10,1.1842,1.1723,-1.0,TRAIL_STOP,7,-0.0043,1.24,1,2016
EREGL,2016-04-17,2016-04-21,1.1499,1.1626,1.1064,TRAIL_STOP,4,-0.0077,1.7,2,2016
EREGL,2016-07-19,2016-07-20,1.3456,1.331,-1.0909,TRAIL_STOP,5,-0.0115,1.02,1,2016
EREGL,2016-08-23,2016-08-25,1.5854,1.5986,0.8333,TRAIL_STOP,4,0.0039,0.7,2,2016
EREGL,2016-12-25,2016-12-29,1.8692,1.899,1.5916,TRAIL_STOP,3,-0.0051,0.85,2,2016
EREGL,2017-01-06,2017-01-07,1.8937,1.8748,-1.0,TRAIL_STOP,3,-0.0018,1.42,1,2017
EREGL,2017-03-11,2017-03-13,2.34,2.3661,1.1154,TRAIL_STOP,4,0.0016,1.63,2,2017
EREGL,2017-04-17,2017-04-18,2.28,2.2572,-1.0,TRAIL_STOP,10,-0.0193,1.24,1,2017
EREGL,2017-06-30,2017-07-02,2.57,2.56,-0.3891,TRAIL_STOP,4,-0.0368,0.93,2,2017
EREGL,2017-09-11,2017-09-17,2.87,2.9898,4.1742,TRAIL_STOP,6,-0.0139,1.4,4,2017
EREGL,2018-01-23,2018-01-24,3.39,3.3561,-1.0,TRAIL_STOP,6,-0.0257,1.01,1,2018
EREGL,2018-02-08,2018-02-10,3.28,3.27,-0.3049,TRAIL_STOP,4,-0.0158,1.87,2,2018
EREGL,2018-02-22,2018-02-24,3.29,3.4254,4.1155,TRAIL_STOP,3,-0.0321,0.84,2,2018
EREGL,2018-10-30,2018-10-31,2.79,2.7621,-1.0,TRAIL_STOP,4,-0.0117,0.92,1,2018
EREGL,2019-05-26,2019-06-01,2.52,2.53,0.3968,TRAIL_STOP,5,-0.0072,1.23,2,2019
EREGL,2019-06-10,2019-06-14,2.47,2.54,2.834,TRAIL_STOP,6,-0.0121,1.5,2,2019
EREGL,2019-10-10,2019-10-12,3.46,3.51,1.4451,TRAIL_STOP,3,-0.0219,1.1,2,2019
EREGL,2020-01-31,2020-02-01,3.01,2.9799,-1.0,TRAIL_STOP,3,0.0072,2.4,1,2020
EREGL,2020-03-04,2020-03-06,3.11,3.11,0.0,TRAIL_STOP,5,-0.0034,1.5,2,2020
EREGL,2020-05-20,2020-05-25,3.3,3.3462,1.4,TRAIL_STOP,3,-0.0063,0.93,3,2020
EREGL,2020-07-22,2020-07-23,3.74,3.7026,-1.0,TRAIL_STOP,3,-0.0212,1.35,1,2020
EREGL,2020-11-18,2020-11-19,5.61,5.53,-1.426,TRAIL_STOP,7,-0.0312,1.38,1,2020
EREGL,2020-12-19,2020-12-20,6.16,6.0984,-1.0,TRAIL_STOP,3,-0.1084,0.77,1,2020
EREGL,2021-02-21,2021-02-22,8.26,8.1774,-1.0,TRAIL_STOP,3,-0.0842,1.05,1,2021
EREGL,2021-03-12,2021-03-16,8.24,8.34,1.2136,TRAIL_STOP,3,0.0001,1.67,2,2021
EREGL,2021-07-14,2021-07-19,7.28,7.49,2.8846,TRAIL_STOP,3,-0.0591,1.31,3,2021
EREGL,2021-10-03,2021-10-07,12.18,12.48,2.463,TRAIL_STOP,3,-0.2353,0.94,2,2021
EREGL,2021-11-19,2021-11-20,12.34,12.2166,-1.0,TRAIL_STOP,3,-0.0827,1.82,1,2021
EREGL,2022-06-10,2022-06-14,14.43,14.63,1.386,TRAIL_STOP,3,0.0804,4.98,2,2022
EREGL,2022-06-29,2022-07-01,15.16,15.57,2.7045,TRAIL_STOP,3,0.0532,3.98,2,2022
EREGL,2022-07-29,2022-07-30,15.29,15.1371,-1.0,TRAIL_STOP,6,-0.0336,1.54,1,2022
EREGL,2022-08-12,2022-08-13,14.86,14.7114,-1.0,TRAIL_STOP,4,-0.0729,1.84,1,2022
EREGL,2022-08-19,2022-08-20,14.91,14.7609,-1.0,TRAIL_STOP,3,0.0038,1.79,1,2022
EREGL,2022-08-29,2022-08-30,14.98,14.8302,-1.0,TRAIL_STOP,3,-0.0005,1.52,1,2022
EREGL,2022-10-10,2022-10-12,20.3,21.11,3.9902,TRAIL_STOP,3,-0.0161,0.79,2,2022
EREGL,2022-10-17,2022-10-19,20.31,20.61,1.4771,TRAIL_STOP,3,-0.0154,0.88,2,2022
EREGL,2022-12-04,2022-12-07,19.21,18.85,-1.874,TRAIL_STOP,9,-0.2874,0.95,1,2022
EREGL,2023-04-02,2023-04-06,15.64,16.4835,5.3932,TRAIL_STOP,5,-0.0172,1.33,2,2023
EREGL,2023-06-03,2023-06-04,18.57,18.3843,-1.0,TRAIL_STOP,4,-0.084,2.96,1,2023
EREGL,2023-09-07,2023-09-08,20.45,20.2455,-1.0,TRAIL_STOP,9,-0.4869,1.96,1,2023
EREGL,2023-12-13,2023-12-18,20.95,21.3642,1.9771,TRAIL_STOP,5,-0.0547,1.07,3,2023
EREGL,2024-03-12,2024-03-17,20.42,20.6514,1.1332,TRAIL_STOP,3,-0.0614,1.54,2,2024
EREGL,2024-05-08,2024-05-16,23.68,25.5222,7.7796,TRAIL_STOP,3,-0.2622,1.08,3,2024
EREGL,2024-06-30,2024-07-01,28.36,27.94,-1.481,TRAIL_STOP,4,0.0313,1.2,1,2024
EREGL,2024-12-30,2025-01-02,23.08,22.8492,-1.0,TRAIL_STOP,14,-0.1826,1.36,1,2024
EREGL,2025-05-19,2025-05-20,23.52,23.2848,-1.0,TRAIL_STOP,4,-0.1429,1.04,1,2025
EREGL,2025-09-03,2025-09-05,27.5,27.5418,0.152,TRAIL_STOP,9,-0.5132,1.24,2,2025
EREGL,2025-12-01,2025-12-02,24.16,23.9184,-1.0,TRAIL_STOP,4,-0.0988,1.28,1,2025
FROTO,2015-02-16,2015-02-17,1.5997,1.5793,-1.2732,TRAIL_STOP,14,-0.0105,1.7,1,2015
FROTO,2015-07-10,2015-07-11,1.6285,1.6047,-1.4591,TRAIL_STOP,3,-0.0079,0.8,1,2015
FROTO,2015-11-20,2015-11-21,1.9527,1.9332,-1.0,TRAIL_STOP,3,-0.011,1.59,1,2015
FROTO,2015-12-01,2015-12-06,1.94,1.9752,1.8149,TRAIL_STOP,3,-0.0021,1.03,3,2015
FROTO,2015-12-18,2015-12-19,1.8763,1.8575,-1.0,TRAIL_STOP,7,-0.0274,0.9,1,2015
FROTO,2016-06-13,2016-06-14,1.6743,1.6576,-1.0,TRAIL_STOP,3,0.0023,1.77,1,2016
FROTO,2016-07-15,2016-07-18,1.6879,1.671,-1.0,TRAIL_STOP,3,-0.0088,0.9,1,2016
FROTO,2016-10-16,2016-10-17,2.0715,2.0508,-1.0,TRAIL_STOP,8,-0.0109,1.28,1,2016
FROTO,2017-01-30,2017-02-06,2.4712,2.5943,4.9835,TRAIL_STOP,8,-0.0065,1.15,5,2017
FROTO,2017-04-09,2017-04-10,2.8126,2.7845,-1.0,TRAIL_STOP,3,-0.0035,0.93,1,2017
FROTO,2017-10-26,2017-10-28,3.6926,3.8533,4.3513,TRAIL_STOP,3,-0.0132,1.25,2,2017
FROTO,2018-03-23,2018-03-24,3.6564,3.6198,-1.0,TRAIL_STOP,3,-0.0071,2.26,1,2018
FROTO,2018-04-29,2018-04-30,3.8378,3.7994,-1.0,TRAIL_STOP,3,-0.0363,0.72,1,2018
FROTO,2018-08-23,2018-08-24,3.1755,3.1437,-1.0,TRAIL_STOP,6,-0.031,0.63,1,2018
FROTO,2019-01-06,2019-01-07,3.4477,3.4132,-1.0,TRAIL_STOP,5,-0.0242,0.8,1,2019
FROTO,2019-01-15,2019-01-19,3.3751,3.3932,0.5376,TRAIL_STOP,3,-0.0349,1.41,2,2019
FROTO,2019-04-20,2019-04-23,3.9013,3.8106,-2.3256,TRAIL_STOP,3,-0.0236,0.88,1,2019
FROTO,2019-05-24,2019-05-26,3.9376,3.9376,0.0,TRAIL_STOP,5,-0.0175,1.31,2,2019
FROTO,2019-06-15,2019-06-16,4.0102,3.9701,-1.0,TRAIL_STOP,4,0.0046,0.85,1,2019
FROTO,2019-10-03,2019-10-04,5.1352,5.0839,-1.0,TRAIL_STOP,3,0.0099,0.74,1,2019
FROTO,2019-10-18,2019-10-20,5.1171,5.4611,6.7234,TRAIL_STOP,5,-0.0192,2.26,2,2019
FROTO,2020-01-22,2020-01-23,4.2007,4.1587,-1.0,TRAIL_STOP,4,-0.0765,0.81,1,2020
FROTO,2020-04-25,2020-04-27,5.9155,6.3601,7.5153,TRAIL_STOP,3,-0.0166,0.84,2,2020
FROTO,2020-06-27,2020-07-01,6.2149,6.3234,1.746,TRAIL_STOP,6,-0.0634,1.5,2,2020
FROTO,2020-12-06,2020-12-07,12.956,12.8265,-1.0,TRAIL_STOP,5,-0.0786,1.32,1,2020
FROTO,2021-02-02,2021-02-03,13.1738,13.042,-1.0,TRAIL_STOP,3,-0.1495,2.6,1,2021
FROTO,2021-06-04,2021-06-06,12.7927,12.6648,-1.0,TRAIL_STOP,8,-0.0848,1.49,1,2021
FROTO,2021-07-05,2021-07-08,12.4389,12.3145,-1.0,TRAIL_STOP,12,-0.0395,2.07,1,2021
FROTO,2021-07-18,2021-07-21,12.0124,13.0869,8.9449,TRAIL_STOP,6,-0.1043,1.68,3,2021
FROTO,2022-02-26,2022-02-27,23.8434,23.605,-1.0,TRAIL_STOP,5,-0.1339,1.17,1,2022
FROTO,2022-07-16,2022-07-17,27.4816,27.2068,-1.0,TRAIL_STOP,3,-0.0146,1.12,1,2022
FROTO,2022-07-29,2022-07-30,27.1278,26.8565,-1.0,TRAIL_STOP,6,-0.2361,1.53,1,2022
FROTO,2022-11-15,2022-11-17,39.6483,40.6261,2.4661,TRAIL_STOP,5,-0.1791,0.86,2,2022
FROTO,2023-01-24,2023-01-26,48.4308,49.1052,1.3925,TRAIL_STOP,3,-0.1932,1.12,2,2023
FROTO,2023-03-18,2023-03-19,47.1152,46.6441,-1.0,TRAIL_STOP,16,-0.1402,2.51,1,2023
FROTO,2023-07-14,2023-07-17,75.3953,74.6413,-1.0,TRAIL_STOP,6,-0.3888,1.34,1,2023
FROTO,2023-07-27,2023-07-28,74.5969,73.8509,-1.0,TRAIL_STOP,3,-0.1003,1.27,1,2023
FROTO,2023-10-01,2023-10-05,70.5232,72.2072,2.3879,TRAIL_STOP,4,-0.0273,1.13,2,2023
FROTO,2023-10-13,2023-10-14,71.621,70.9048,-1.0,TRAIL_STOP,3,0.0605,1.19,1,2023
FROTO,2024-03-23,2024-03-28,98.0229,100.3909,2.4158,TRAIL_STOP,8,-0.2084,1.78,2,2024
FROTO,2024-05-08,2024-05-10,93.7043,94.9382,1.3168,TRAIL_STOP,14,-1.5158,1.42,2,2024
FROTO,2024-07-27,2024-08-03,80.9479,84.5588,4.4609,TRAIL_STOP,3,-0.407,0.86,3,2024
FROTO,2024-08-13,2024-08-16,80.594,79.7881,-1.0,TRAIL_STOP,5,-1.083,1.1,1,2024
FROTO,2024-09-08,2024-09-10,80.467,82.0003,1.9055,TRAIL_STOP,5,-0.6947,1.54,2,2024
FROTO,2024-09-18,2024-09-19,85.1758,83.8965,-1.5019,TRAIL_STOP,3,0.4594,1.56,1,2024
FROTO,2024-11-07,2024-11-09,88.7505,89.3311,0.6543,TRAIL_STOP,9,-0.6828,1.42,2,2024
FROTO,2024-12-09,2024-12-13,84.9127,84.7766,-0.1603,TRAIL_STOP,3,-0.3827,1.31,2,2024
FROTO,2025-01-05,2025-01-06,83.9691,83.1294,-1.0,TRAIL_STOP,3,-0.0438,1.2,1,2025
FROTO,2025-04-21,2025-04-22,82.9257,82.0965,-1.0,TRAIL_STOP,7,-1.045,1.5,1,2025
FROTO,2025-07-16,2025-07-17,86.6002,85.7342,-1.0,TRAIL_STOP,3,0.1002,1.69,1,2025
FROTO,2025-09-03,2025-09-05,95.537,97.3661,1.9145,TRAIL_STOP,10,-1.3744,1.75,2,2025
FROTO,2025-12-27,2026-01-01,92.4306,94.1385,1.8478,TRAIL_STOP,4,-0.1188,1.1,3,2025
GARAN,2015-01-11,2015-01-15,5.9228,5.8636,-1.0,TRAIL_STOP,9,-0.0292,1.26,1,2015
GARAN,2015-01-18,2015-01-19,5.8023,5.7443,-1.0,TRAIL_STOP,3,-0.0264,0.98,1,2015
GARAN,2015-05-29,2015-05-30,5.4408,5.3864,-1.0,TRAIL_STOP,4,-0.0422,1.02,1,2015
GARAN,2015-08-09,2015-08-11,5.1905,5.1753,-0.2929,TRAIL_STOP,7,-0.0255,0.98,2,2015
GARAN,2015-11-20,2015-11-21,5.654,5.5974,-1.0,TRAIL_STOP,14,-0.0518,1.74,1,2015
GARAN,2016-02-26,2016-02-29,5.7003,5.6433,-1.0,TRAIL_STOP,3,-0.0262,0.7,1,2016
GARAN,2016-03-05,2016-03-10,5.8116,5.937,2.1579,TRAIL_STOP,3,0.0079,1.57,3,2016
GARAN,2016-07-05,2016-07-11,5.6076,5.5699,-0.6727,TRAIL_STOP,3,-0.0076,0.93,3,2016
GARAN,2016-09-12,2016-09-14,6.5345,6.5426,0.1234,TRAIL_STOP,3,-0.0061,1.27,2,2016
GARAN,2016-11-30,2016-12-02,7.1277,7.1555,0.3901,TRAIL_STOP,3,-0.022,1.02,2,2016
GARAN,2017-06-08,2017-06-09,7.9968,7.9169,-1.0,TRAIL_STOP,4,-0.0182,1.1,1,2017
GARAN,2017-09-10,2017-09-12,9.0157,9.0733,0.6396,TRAIL_STOP,4,-0.0091,0.62,2,2017
GARAN,2017-10-12,2017-10-13,8.9292,8.8399,-1.0,TRAIL_STOP,8,-0.0114,1.07,1,2017
GARAN,2017-12-25,2017-12-26,7.2952,7.2222,-1.0,TRAIL_STOP,5,-0.02,1.61,1,2017
GARAN,2018-03-16,2018-03-18,5.5459,5.4882,-1.0399,TRAIL_STOP,3,-0.0346,1.08,2,2018
GARAN,2018-04-23,2018-04-27,4.8635,4.9596,1.9763,TRAIL_STOP,3,-0.0494,2.21,2,2018
GARAN,2018-06-14,2018-06-15,5.9207,5.8615,-1.0,TRAIL_STOP,7,-0.0031,1.21,1,2018
GARAN,2018-08-20,2018-08-24,6.3148,6.48,2.6164,TRAIL_STOP,4,-0.0649,1.8,2,2018
GARAN,2018-09-28,2018-09-29,7.2471,7.1747,-1.0,TRAIL_STOP,3,0.0171,1.16,1,2018
GARAN,2018-10-12,2018-10-14,6.9492,6.9558,0.0954,TRAIL_STOP,8,-0.028,1.04,2,2018
GARAN,2018-10-31,2018-11-02,6.9588,7.1652,2.9655,TRAIL_STOP,4,-0.0329,0.67,2,2018
GARAN,2019-04-03,2019-04-05,7.6989,7.7932,1.2247,TRAIL_STOP,3,-0.014,1.08,2,2019
GARAN,2019-05-23,2019-05-25,7.6508,7.6409,-0.1294,TRAIL_STOP,3,0.0127,0.87,2,2019
GARAN,2019-06-18,2019-06-21,7.3144,7.2413,-1.0,TRAIL_STOP,9,-0.1204,0.29,1,2019
GARAN,2019-07-06,2019-07-08,7.4778,7.449,-0.3856,TRAIL_STOP,3,-0.0025,0.89,2,2019
GARAN,2019-09-12,2019-09-14,8.7658,9.3823,7.0329,TRAIL_STOP,3,-0.0475,1.67,2,2019
GARAN,2019-10-04,2019-10-05,9.5539,9.4584,-1.0,TRAIL_STOP,3,-0.0007,1.02,1,2019
GARAN,2020-01-05,2020-01-07,6.5936,6.6032,0.1458,TRAIL_STOP,3,-0.0138,1.35,2,2020
GARAN,2020-02-07,2020-02-15,6.1514,6.48,5.3422,TRAIL_STOP,15,-0.0526,2.2,5,2020
GARAN,2020-03-11,2020-03-15,6.7377,6.7377,0.0,TRAIL_STOP,3,0.0343,1.66,2,2020
GARAN,2020-06-10,2020-06-14,5.5363,5.6708,2.4305,TRAIL_STOP,9,-0.0055,8.21,2,2020
GARAN,2020-07-23,2020-07-24,5.4882,5.4333,-1.0,TRAIL_STOP,7,-0.0904,2.32,1,2020
GARAN,2020-12-13,2020-12-14,7.1414,7.07,-1.0,TRAIL_STOP,5,-0.0558,2.45,1,2020
GARAN,2021-01-10,2021-01-12,5.642,5.8535,3.7479,TRAIL_STOP,4,-0.0607,1.46,2,2021
GARAN,2021-03-23,2021-03-24,6.7089,6.6418,-1.0,TRAIL_STOP,3,-0.0086,0.81,1,2021
GARAN,2021-05-01,2021-05-09,6.7281,7.276,8.1429,TRAIL_STOP,7,-0.0409,2.04,5,2021
GARAN,2021-06-27,2021-06-28,7.6508,7.5743,-1.0,TRAIL_STOP,3,-0.0735,0.91,1,2021
GARAN,2021-09-10,2021-09-16,9.3905,9.4964,1.1279,TRAIL_STOP,3,0.011,1.43,4,2021
GARAN,2021-10-01,2021-10-02,9.5828,9.4869,-1.0,TRAIL_STOP,3,-0.0689,0.98,1,2021
GARAN,2021-12-15,2021-12-17,9.3713,9.4108,0.4215,TRAIL_STOP,12,-0.0983,2.42,2,2021
GARAN,2022-04-06,2022-04-09,12.4374,12.313,-1.0,TRAIL_STOP,4,-0.0906,0.69,1,2022
GARAN,2022-05-26,2022-05-31,12.2259,12.9949,6.2893,TRAIL_STOP,4,-0.0164,0.99,3,2022
GARAN,2022-08-31,2022-09-04,19.4346,20.2612,4.2532,TRAIL_STOP,5,-0.0622,1.39,2,2022
GARAN,2022-10-06,2022-10-10,21.4339,21.9617,2.4628,TRAIL_STOP,4,-0.1662,1.39,2,2022
GARAN,2023-01-24,2023-01-26,21.5107,22.3233,3.7775,TRAIL_STOP,3,-0.0737,1.01,2,2023
GARAN,2023-03-15,2023-03-16,24.6826,24.4358,-1.0,TRAIL_STOP,3,-0.2298,1.23,1,2023
GARAN,2023-07-05,2023-07-06,48.2694,47.7867,-1.0,TRAIL_STOP,4,0.2326,2.07,1,2023
GARAN,2023-09-07,2023-09-08,44.0596,43.619,-1.0,TRAIL_STOP,12,-0.7768,1.67,1,2023
GARAN,2023-11-15,2023-11-21,51.72,51.9507,0.446,TRAIL_STOP,4,-0.7207,0.91,2,2023
GARAN,2024-02-09,2024-02-12,56.5546,60.1013,6.2712,TRAIL_STOP,3,-0.2027,1.09,3,2024
GARAN,2024-09-10,2024-09-11,111.3215,110.2083,-1.0,TRAIL_STOP,5,-0.3746,0.8,1,2024
GARAN,2024-11-28,2024-11-30,117.2518,122.3215,4.3237,TRAIL_STOP,3,-0.0775,0.67,2,2024
GARAN,2024-12-21,2024-12-26,118.9147,122.2263,2.7849,TRAIL_STOP,3,-0.1681,0.91,3,2024
GARAN,2025-05-18,2025-05-20,109.5722,110.2844,0.65,TRAIL_STOP,3,-0.0643,2.2,2,2025
GARAN,2025-06-04,2025-06-07,110.8217,109.1877,-1.4744,TRAIL_STOP,3,-0.4777,0.79,1,2025
GARAN,2025-08-07,2025-08-09,140.2332,141.4952,0.8999,TRAIL_STOP,4,-0.5778,1.16,2,2025
GARAN,2025-08-20,2025-08-21,140.3293,138.926,-1.0,TRAIL_STOP,3,-0.3366,1.37,1,2025
GARAN,2025-08-29,2025-08-30,136.3885,135.0246,-1.0,TRAIL_STOP,6,-1.0779,0.83,1,2025
GARAN,2025-09-21,2025-09-22,140.3293,138.926,-1.0,TRAIL_STOP,4,-0.8875,1.33,1,2025
GARAN,2025-11-10,2025-11-12,127.4498,128.9347,1.1652,TRAIL_STOP,7,-0.1132,1.58,2,2025
GARAN,2026-05-08,2026-05-10,136.6,136.7,0.0732,TRAIL_STOP,7,-1.528,3.12,2,2026
GUBRF,2015-07-09,2015-07-10,5.74,5.6826,-1.0,TRAIL_STOP,12,-0.0183,10.76,1,2015
GUBRF,2015-07-31,2015-08-01,5.4,5.346,-1.0,TRAIL_STOP,5,-0.0171,2.98,1,2015
GUBRF,2015-09-18,2015-09-26,5.71,5.94,4.028,TRAIL_STOP,3,-0.0085,0.49,5,2015
GUBRF,2016-02-08,2016-02-10,5.42,5.4945,1.3745,TRAIL_STOP,3,-0.0085,2.03,2,2016
GUBRF,2016-03-25,2016-03-29,5.16,4.85,-6.0078,TRAIL_STOP,7,-0.0205,3.32,2,2016
GUBRF,2016-07-06,2016-07-11,4.39,4.38,-0.2278,TRAIL_STOP,3,0.0087,1.98,2,2016
GUBRF,2016-10-16,2016-10-18,4.63,4.7223,1.9935,TRAIL_STOP,5,-0.0149,2.62,2,2016
GUBRF,2017-03-11,2017-03-12,5.13,5.0787,-1.0,TRAIL_STOP,4,-0.0251,0.78,1,2017
GUBRF,2017-05-23,2017-05-27,4.67,4.8213,3.2398,TRAIL_STOP,5,-0.0186,1.53,3,2017
GUBRF,2017-12-31,2018-01-01,3.41,3.3759,-1.0,TRAIL_STOP,3,-0.0317,1.09,1,2017
GUBRF,2018-06-27,2018-06-28,2.89,2.8611,-1.0,TRAIL_STOP,4,-0.0388,2.08,1,2018
GUBRF,2018-08-05,2018-08-09,3.08,3.168,2.8571,TRAIL_STOP,7,0.0152,6.08,2,2018
GUBRF,2018-10-08,2018-10-12,3.25,3.2769,0.8277,TRAIL_STOP,3,-0.0005,2.65,2,2018
GUBRF,2019-03-13,2019-03-14,2.75,2.7225,-1.0,TRAIL_STOP,3,0.0127,5.5,1,2019
GUBRF,2019-06-18,2019-06-21,5.34,5.2866,-1.0,TRAIL_STOP,6,-0.0114,0.91,1,2019
GUBRF,2019-09-24,2019-09-25,8.59,8.5041,-1.0,TRAIL_STOP,4,-0.0419,0.56,1,2019
GUBRF,2019-12-31,2020-01-06,14.8,15.9489,7.7628,TRAIL_STOP,3,-0.0403,1.09,3,2019
GUBRF,2020-04-25,2020-04-27,29.16,29.5,1.166,TRAIL_STOP,4,-0.1051,1.34,2,2020
GUBRF,2020-06-15,2020-06-19,29.2,31.7988,8.9,TRAIL_STOP,3,0.0019,2.46,2,2020
GUBRF,2020-07-24,2020-07-26,35.2,38.3328,8.9,TRAIL_STOP,3,-0.0478,1.42,2,2020
GUBRF,2020-09-12,2020-09-15,51.65,61.8255,19.7009,TRAIL_STOP,4,0.3773,3.24,3,2020
GUBRF,2020-10-11,2020-10-12,71.9,71.181,-1.0,TRAIL_STOP,6,0.2656,2.13,1,2020
GUBRF,2020-10-20,2020-10-25,69.1,73.15,5.8611,TRAIL_STOP,5,-0.7422,2.19,2,2020
GUBRF,2020-12-19,2020-12-20,76.8,76.032,-1.0,TRAIL_STOP,7,-1.9992,1.62,1,2020
GUBRF,2021-03-25,2021-03-26,57.8,57.222,-1.0,TRAIL_STOP,8,-0.8144,2.65,1,2021
GUBRF,2021-07-04,2021-07-05,48.76,48.2724,-1.0,TRAIL_STOP,4,-0.5276,3.46,1,2021
GUBRF,2021-10-15,2021-10-17,80.0,80.0,0.0,TRAIL_STOP,3,-0.678,1.58,2,2021
GUBRF,2021-10-25,2021-10-29,82.9,83.7045,0.9704,TRAIL_STOP,3,0.323,2.09,2,2021
GUBRF,2022-04-09,2022-04-10,75.4,74.646,-1.0,TRAIL_STOP,5,-0.2503,2.5,1,2022
GUBRF,2022-11-15,2022-11-17,292.7,296.6,1.3324,TRAIL_STOP,4,2.3379,0.87,2,2022
GUBRF,2023-05-01,2023-05-05,265.9,270.864,1.8669,TRAIL_STOP,4,-1.7353,1.02,2,2023
GUBRF,2023-07-03,2023-07-04,317.8,314.622,-1.0,TRAIL_STOP,4,-0.5763,0.92,1,2023
GUBRF,2023-09-06,2023-09-08,362.6,368.181,1.5392,TRAIL_STOP,3,-5.3885,1.21,2,2023
GUBRF,2023-12-28,2024-01-01,158.0,164.7,4.2405,TRAIL_STOP,3,1.1925,3.41,2,2023
GUBRF,2024-04-11,2024-04-15,158.4,168.0,6.0606,TRAIL_STOP,6,-0.7789,6.63,2,2024
GUBRF,2024-09-25,2024-09-29,190.9,191.0,0.0524,TRAIL_STOP,3,-0.1444,0.71,2,2024
GUBRF,2024-12-22,2024-12-23,287.25,284.3775,-1.0,TRAIL_STOP,3,0.1604,0.57,1,2024
GUBRF,2024-12-29,2024-12-30,283.75,280.9125,-1.0,TRAIL_STOP,3,-0.7797,0.91,1,2024
GUBRF,2025-01-31,2025-02-01,270.5,267.795,-1.0,TRAIL_STOP,8,-2.5594,1.43,1,2025
GUBRF,2025-04-21,2025-04-26,284.0,290.0,2.1127,TRAIL_STOP,5,-2.9071,1.27,3,2025
GUBRF,2025-05-03,2025-05-04,280.5,277.695,-1.0,TRAIL_STOP,3,-1.5653,1.15,1,2025
GUBRF,2025-09-03,2025-09-06,274.0,296.0,8.0292,TRAIL_STOP,7,-4.3526,1.56,3,2025
GUBRF,2025-09-28,2025-09-30,287.25,291.25,1.3925,TRAIL_STOP,7,-2.678,1.64,2,2025
GUBRF,2025-10-10,2025-10-11,282.0,279.18,-1.0,TRAIL_STOP,4,-3.6394,1.17,1,2025
GUBRF,2025-11-28,2025-12-02,315.5,326.5,3.4865,TRAIL_STOP,6,-2.8841,0.37,2,2025
GUBRF,2026-02-21,2026-02-22,528.0,522.72,-1.0,TRAIL_STOP,3,0.193,1.14,1,2026
GUBRF,2026-03-05,2026-03-08,523.0,517.77,-1.0,TRAIL_STOP,3,-4.6867,1.34,1,2026
HALKB,2015-01-11,2015-01-15,11.41,11.2959,-1.0,TRAIL_STOP,9,-0.0657,1.34,1,2015
HALKB,2015-04-16,2015-04-21,10.33,11.8107,14.334,TRAIL_STOP,3,-0.0599,0.99,2,2015
HALKB,2015-07-17,2015-07-24,9.43,9.603,1.8346,TRAIL_STOP,8,-0.0634,1.07,4,2015
HALKB,2015-08-09,2015-08-10,9.19,9.0981,-1.0,TRAIL_STOP,7,-0.0746,1.02,1,2015
HALKB,2015-10-06,2015-10-07,10.03,9.9297,-1.0,TRAIL_STOP,4,-0.0205,1.88,1,2015
HALKB,2016-04-22,2016-04-25,8.77,8.8803,1.2577,TRAIL_STOP,6,-0.0177,1.34,3,2016
HALKB,2016-05-23,2016-05-24,8.95,8.8605,-1.0,TRAIL_STOP,4,-0.0167,1.35,1,2016
HALKB,2016-09-02,2016-09-03,11.04,10.9296,-1.0,TRAIL_STOP,3,-0.0064,0.86,1,2016
HALKB,2016-09-12,2016-09-14,11.08,11.09,0.0903,TRAIL_STOP,3,-0.0211,1.27,2,2016
HALKB,2016-10-23,2016-10-25,10.33,10.6524,3.121,TRAIL_STOP,8,-0.0827,2.52,2,2016
HALKB,2017-07-01,2017-07-02,9.23,9.1377,-1.0,TRAIL_STOP,12,-0.1287,1.7,1,2017
HALKB,2017-07-23,2017-07-25,10.08,10.3356,2.5357,TRAIL_STOP,3,-0.0027,0.67,2,2017
HALKB,2017-08-21,2017-08-26,9.97,10.2168,2.4754,TRAIL_STOP,3,-0.038,1.65,3,2017
HALKB,2017-12-25,2017-12-27,7.69,7.8111,1.5748,TRAIL_STOP,3,-0.0523,0.92,2,2017
HALKB,2018-03-16,2018-03-18,6.78,6.69,-1.3274,TRAIL_STOP,3,-0.0193,2.17,2,2018
HALKB,2018-05-17,2018-05-20,6.28,6.2,-1.2739,TRAIL_STOP,3,-0.0801,0.87,1,2018
HALKB,2018-12-06,2018-12-08,6.36,6.32,-0.6289,TRAIL_STOP,3,-0.0479,0.7,2,2018
HALKB,2019-07-07,2019-07-08,5.44,5.3856,-1.0,TRAIL_STOP,5,-0.069,2.02,1,2019
HALKB,2019-08-27,2019-08-29,5.95,5.91,-0.6723,TRAIL_STOP,7,0.0212,5.26,2,2019
HALKB,2019-12-15,2019-12-17,5.06,5.03,-0.5929,TRAIL_STOP,3,-0.0348,1.21,2,2019
HALKB,2020-01-05,2020-01-06,5.25,5.1975,-1.0,TRAIL_STOP,3,0.0114,2.25,1,2020
HALKB,2020-01-17,2020-01-21,5.19,5.4054,4.1503,TRAIL_STOP,3,-0.0008,0.93,2,2020
HALKB,2020-02-06,2020-02-08,5.3,5.32,0.3774,TRAIL_STOP,3,-0.0029,0.82,2,2020
HALKB,2020-05-19,2020-05-20,5.3,5.247,-1.0,TRAIL_STOP,3,-0.0279,3.86,1,2020
HALKB,2020-05-27,2020-05-28,5.17,5.1183,-1.0,TRAIL_STOP,5,-0.0101,3.47,1,2020
HALKB,2020-06-03,2020-06-07,5.12,5.11,-0.1953,TRAIL_STOP,4,-0.0081,0.58,2,2020
HALKB,2020-06-27,2020-07-01,5.09,5.0886,-0.0275,TRAIL_STOP,3,-0.0077,0.82,2,2020
HALKB,2020-11-02,2020-11-04,5.43,5.4252,-0.0884,TRAIL_STOP,3,-0.013,3.16,2,2020
HALKB,2020-11-10,2020-11-11,5.77,5.7123,-1.0,TRAIL_STOP,3,0.0361,7.61,1,2020
HALKB,2021-02-04,2021-02-08,4.3,4.29,-0.2326,TRAIL_STOP,3,-0.0079,1.91,2,2021
HALKB,2021-06-06,2021-06-08,4.78,4.8,0.4184,TRAIL_STOP,3,-0.0087,0.77,2,2021
HALKB,2021-11-13,2021-11-15,5.0,4.99,-0.2,TRAIL_STOP,6,-0.0288,1.47,2,2021
HALKB,2022-02-21,2022-02-22,5.58,5.5242,-1.0,TRAIL_STOP,4,-0.0386,0.6,1,2022
HALKB,2022-04-02,2022-04-04,5.73,5.72,-0.1745,TRAIL_STOP,3,-0.0058,0.72,2,2022
HALKB,2022-04-10,2022-04-11,5.67,5.6133,-1.0,TRAIL_STOP,4,-0.0095,1.15,1,2022
HALKB,2022-08-12,2022-08-13,7.95,7.8705,-1.0,TRAIL_STOP,6,-0.0697,3.01,1,2022
HALKB,2022-11-15,2022-11-16,11.88,11.7612,-1.0,TRAIL_STOP,8,-0.363,1.49,1,2022
HALKB,2023-02-02,2023-02-07,11.05,11.3058,2.3149,TRAIL_STOP,5,-0.1015,1.35,2,2023
HALKB,2023-10-25,2023-10-28,12.96,12.8304,-1.0,TRAIL_STOP,8,-0.1081,1.38,1,2023
HALKB,2023-12-11,2023-12-12,12.87,12.7413,-1.0,TRAIL_STOP,3,0.0131,1.83,1,2023
HALKB,2024-02-26,2024-03-08,14.25,16.38,14.9474,TRAIL_STOP,3,0.0299,2.92,4,2024
HALKB,2024-04-29,2024-04-30,18.47,18.2853,-1.0,TRAIL_STOP,3,0.0153,1.25,1,2024
HALKB,2024-08-13,2024-08-16,16.24,16.0776,-1.0,TRAIL_STOP,4,-0.1478,0.72,1,2024
HALKB,2024-11-29,2024-11-30,16.69,16.5231,-1.0,TRAIL_STOP,3,-0.0562,0.89,1,2024
HALKB,2025-01-24,2025-01-25,19.39,19.1961,-1.0,TRAIL_STOP,7,-0.0525,1.05,1,2025
HALKB,2025-04-11,2025-04-18,20.1,20.18,0.398,TRAIL_STOP,3,-0.055,0.97,2,2025
HALKB,2025-06-04,2025-06-07,20.8,20.52,-1.3461,TRAIL_STOP,5,-0.0556,0.52,1,2025
HALKB,2025-08-07,2025-08-13,27.36,28.14,2.8509,TRAIL_STOP,7,-0.1296,2.0,4,2025
HALKB,2025-09-03,2025-09-05,25.8,25.938,0.5349,TRAIL_STOP,13,-0.3902,1.88,2,2025
HALKB,2025-10-10,2025-10-11,26.7,26.433,-1.0,TRAIL_STOP,7,-0.2742,1.06,1,2025
HALKB,2025-12-15,2025-12-16,36.14,35.7786,-1.0,TRAIL_STOP,4,-0.0211,2.09,1,2025
HALKB,2026-03-08,2026-03-10,47.74,49.5,3.6866,TRAIL_STOP,4,-0.9035,1.56,2,2026
ISCTR,2015-04-20,2015-04-21,0.6899,0.683,-1.0,TRAIL_STOP,3,0.005,2.58,1,2015
ISCTR,2015-06-28,2015-06-29,0.5954,0.5894,-1.0,TRAIL_STOP,4,-0.0045,1.75,1,2015
ISCTR,2015-08-09,2015-08-10,0.567,0.5614,-1.0,TRAIL_STOP,8,-0.0037,1.2,1,2015
ISCTR,2015-10-06,2015-10-07,0.6237,0.6175,-1.0,TRAIL_STOP,6,0.0022,1.38,1,2015
ISCTR,2015-12-13,2015-12-14,0.5954,0.5859,-1.5873,TRAIL_STOP,3,-0.0032,0.7,1,2015
ISCTR,2016-05-15,2016-05-17,0.6521,0.6521,0.0,TRAIL_STOP,6,-0.0009,0.89,2,2016
ISCTR,2016-06-03,2016-06-05,0.6521,0.6521,0.0,TRAIL_STOP,5,-0.0014,1.98,2,2016
ISCTR,2016-06-13,2016-06-15,0.6521,0.6643,1.8696,TRAIL_STOP,4,-0.0007,1.03,2,2016
ISCTR,2017-09-10,2017-09-12,1.0453,1.0453,0.0,TRAIL_STOP,5,-0.011,0.58,2,2017
ISCTR,2018-03-08,2018-03-10,0.7289,0.7216,-1.0,TRAIL_STOP,3,-0.0035,1.38,1,2018
ISCTR,2018-05-20,2018-05-21,0.6042,0.5981,-1.0,TRAIL_STOP,3,-0.0069,1.32,1,2018
ISCTR,2018-06-14,2018-06-15,0.6042,0.5981,-1.0,TRAIL_STOP,7,-0.0013,0.91,1,2018
ISCTR,2018-06-26,2018-06-27,0.5946,0.5887,-1.0,TRAIL_STOP,3,-0.0053,1.21,1,2018
ISCTR,2018-07-02,2018-07-03,0.5946,0.585,-1.6129,TRAIL_STOP,3,-0.0017,1.01,1,2018
ISCTR,2018-12-06,2018-12-08,0.8439,0.8727,3.4091,TRAIL_STOP,3,-0.0042,1.14,2,2018
ISCTR,2019-01-15,2019-01-18,0.7289,0.7216,-1.0,TRAIL_STOP,3,-0.0097,1.51,1,2019
ISCTR,2019-07-06,2019-07-07,0.8631,0.8545,-1.0,TRAIL_STOP,3,-0.0037,1.2,1,2019
ISCTR,2019-08-15,2019-08-19,0.8919,0.9015,1.0753,TRAIL_STOP,3,-0.0026,1.43,2,2019
ISCTR,2019-09-13,2019-09-17,0.959,0.9686,1.0,TRAIL_STOP,3,0.0038,2.9,2,2019
ISCTR,2020-01-05,2020-01-07,0.7193,0.7193,0.0,TRAIL_STOP,3,-0.0006,1.57,2,2020
ISCTR,2020-03-27,2020-03-28,0.7768,0.7672,-1.2346,TRAIL_STOP,4,-0.0038,0.91,1,2020
ISCTR,2020-05-24,2020-05-25,0.7289,0.7216,-1.0,TRAIL_STOP,3,0.0011,0.64,1,2020
ISCTR,2020-06-09,2020-06-14,0.7193,0.7576,5.3333,TRAIL_STOP,5,-0.0046,1.01,3,2020
ISCTR,2020-07-23,2020-07-24,0.7768,0.769,-1.0,TRAIL_STOP,6,-0.0067,0.99,1,2020
ISCTR,2020-08-30,2020-08-31,0.9494,0.9398,-1.0101,TRAIL_STOP,3,-0.0077,1.63,1,2020
ISCTR,2021-01-10,2021-01-11,0.748,0.7406,-1.0,TRAIL_STOP,4,-0.0029,1.19,1,2021
ISCTR,2021-03-23,2021-03-24,0.7768,0.769,-1.0,TRAIL_STOP,4,-0.0039,0.79,1,2021
ISCTR,2021-05-01,2021-05-02,0.7768,0.7672,-1.2346,TRAIL_STOP,5,-0.0031,1.28,1,2021
ISCTR,2021-09-10,2021-09-19,1.007,1.1604,15.2381,TRAIL_STOP,3,-0.0046,0.84,7,2021
ISCTR,2021-12-23,2021-12-24,1.2084,1.1963,-1.0,TRAIL_STOP,3,-0.0115,1.06,1,2021
ISCTR,2022-04-06,2022-04-09,1.6687,1.652,-1.0,TRAIL_STOP,3,-0.0025,0.59,1,2022
ISCTR,2022-07-29,2022-07-31,2.8291,2.8579,1.0169,TRAIL_STOP,12,-0.078,0.82,2,2022
ISCTR,2022-09-03,2022-09-04,3.1648,3.1332,-1.0,TRAIL_STOP,3,-0.0351,1.16,1,2022
ISCTR,2023-02-22,2023-02-23,4.5266,4.4211,-2.3305,TRAIL_STOP,4,-0.0149,1.4,1,2023
ISCTR,2023-03-15,2023-03-16,4.3156,4.2725,-1.0,TRAIL_STOP,10,-0.0448,2.02,1,2023
ISCTR,2023-09-07,2023-09-08,8.8423,8.7538,-1.0,TRAIL_STOP,8,-0.1736,1.91,1,2023
ISCTR,2023-09-21,2023-09-22,8.1038,8.0228,-1.0,TRAIL_STOP,8,-0.1385,0.91,1,2023
ISCTR,2023-11-15,2023-11-21,8.6025,8.6025,0.0,TRAIL_STOP,4,-0.0457,0.99,2,2023
ISCTR,2024-02-09,2024-02-10,9.9164,9.8172,-1.0,TRAIL_STOP,4,-0.0678,1.01,1,2024
ISCTR,2024-05-31,2024-06-01,15.5171,15.3619,-1.0,TRAIL_STOP,3,-0.091,1.11,1,2024
ISCTR,2024-10-11,2024-10-15,11.1535,11.3549,1.8057,TRAIL_STOP,4,-0.1166,1.46,2,2024
ISCTR,2024-11-29,2024-11-30,12.9469,12.8174,-1.0,TRAIL_STOP,8,-0.0719,1.38,1,2024
ISCTR,2025-01-20,2025-01-24,13.3305,13.596,1.9914,TRAIL_STOP,9,-0.07,1.86,2,2025
ISCTR,2025-08-07,2025-08-12,14.0594,14.5359,3.3895,TRAIL_STOP,6,-0.07,1.96,3,2025
ISCTR,2025-09-21,2025-09-22,13.9443,13.8049,-1.0,TRAIL_STOP,4,-0.093,1.15,1,2025
ISCTR,2025-11-10,2025-11-12,12.1221,12.1605,0.3165,TRAIL_STOP,7,-0.0482,1.62,2,2025
ISCTR,2025-12-24,2025-12-31,13.5127,13.8144,2.2321,TRAIL_STOP,6,-0.0178,1.21,3,2025
ISCTR,2026-04-30,2026-05-06,14.34,14.1966,-1.0,TRAIL_STOP,3,-0.106,0.94,1,2026
KCHOL,2015-01-11,2015-01-15,9.1085,9.0174,-1.0,TRAIL_STOP,6,-0.0336,1.61,1,2015
KCHOL,2015-01-23,2015-01-24,9.1085,8.9979,-1.2134,TRAIL_STOP,6,-0.0115,1.69,1,2015
KCHOL,2015-08-07,2015-08-09,8.6388,8.6203,-0.2132,TRAIL_STOP,5,-0.0152,1.18,2,2015
KCHOL,2015-10-06,2015-10-09,10.6004,11.0141,3.9027,TRAIL_STOP,3,-0.0022,1.81,3,2015
KCHOL,2015-11-20,2015-11-22,10.1307,10.1307,0.0,TRAIL_STOP,17,-0.0949,2.01,2,2015
KCHOL,2015-12-01,2015-12-05,9.9742,10.0203,0.4626,TRAIL_STOP,3,-0.0683,2.06,2,2015
KCHOL,2015-12-15,2015-12-19,9.8268,10.0841,2.6185,TRAIL_STOP,3,-0.0668,1.63,2,2015
KCHOL,2016-05-24,2016-05-27,9.5413,9.4459,-1.0,TRAIL_STOP,7,-0.0422,0.65,1,2016
KCHOL,2016-06-13,2016-06-15,9.5966,9.7194,1.2802,TRAIL_STOP,5,-0.0206,2.28,2,2016
KCHOL,2016-07-15,2016-07-18,10.0755,9.9747,-1.0,TRAIL_STOP,3,-0.0228,0.6,1,2016
KCHOL,2017-12-21,2017-12-24,10.912,10.8029,-1.0,TRAIL_STOP,3,-0.0998,1.46,1,2017
KCHOL,2018-01-23,2018-01-24,11.2012,11.0892,-1.0,TRAIL_STOP,3,-0.0247,1.11,1,2018
KCHOL,2018-03-16,2018-03-17,10.6807,10.5738,-1.0,TRAIL_STOP,3,-0.0081,0.89,1,2018
KCHOL,2018-05-21,2018-05-22,13.0134,12.8833,-1.0,TRAIL_STOP,4,-0.1096,0.94,1,2018
KCHOL,2018-06-18,2018-06-19,12.4447,12.3202,-1.0,TRAIL_STOP,11,-0.1115,0.75,1,2018
KCHOL,2018-08-24,2018-08-26,11.153,11.3659,1.9092,TRAIL_STOP,3,-0.0963,0.96,2,2018
KCHOL,2018-11-01,2018-11-02,14.3244,14.1812,-1.0,TRAIL_STOP,3,-0.0504,0.74,1,2018
KCHOL,2018-12-07,2018-12-09,13.7557,13.6882,-0.4905,TRAIL_STOP,5,-0.0475,1.31,2,2018
KCHOL,2019-04-20,2019-04-23,14.4594,14.3051,-1.0667,TRAIL_STOP,4,-0.1235,0.77,1,2019
KCHOL,2019-05-01,2019-05-03,14.3726,14.5343,1.1247,TRAIL_STOP,3,-0.0644,1.03,2,2019
KCHOL,2019-05-23,2019-05-25,14.9895,14.9542,-0.236,TRAIL_STOP,4,-0.0044,2.33,2,2019
KCHOL,2019-07-30,2019-07-31,16.2909,16.128,-1.0,TRAIL_STOP,3,-0.068,0.31,1,2019
KCHOL,2019-08-09,2019-08-12,16.2812,16.1184,-1.0,TRAIL_STOP,3,-0.0449,0.51,1,2019
KCHOL,2019-08-15,2019-08-19,16.3776,16.3761,-0.0094,TRAIL_STOP,3,-0.0398,1.35,2,2019
KCHOL,2019-08-26,2019-08-28,16.2427,16.2139,-0.1775,TRAIL_STOP,4,-0.0507,0.6,2,2019
KCHOL,2019-09-13,2019-09-18,16.5126,16.691,1.0806,TRAIL_STOP,3,0.0029,2.98,3,2019
KCHOL,2020-01-18,2020-01-21,12.2905,12.1676,-1.0,TRAIL_STOP,3,-0.0245,0.92,1,2020
KCHOL,2020-07-23,2020-07-30,12.0688,13.1966,9.345,TRAIL_STOP,6,-0.1253,1.58,5,2020
KCHOL,2020-10-27,2020-10-29,17.6019,17.7465,0.8215,TRAIL_STOP,7,-0.1134,1.42,2,2020
KCHOL,2021-03-02,2021-03-03,16.0113,15.8512,-1.0,TRAIL_STOP,6,-0.0174,0.91,1,2021
KCHOL,2021-03-23,2021-03-25,16.0595,16.0113,-0.3001,TRAIL_STOP,5,-0.1012,1.37,2,2021
KCHOL,2021-07-29,2021-08-03,18.9225,19.6876,4.0433,TRAIL_STOP,10,-0.0614,1.79,3,2021
KCHOL,2021-11-07,2021-11-14,26.8751,27.742,3.2256,TRAIL_STOP,5,-0.0897,0.85,4,2021
KCHOL,2022-04-10,2022-04-11,34.5193,34.1741,-1.0,TRAIL_STOP,3,-0.1798,1.0,1,2022
KCHOL,2022-07-15,2022-07-17,42.5202,42.8489,0.7731,TRAIL_STOP,3,-0.3102,1.07,2,2022
KCHOL,2022-07-29,2022-07-30,42.8479,42.4194,-1.0,TRAIL_STOP,6,-0.3923,1.31,1,2022
KCHOL,2022-12-04,2022-12-07,67.0529,65.4431,-2.4008,TRAIL_STOP,4,-1.4068,0.83,1,2022
KCHOL,2023-02-27,2023-02-28,71.034,70.3237,-1.0,TRAIL_STOP,4,0.0355,1.39,1,2023
KCHOL,2023-08-03,2023-08-04,123.0974,121.8664,-1.0,TRAIL_STOP,6,-1.1325,1.17,1,2023
KCHOL,2023-10-31,2023-11-04,128.1485,130.1213,1.5394,TRAIL_STOP,4,-0.5624,1.48,2,2023
KCHOL,2023-11-14,2023-11-15,125.3145,124.0613,-1.0,TRAIL_STOP,4,-1.111,1.08,1,2023
KCHOL,2024-09-16,2024-09-17,166.2345,164.5722,-1.0,TRAIL_STOP,3,-1.4056,1.81,1,2024
KCHOL,2024-10-11,2024-10-15,157.8577,161.2605,2.1556,TRAIL_STOP,14,-0.9989,1.62,2,2024
KCHOL,2025-03-05,2025-03-06,156.9323,155.0911,-1.1732,TRAIL_STOP,4,-2.9348,0.89,1,2025
KCHOL,2025-04-02,2025-04-03,145.0756,143.6249,-1.0,TRAIL_STOP,16,-1.0965,1.71,1,2025
KCHOL,2025-05-18,2025-05-19,145.3648,143.9112,-1.0,TRAIL_STOP,7,-0.4094,1.53,1,2025
KCHOL,2025-06-14,2025-06-18,148.4495,151.9197,2.3377,TRAIL_STOP,3,0.3021,2.82,2,2025
KCHOL,2025-09-03,2025-09-04,173.416,171.6818,-1.0,TRAIL_STOP,9,-0.5644,2.35,1,2025
KCHOL,2025-09-21,2025-09-22,169.6565,167.96,-1.0,TRAIL_STOP,3,-1.2054,1.67,1,2025
KCHOL,2025-11-08,2025-11-10,161.7521,163.093,0.829,TRAIL_STOP,5,-0.7611,1.26,2,2025
KCHOL,2025-11-18,2025-11-19,163.4872,161.8523,-1.0,TRAIL_STOP,3,0.0204,0.95,1,2025
KCHOL,2025-12-17,2025-12-18,166.6683,165.0016,-1.0,TRAIL_STOP,3,-1.2801,1.66,1,2025
KCHOL,2025-12-27,2026-01-01,168.4998,176.7397,4.8902,TRAIL_STOP,5,0.0166,1.65,3,2025
KRDMD,2015-04-20,2015-04-21,1.16,1.1484,-1.0,TRAIL_STOP,5,0.0108,5.07,1,2015
KRDMD,2015-05-04,2015-05-05,1.09,1.0791,-1.0,TRAIL_STOP,5,-0.0018,0.62,1,2015
KRDMD,2015-07-10,2015-07-11,0.89,0.8811,-1.0,TRAIL_STOP,3,-0.0022,0.68,1,2015
KRDMD,2015-07-16,2015-07-17,0.88,0.87,-1.1364,TRAIL_STOP,3,-0.0056,0.72,1,2015
KRDMD,2016-03-25,2016-03-29,1.13,1.08,-4.4248,TRAIL_STOP,8,-0.0083,2.48,2,2016
KRDMD,2016-07-21,2016-07-25,0.96,0.99,3.125,TRAIL_STOP,3,-0.0004,3.63,2,2016
KRDMD,2016-11-02,2016-11-07,1.01,1.0593,4.8812,TRAIL_STOP,5,-0.0041,1.38,3,2016
KRDMD,2017-01-13,2017-01-14,1.44,1.4256,-1.0,TRAIL_STOP,6,0.0124,3.12,1,2017
KRDMD,2017-02-22,2017-02-26,1.67,1.7127,2.5569,TRAIL_STOP,3,-0.0014,1.26,2,2017
KRDMD,2017-05-26,2017-05-27,2.23,2.2077,-1.0,TRAIL_STOP,3,-0.0084,1.83,1,2017
KRDMD,2018-04-06,2018-04-07,3.58,3.5442,-1.0,TRAIL_STOP,7,-0.0598,1.16,1,2018
KRDMD,2018-09-02,2018-09-06,1.85,1.9701,6.4919,TRAIL_STOP,4,-0.0049,1.33,2,2018
KRDMD,2018-11-21,2018-11-22,2.09,2.0691,-1.0,TRAIL_STOP,6,-0.0235,1.18,1,2018
KRDMD,2019-05-26,2019-05-29,1.96,1.9404,-1.0,TRAIL_STOP,6,0.0054,1.95,1,2019
KRDMD,2019-06-18,2019-06-22,1.87,1.87,0.0,TRAIL_STOP,4,-0.0091,1.0,2,2019
KRDMD,2019-10-10,2019-10-12,2.71,2.73,0.738,TRAIL_STOP,5,-0.0178,0.85,2,2019
KRDMD,2019-11-10,2019-11-11,2.59,2.5641,-1.0,TRAIL_STOP,3,-0.0482,0.59,1,2019
KRDMD,2020-04-05,2020-04-07,2.89,2.86,-1.0381,TRAIL_STOP,3,-0.0084,2.34,2,2020
KRDMD,2020-07-22,2020-07-23,3.16,3.1284,-1.0,TRAIL_STOP,6,-0.083,2.66,1,2020
KRDMD,2020-11-26,2020-11-27,6.4,6.336,-1.0,TRAIL_STOP,5,-0.0336,0.99,1,2020
KRDMD,2021-08-16,2021-08-18,6.82,6.85,0.4399,TRAIL_STOP,3,-0.0229,1.26,2,2021
KRDMD,2021-11-19,2021-11-20,11.06,10.9494,-1.0,TRAIL_STOP,3,-0.1315,1.6,1,2021
KRDMD,2022-02-21,2022-02-22,14.53,14.35,-1.2388,TRAIL_STOP,6,-0.0891,0.64,1,2022
KRDMD,2022-07-16,2022-07-17,12.7,12.573,-1.0,TRAIL_STOP,3,-0.0937,0.86,1,2022
KRDMD,2022-07-29,2022-07-30,12.4,12.276,-1.0,TRAIL_STOP,6,-0.1469,1.17,1,2022
KRDMD,2022-08-12,2022-08-13,12.19,12.0681,-1.0,TRAIL_STOP,3,-0.0914,1.96,1,2022
KRDMD,2022-08-29,2022-08-30,11.86,11.7414,-1.0,TRAIL_STOP,4,-0.1161,1.53,1,2022
KRDMD,2023-04-30,2023-05-04,20.67,21.2949,3.0232,TRAIL_STOP,3,-0.0782,1.55,2,2023
KRDMD,2023-06-03,2023-06-04,22.76,22.5324,-1.0,TRAIL_STOP,4,-0.0901,2.3,1,2023
KRDMD,2023-11-01,2023-11-04,23.64,23.4,-1.0152,TRAIL_STOP,10,-0.4067,2.35,1,2023
KRDMD,2024-02-27,2024-03-01,23.8,23.562,-1.0,TRAIL_STOP,4,-0.3262,1.69,1,2024
KRDMD,2024-05-09,2024-05-16,29.3,29.9178,2.1085,TRAIL_STOP,4,-0.2403,1.35,2,2024
KRDMD,2025-06-04,2025-06-07,22.86,22.6314,-1.0,TRAIL_STOP,6,-0.2583,1.06,1,2025
KRDMD,2025-09-03,2025-09-04,27.14,26.8686,-1.0,TRAIL_STOP,11,-0.4384,2.59,1,2025
KRDMD,2025-11-10,2025-11-11,25.42,25.1658,-1.0,TRAIL_STOP,8,-0.3649,1.55,1,2025
KRDMD,2026-03-09,2026-03-10,31.44,31.1256,-1.0,TRAIL_STOP,5,-0.2733,1.07,1,2026
KRDMD,2026-03-16,2026-03-17,31.22,30.9078,-1.0,TRAIL_STOP,3,-0.1438,1.28,1,2026
KRDMD,2026-03-30,2026-04-02,30.9,31.36,1.4887,TRAIL_STOP,5,-0.0131,2.56,2,2026
MGROS,2015-04-20,2015-04-23,17.8448,18.3623,2.9001,TRAIL_STOP,4,0.0414,4.4,3,2015
MGROS,2015-11-20,2015-11-21,16.3498,16.1863,-1.0,TRAIL_STOP,14,-0.262,3.41,1,2015
MGROS,2016-07-15,2016-07-18,16.6277,16.4614,-1.0,TRAIL_STOP,3,-0.0452,1.53,1,2016
MGROS,2016-07-21,2016-07-25,16.7427,16.7619,0.1145,TRAIL_STOP,3,-0.0328,3.09,2,2016
MGROS,2016-09-18,2016-09-24,19.2249,19.7727,2.8495,TRAIL_STOP,3,0.0301,2.16,4,2016
MGROS,2017-01-28,2017-01-30,25.6172,25.9777,1.4074,TRAIL_STOP,4,-0.0859,1.01,2,2017
MGROS,2017-04-02,2017-04-03,27.3799,27.1061,-1.0,TRAIL_STOP,8,-0.1624,0.68,1,2017
MGROS,2017-05-06,2017-05-12,24.074,25.3468,5.287,TRAIL_STOP,7,-0.2548,1.33,4,2017
MGROS,2017-12-31,2018-01-02,19.1798,19.1996,0.1035,TRAIL_STOP,19,-0.1549,1.55,2,2017
MGROS,2018-01-24,2018-01-25,18.2466,18.0642,-1.0,TRAIL_STOP,7,-0.1267,1.25,1,2018
MGROS,2018-03-17,2018-03-18,18.0977,17.7701,-1.8102,TRAIL_STOP,6,-0.1621,1.95,1,2018
MGROS,2018-06-14,2018-06-15,14.7125,14.5653,-1.0,TRAIL_STOP,7,0.011,2.08,1,2018
MGROS,2018-08-03,2018-08-04,14.1565,13.9778,-1.2623,TRAIL_STOP,5,-0.0895,1.63,1,2018
MGROS,2018-10-24,2018-10-26,14.9408,15.5678,4.1967,TRAIL_STOP,3,-0.0626,1.21,2,2018
MGROS,2018-11-06,2018-11-07,14.7522,14.6046,-1.0,TRAIL_STOP,6,-0.094,1.09,1,2018
MGROS,2018-12-20,2018-12-24,13.0049,12.8749,-1.0,TRAIL_STOP,7,-0.0567,1.25,1,2018
MGROS,2019-06-18,2019-06-21,19.1302,18.9389,-1.0,TRAIL_STOP,8,-0.1021,1.44,1,2019
MGROS,2019-09-12,2019-09-14,22.5849,23.2141,2.7859,TRAIL_STOP,3,-0.2038,0.99,2,2019
MGROS,2019-10-02,2019-10-03,24.2825,24.0397,-1.0,TRAIL_STOP,3,-0.119,1.73,1,2019
MGROS,2019-10-10,2019-10-12,24.6597,25.037,1.5298,TRAIL_STOP,4,0.0392,1.32,2,2019
MGROS,2019-11-18,2019-11-19,21.6914,21.4745,-1.0,TRAIL_STOP,3,-0.6076,6.5,1,2019
MGROS,2020-04-25,2020-04-27,39.5211,39.402,-0.3014,TRAIL_STOP,3,-0.88,1.33,2,2020
MGROS,2020-09-01,2020-09-05,38.4192,38.4674,0.1256,TRAIL_STOP,5,-0.1226,1.06,2,2020
MGROS,2020-10-27,2020-10-29,42.8964,43.9122,2.368,TRAIL_STOP,7,-0.2433,0.75,2,2020
MGROS,2022-03-14,2022-03-19,40.8613,41.4552,1.4534,TRAIL_STOP,4,-0.3544,1.81,3,2022
MGROS,2022-04-03,2022-04-04,43.7502,43.3127,-1.0,TRAIL_STOP,4,0.0497,4.26,1,2022
MGROS,2023-03-15,2023-03-17,167.9423,172.2482,2.5639,TRAIL_STOP,7,-0.6026,0.88,2,2023
MGROS,2023-08-16,2023-08-18,365.1408,368.0099,0.7857,TRAIL_STOP,3,-0.8528,1.22,2,2023
MGROS,2024-11-29,2024-12-05,500.7793,518.8869,3.6159,TRAIL_STOP,4,-3.1631,0.74,4,2024
MGROS,2025-06-08,2025-06-09,477.013,472.2429,-1.0,TRAIL_STOP,7,-4.3246,1.94,1,2025
MGROS,2025-09-21,2025-09-23,460.1364,462.6604,0.5485,TRAIL_STOP,4,0.6284,1.54,2,2025
MGROS,2025-12-02,2025-12-04,520.0,521.0,0.1923,TRAIL_STOP,4,-1.1182,0.97,2,2025
MGROS,2025-12-27,2026-01-01,530.5,564.3,6.3713,TRAIL_STOP,5,-0.7513,0.64,3,2025
MGROS,2026-04-30,2026-05-07,641.5,637.5,-0.6235,TRAIL_STOP,4,-5.4094,1.02,2,2026
OYAKC,2015-02-28,2015-03-02,0.6202,0.6329,2.0462,TRAIL_STOP,16,-0.0011,2.42,2,2015
OYAKC,2015-05-18,2015-05-23,0.7251,0.7347,1.3158,TRAIL_STOP,3,-0.0029,0.18,3,2015
OYAKC,2015-07-18,2015-07-20,0.5629,0.5573,-1.0,TRAIL_STOP,14,-0.0029,1.53,2,2015
OYAKC,2015-11-23,2015-11-27,0.6965,0.7061,1.3699,TRAIL_STOP,21,-0.0026,1.11,2,2015
OYAKC,2015-12-18,2015-12-19,0.6965,0.6895,-1.0,TRAIL_STOP,6,-0.0028,1.5,1,2015
OYAKC,2016-01-10,2016-01-11,0.7442,0.7368,-1.0,TRAIL_STOP,3,0.0052,14.62,1,2016
OYAKC,2016-11-02,2016-11-08,0.7824,0.7824,0.0,TRAIL_STOP,5,-0.0005,3.13,4,2016
OYAKC,2017-01-07,2017-01-08,0.7919,0.784,-1.0,TRAIL_STOP,4,-0.0009,0.71,1,2017
OYAKC,2017-05-19,2017-05-23,0.7538,0.7728,2.5316,TRAIL_STOP,3,0.0002,1.59,2,2017
OYAKC,2017-06-16,2017-06-17,0.8015,0.7935,-1.0,TRAIL_STOP,4,-0.0021,3.93,1,2017
OYAKC,2017-06-27,2017-06-30,0.8015,0.7935,-1.0,TRAIL_STOP,5,-0.0019,3.13,1,2017
OYAKC,2017-10-20,2017-10-22,0.811,0.8029,-1.0,TRAIL_STOP,14,0.0012,0.55,2,2017
OYAKC,2017-11-17,2017-11-18,0.8492,0.8407,-1.0,TRAIL_STOP,4,-0.002,0.66,1,2017
OYAKC,2018-09-03,2018-09-07,0.7251,0.7347,1.3158,TRAIL_STOP,5,0.0019,3.46,2,2018
OYAKC,2018-10-31,2018-11-01,0.7251,0.7179,-1.0,TRAIL_STOP,9,-0.0041,0.22,1,2018
OYAKC,2019-01-21,2019-01-22,0.6774,0.6707,-1.0,TRAIL_STOP,11,-0.0061,3.77,1,2019
OYAKC,2019-02-25,2019-02-27,0.6583,0.6612,0.4348,TRAIL_STOP,13,-0.0021,1.71,2,2019
OYAKC,2019-04-03,2019-04-04,0.687,0.6801,-1.0,TRAIL_STOP,4,-0.0025,5.89,1,2019
OYAKC,2019-05-01,2019-05-02,0.6679,0.6612,-1.0,TRAIL_STOP,11,-0.0045,2.1,1,2019
OYAKC,2019-10-10,2019-10-12,1.3644,1.3739,0.6993,TRAIL_STOP,3,-0.0036,0.92,2,2019
OYAKC,2019-10-27,2019-10-30,1.3358,1.3224,-1.0,TRAIL_STOP,3,-0.0117,13.26,1,2019
OYAKC,2020-06-16,2020-06-20,1.9369,1.956,0.9852,TRAIL_STOP,7,-0.0031,1.94,2,2020
OYAKC,2020-08-31,2020-09-01,1.975,1.9553,-1.0,TRAIL_STOP,5,-0.0029,1.01,1,2020
OYAKC,2020-09-08,2020-09-12,1.9846,1.9846,0.0,TRAIL_STOP,3,-0.0015,3.42,2,2020
OYAKC,2020-10-11,2020-10-12,2.1659,2.1442,-1.0,TRAIL_STOP,3,-0.0061,1.35,1,2020
OYAKC,2020-10-17,2020-10-18,2.1849,2.1631,-1.0,TRAIL_STOP,3,0.0051,2.31,1,2020
OYAKC,2020-12-11,2020-12-12,1.9846,1.9647,-1.0,TRAIL_STOP,3,-0.0004,1.43,1,2020
OYAKC,2021-01-10,2021-01-11,1.7747,1.7569,-1.0,TRAIL_STOP,4,-0.0163,1.29,1,2021
OYAKC,2021-01-31,2021-02-01,1.7461,1.7286,-1.0,TRAIL_STOP,4,-0.0028,2.9,1,2021
OYAKC,2021-02-28,2021-03-02,1.7842,1.7664,-1.0,TRAIL_STOP,4,0.0022,1.48,1,2021
OYAKC,2021-05-28,2021-05-29,1.6888,1.6719,-1.0,TRAIL_STOP,3,-0.0026,1.27,1,2021
OYAKC,2021-06-04,2021-06-08,1.6697,1.6719,0.1314,TRAIL_STOP,3,-0.0099,2.09,3,2021
OYAKC,2021-07-18,2021-07-19,1.622,1.6029,-1.1765,TRAIL_STOP,7,-0.0027,2.28,1,2021
OYAKC,2021-07-26,2021-07-28,1.6125,1.5963,-1.0,TRAIL_STOP,5,-0.0044,1.42,2,2021
OYAKC,2022-01-20,2022-01-21,2.4235,2.3992,-1.0,TRAIL_STOP,3,0.0023,2.72,1,2022
OYAKC,2022-04-13,2022-04-16,3.0818,3.0055,-2.4768,TRAIL_STOP,4,-0.0197,2.42,1,2022
OYAKC,2022-05-27,2022-06-01,3.1104,3.2345,3.9877,TRAIL_STOP,6,-0.016,0.99,3,2022
OYAKC,2022-10-07,2022-10-11,4.7802,4.8851,2.1956,TRAIL_STOP,4,-0.0391,0.8,2,2022
OYAKC,2022-11-01,2022-11-02,5.3717,5.318,-1.0,TRAIL_STOP,3,0.0166,1.01,1,2022
OYAKC,2022-12-07,2022-12-08,5.5435,5.488,-1.0,TRAIL_STOP,5,-0.0815,1.19,1,2022
OYAKC,2023-07-09,2023-07-10,15.266,15.1134,-1.0,TRAIL_STOP,3,-0.151,0.91,1,2023
OYAKC,2024-01-28,2024-01-29,17.0121,16.6018,-2.4117,TRAIL_STOP,3,-0.0645,0.62,1,2024
OYAKC,2024-05-09,2024-05-10,14.7508,14.6033,-1.0,TRAIL_STOP,4,-0.1647,2.31,1,2024
OYAKC,2024-09-05,2024-09-08,15.7335,15.5762,-1.0,TRAIL_STOP,3,-0.1072,0.78,1,2024
OYAKC,2025-01-11,2025-01-12,23.8913,23.6524,-1.0,TRAIL_STOP,4,-0.1898,0.86,1,2025
OYAKC,2025-02-15,2025-02-18,26.3148,26.0516,-1.0,TRAIL_STOP,4,-0.0806,1.14,1,2025
OYAKC,2025-03-22,2025-03-23,28.1467,27.8652,-1.0,TRAIL_STOP,6,-0.4172,1.71,1,2025
OYAKC,2025-07-17,2025-07-22,22.8227,22.8967,0.3244,TRAIL_STOP,4,-0.1253,1.34,2,2025
OYAKC,2025-07-26,2025-07-30,22.9944,23.2616,1.1618,TRAIL_STOP,3,-0.0051,1.82,2,2025
OYAKC,2025-10-12,2025-10-17,20.1702,21.048,4.3519,TRAIL_STOP,4,-0.0995,0.69,3,2025
OYAKC,2025-12-27,2025-12-30,23.54,23.3046,-1.0,TRAIL_STOP,4,-0.2095,1.18,1,2025
PETKM,2015-01-19,2015-01-24,1.3,1.3266,2.0462,TRAIL_STOP,3,0.0002,0.88,3,2015
PETKM,2015-02-28,2015-03-03,1.27,1.2771,0.5591,TRAIL_STOP,7,0.0021,2.15,3,2015
PETKM,2015-03-22,2015-03-25,1.3,1.3,0.0,TRAIL_STOP,3,0.0015,1.75,3,2015
PETKM,2015-06-26,2015-06-27,1.46,1.4454,-1.0,TRAIL_STOP,3,-0.0058,1.71,1,2015
PETKM,2015-09-08,2015-09-10,1.67,1.7226,3.1497,TRAIL_STOP,3,0.001,1.82,2,2015
PETKM,2015-10-20,2015-10-23,1.92,1.9503,1.5781,TRAIL_STOP,3,-0.0028,1.38,3,2015
PETKM,2016-04-09,2016-04-10,2.42,2.3958,-1.0,TRAIL_STOP,5,0.001,1.08,1,2016
PETKM,2016-06-13,2016-06-14,1.9,1.881,-1.0,TRAIL_STOP,5,-0.0175,0.71,1,2016
PETKM,2017-03-11,2017-03-12,3.55,3.5145,-1.0,TRAIL_STOP,4,-0.0127,0.99,1,2017
PETKM,2017-10-09,2017-10-14,4.48,4.4946,0.3259,TRAIL_STOP,4,-0.0102,0.85,3,2017
PETKM,2018-01-23,2018-01-25,2.69,2.7126,0.8401,TRAIL_STOP,3,-0.0405,2.26,2,2018
PETKM,2018-02-22,2018-02-23,2.87,2.8413,-1.0,TRAIL_STOP,4,-0.0066,1.0,1,2018
PETKM,2018-05-21,2018-05-22,3.5,3.465,-1.0,TRAIL_STOP,12,-0.0398,3.2,1,2018
PETKM,2018-06-06,2018-06-07,3.52,3.4848,-1.0,TRAIL_STOP,4,-0.0349,0.8,1,2018
PETKM,2018-06-27,2018-06-28,3.31,3.2769,-1.0,TRAIL_STOP,6,-0.0467,0.95,1,2018
PETKM,2018-08-24,2018-08-26,3.26,3.2967,1.1258,TRAIL_STOP,11,-0.0246,1.79,2,2018
PETKM,2019-07-06,2019-07-08,2.93,2.93,0.0,TRAIL_STOP,3,-0.009,2.17,2,2019
PETKM,2019-09-13,2019-09-18,3.26,3.3759,3.5552,TRAIL_STOP,3,0.0153,1.7,3,2019
PETKM,2019-12-10,2019-12-12,2.78,2.89,3.9568,TRAIL_STOP,3,0.0056,2.22,2,2019
PETKM,2020-02-06,2020-02-08,2.95,2.93,-0.678,TRAIL_STOP,6,-0.0115,1.58,2,2020
PETKM,2020-04-10,2020-04-11,3.54,3.5046,-1.0,TRAIL_STOP,4,-0.0012,0.67,1,2020
PETKM,2020-05-24,2020-05-26,3.34,3.4056,1.9641,TRAIL_STOP,6,-0.0198,1.1,2,2020
PETKM,2020-10-25,2020-10-27,5.08,5.08,0.0,TRAIL_STOP,4,-0.0195,0.54,2,2020
PETKM,2020-11-08,2020-11-09,5.13,5.0787,-1.0,TRAIL_STOP,3,-0.0221,0.98,1,2020
PETKM,2021-03-03,2021-03-04,6.38,6.3162,-1.0,TRAIL_STOP,4,-0.0351,2.24,1,2021
PETKM,2022-10-10,2022-10-12,17.67,18.1269,2.5857,TRAIL_STOP,3,-0.0565,0.78,2,2022
PETKM,2023-01-11,2023-01-15,16.48,16.6221,0.8623,TRAIL_STOP,5,-0.0591,1.43,2,2023
PETKM,2023-02-13,2023-02-16,14.88,14.9985,0.7964,TRAIL_STOP,3,-0.0595,1.19,3,2023
PETKM,2023-08-03,2023-08-08,19.69,20.3148,3.1732,TRAIL_STOP,8,-0.2122,0.92,3,2023
PETKM,2023-08-16,2023-08-18,20.62,21.82,5.8196,TRAIL_STOP,3,0.0978,1.88,2,2023
PETKM,2023-09-21,2023-09-23,20.3,20.7504,2.2187,TRAIL_STOP,4,-0.2668,1.27,2,2023
PETKM,2023-12-12,2023-12-17,20.04,21.72,8.3832,TRAIL_STOP,3,-0.0044,0.97,3,2023
PETKM,2024-01-28,2024-02-01,23.76,24.3144,2.3333,TRAIL_STOP,7,-0.3293,1.2,2,2024
PETKM,2024-02-15,2024-02-16,23.66,22.22,-6.0862,TRAIL_STOP,7,-0.1005,1.67,1,2024
PETKM,2024-04-29,2024-04-30,21.34,21.1266,-1.0,TRAIL_STOP,3,-0.0666,1.3,1,2024
PETKM,2024-08-13,2024-08-16,23.2,22.968,-1.0,TRAIL_STOP,3,-0.1885,0.54,1,2024
PETKM,2024-10-25,2024-10-29,18.35,18.4437,0.5106,TRAIL_STOP,4,-0.1872,2.14,2,2024
PETKM,2025-03-05,2025-03-06,17.12,16.85,-1.5771,TRAIL_STOP,4,-0.3607,1.04,1,2025
PETKM,2025-03-26,2025-03-28,16.85,17.0,0.8902,TRAIL_STOP,3,-0.0937,1.24,2,2025
PETKM,2025-07-19,2025-07-25,17.27,18.0081,4.2739,TRAIL_STOP,5,-0.0493,1.27,4,2025
PETKM,2025-09-26,2025-09-28,18.9,19.3,2.1164,TRAIL_STOP,5,0.05,1.72,2,2025
PETKM,2025-11-19,2025-11-26,17.0,17.7111,4.1829,TRAIL_STOP,3,-0.0239,0.89,3,2025
PETKM,2026-03-11,2026-03-15,18.9,20.44,8.1482,TRAIL_STOP,3,-0.0251,1.17,2,2026
PETKM,2026-03-29,2026-03-30,20.5,20.295,-1.0,TRAIL_STOP,3,0.1407,0.82,1,2026
PGSUS,2015-03-22,2015-03-25,3.72,3.74,0.5376,TRAIL_STOP,5,-0.0031,1.62,3,2015
PGSUS,2015-09-10,2015-09-14,3.47,3.5145,1.2824,TRAIL_STOP,7,-0.0113,0.94,2,2015
PGSUS,2015-09-22,2015-09-26,3.48,3.5046,0.7069,TRAIL_STOP,5,-0.0081,1.52,3,2015
PGSUS,2016-02-08,2016-02-10,2.42,2.6928,11.2727,TRAIL_STOP,3,-0.0231,2.73,2,2016
PGSUS,2016-06-22,2016-06-27,2.57,2.57,0.0,TRAIL_STOP,4,-0.0092,2.4,3,2016
PGSUS,2017-01-13,2017-01-14,3.86,3.8214,-1.0,TRAIL_STOP,4,-0.0002,1.1,1,2017
PGSUS,2017-08-26,2017-08-27,6.94,6.8706,-1.0,TRAIL_STOP,3,-0.0603,1.63,1,2017
PGSUS,2017-09-17,2017-09-18,7.1,7.029,-1.0,TRAIL_STOP,4,-0.0171,0.83,1,2017
PGSUS,2017-10-29,2017-11-03,7.32,7.3161,-0.0533,TRAIL_STOP,5,-0.0522,1.02,2,2017
PGSUS,2017-12-31,2018-01-01,5.56,5.5044,-1.0,TRAIL_STOP,5,-0.1225,1.07,1,2017
PGSUS,2018-06-15,2018-06-18,4.56,4.5144,-1.0,TRAIL_STOP,4,-0.1009,1.43,1,2018
PGSUS,2018-10-08,2018-10-12,5.9,6.0885,3.1949,TRAIL_STOP,4,-0.0296,1.08,2,2018
PGSUS,2018-11-02,2018-11-07,5.98,6.44,7.6923,TRAIL_STOP,3,-0.0546,0.75,3,2018
PGSUS,2018-11-21,2018-11-22,5.78,5.7222,-1.0,TRAIL_STOP,7,-0.097,0.9,1,2018
PGSUS,2019-01-04,2019-01-05,6.06,5.9994,-1.0,TRAIL_STOP,4,-0.0639,2.72,1,2019
PGSUS,2019-01-15,2019-01-20,6.06,6.3954,5.5347,TRAIL_STOP,3,-0.042,0.88,3,2019
PGSUS,2019-06-04,2019-06-07,12.5,12.375,-1.0,TRAIL_STOP,4,-0.0603,0.73,1,2019
PGSUS,2019-06-11,2019-06-14,12.61,12.4839,-1.0,TRAIL_STOP,3,-0.0275,0.59,1,2019
PGSUS,2019-06-17,2019-06-21,12.51,12.9393,3.4317,TRAIL_STOP,3,-0.0308,1.48,2,2019
PGSUS,2019-07-10,2019-07-15,13.3,14.63,10.0,TRAIL_STOP,5,-0.0291,1.28,3,2019
PGSUS,2019-09-17,2019-09-18,17.08,16.9092,-1.0,TRAIL_STOP,6,-0.0971,2.14,1,2019
PGSUS,2019-10-18,2019-10-19,14.65,14.5035,-1.0,TRAIL_STOP,4,-0.2314,0.82,1,2019
PGSUS,2020-01-25,2020-01-30,10.41,11.27,8.2613,TRAIL_STOP,5,-0.1129,1.95,2,2020
PGSUS,2020-03-12,2020-03-15,11.37,11.2563,-1.0,TRAIL_STOP,11,-0.1103,2.79,1,2020
PGSUS,2020-04-26,2020-04-28,9.97,10.15,1.8054,TRAIL_STOP,8,-0.2086,0.93,2,2020
PGSUS,2020-05-24,2020-05-25,9.45,9.3555,-1.0,TRAIL_STOP,6,-0.0969,1.3,1,2020
PGSUS,2020-06-16,2020-06-20,9.45,9.52,0.7407,TRAIL_STOP,7,-0.0237,0.58,2,2020
PGSUS,2021-01-22,2021-01-23,13.93,13.7907,-1.0,TRAIL_STOP,11,-0.3798,2.42,1,2021
PGSUS,2021-05-27,2021-05-29,14.45,14.7708,2.2201,TRAIL_STOP,3,-0.0384,1.27,2,2021
PGSUS,2021-06-22,2021-06-25,14.42,14.2758,-1.0,TRAIL_STOP,8,-0.0852,2.49,1,2021
PGSUS,2022-03-05,2022-03-06,26.6,26.334,-1.0,TRAIL_STOP,4,-0.0427,0.87,1,2022
PGSUS,2022-07-29,2022-08-01,51.93,57.2022,10.1525,TRAIL_STOP,3,0.111,1.82,3,2022
PGSUS,2022-09-19,2022-09-21,74.99,75.97,1.3068,TRAIL_STOP,3,-0.6551,1.46,2,2022
PGSUS,2022-11-12,2022-11-16,95.59,100.0395,4.6548,TRAIL_STOP,4,-1.9057,1.06,2,2022
PGSUS,2022-12-04,2022-12-07,107.52,102.3,-4.8549,TRAIL_STOP,4,-0.8223,0.91,1,2022
PGSUS,2023-01-19,2023-01-22,102.81,101.7819,-1.0,TRAIL_STOP,3,-0.0949,1.2,1,2023
PGSUS,2023-02-07,2023-02-09,97.84,99.15,1.3389,TRAIL_STOP,11,-1.0105,1.26,2,2023
PGSUS,2023-04-02,2023-04-06,88.49,93.555,5.7238,TRAIL_STOP,5,-1.0988,1.7,2,2023
PGSUS,2023-07-09,2023-07-10,182.5,180.675,-1.0,TRAIL_STOP,3,-2.441,0.94,1,2023
PGSUS,2023-10-13,2023-10-14,149.36,147.8664,-1.0,TRAIL_STOP,3,-0.0314,0.86,1,2023
PGSUS,2023-11-07,2023-11-08,140.36,138.9564,-1.0,TRAIL_STOP,3,-1.5022,1.12,1,2023
PGSUS,2023-11-20,2023-11-21,136.98,135.6102,-1.0,TRAIL_STOP,6,-0.7927,1.46,1,2023
PGSUS,2024-02-18,2024-02-19,167.06,165.3894,-1.0,TRAIL_STOP,3,-0.176,1.04,1,2024
PGSUS,2024-04-29,2024-05-01,210.4,209.4,-0.4753,TRAIL_STOP,4,-1.1049,1.37,2,2024
PGSUS,2024-05-07,2024-05-09,210.0,226.71,7.9571,TRAIL_STOP,3,-1.1932,2.59,2,2024
PGSUS,2024-07-26,2024-07-28,221.0,225.522,2.0462,TRAIL_STOP,9,-3.43,1.73,2,2024
PGSUS,2024-09-16,2024-09-17,233.5,231.165,-1.0,TRAIL_STOP,3,-1.8673,1.39,1,2024
PGSUS,2024-12-09,2024-12-13,223.7,221.6,-0.9388,TRAIL_STOP,3,-0.5948,2.36,2,2024
PGSUS,2025-02-03,2025-02-04,238.7,236.313,-1.0,TRAIL_STOP,3,-1.6594,1.34,1,2025
PGSUS,2025-06-08,2025-06-10,235.9,240.3,1.8652,TRAIL_STOP,7,-5.9347,2.02,2,2025
PGSUS,2025-08-07,2025-08-09,258.75,259.875,0.4348,TRAIL_STOP,5,-0.5014,0.9,2,2025
PGSUS,2025-09-03,2025-09-04,233.8,231.462,-1.0,TRAIL_STOP,14,-3.3215,1.67,1,2025
PGSUS,2025-12-01,2025-12-04,203.3,203.2,-0.0492,TRAIL_STOP,3,-1.8926,1.57,3,2025
PGSUS,2026-01-23,2026-01-24,201.7,199.683,-1.0,TRAIL_STOP,3,-0.7951,1.72,1,2026
PGSUS,2026-04-01,2026-04-02,179.4,176.8,-1.4493,TRAIL_STOP,4,-1.2061,1.33,1,2026
PGSUS,2026-05-08,2026-05-10,184.3,186.2,1.0309,TRAIL_STOP,6,-1.4305,2.71,2,2026
SAHOL,2015-04-16,2015-04-21,6.4591,6.7348,4.2674,TRAIL_STOP,4,-0.0243,1.79,2,2015
SAHOL,2015-11-20,2015-11-21,6.5969,6.531,-1.0,TRAIL_STOP,15,-0.0452,1.13,1,2015
SAHOL,2015-12-01,2015-12-05,6.5969,6.631,0.5167,TRAIL_STOP,3,-0.0039,1.51,2,2015
SAHOL,2016-04-11,2016-04-14,6.7348,6.6674,-1.0,TRAIL_STOP,6,-0.0088,0.73,1,2016
SAHOL,2016-06-13,2016-06-16,6.2478,6.3763,2.0574,TRAIL_STOP,4,-0.031,1.49,3,2016
SAHOL,2016-12-17,2016-12-21,7.773,7.7589,-0.1809,TRAIL_STOP,5,-0.0057,0.28,2,2016
SAHOL,2016-12-25,2016-12-29,7.8281,7.8408,0.162,TRAIL_STOP,4,0.0054,0.99,2,2016
SAHOL,2017-03-04,2017-03-05,7.7554,7.6778,-1.0,TRAIL_STOP,3,-0.0595,1.35,1,2017
SAHOL,2017-04-02,2017-04-04,7.5881,7.6077,0.2594,TRAIL_STOP,4,-0.032,1.48,2,2017
SAHOL,2017-05-03,2017-05-04,7.3519,7.2783,-1.0,TRAIL_STOP,3,-0.051,1.75,1,2017
SAHOL,2017-07-01,2017-07-02,7.6176,7.5414,-1.0,TRAIL_STOP,8,-0.0421,1.89,1,2017
SAHOL,2017-10-08,2017-10-13,7.7357,7.746,0.1336,TRAIL_STOP,3,0.0018,0.84,3,2017
SAHOL,2017-11-19,2017-11-20,7.6963,7.6194,-1.0,TRAIL_STOP,6,-0.0059,1.89,1,2017
SAHOL,2018-06-06,2018-06-07,5.6,5.544,-1.0,TRAIL_STOP,3,-0.0641,0.85,1,2018
SAHOL,2018-06-14,2018-06-18,5.5114,5.5148,0.0607,TRAIL_STOP,3,-0.0491,0.77,2,2018
SAHOL,2018-08-02,2018-08-04,5.6,5.6295,0.5272,TRAIL_STOP,10,-0.0402,1.61,2,2018
SAHOL,2018-08-15,2018-08-18,5.5902,5.5343,-1.0,TRAIL_STOP,4,-0.0192,1.01,1,2018
SAHOL,2018-08-24,2018-08-25,5.5213,5.4661,-1.0,TRAIL_STOP,4,-0.0256,1.45,1,2018
SAHOL,2018-10-12,2018-10-13,6.8598,6.7912,-1.0,TRAIL_STOP,3,0.0087,1.08,1,2018
SAHOL,2018-11-06,2018-11-07,6.5448,6.4794,-1.0,TRAIL_STOP,8,-0.0389,0.89,1,2018
SAHOL,2018-12-06,2018-12-08,6.1413,6.2693,2.0833,TRAIL_STOP,3,-0.0411,1.3,2,2018
SAHOL,2019-05-23,2019-05-25,7.1058,7.2199,1.6053,TRAIL_STOP,3,-0.0267,1.01,2,2019
SAHOL,2019-06-07,2019-06-08,7.1452,7.0737,-1.0,TRAIL_STOP,3,-0.0244,2.14,1,2019
SAHOL,2019-07-09,2019-07-13,6.6629,6.6236,-0.5908,TRAIL_STOP,6,-0.02,1.99,2,2019
SAHOL,2019-08-27,2019-08-30,7.3125,7.3855,0.9987,TRAIL_STOP,3,-0.0033,0.93,3,2019
SAHOL,2019-10-10,2019-10-12,7.9227,8.0773,1.9516,TRAIL_STOP,6,-0.0514,2.66,2,2019
SAHOL,2020-06-10,2020-06-14,6.3578,6.4366,1.2384,TRAIL_STOP,6,-0.0654,2.0,2,2020
SAHOL,2020-07-22,2020-07-23,6.8302,6.7619,-1.0,TRAIL_STOP,5,-0.042,1.22,1,2020
SAHOL,2020-10-12,2020-10-13,9.2316,9.1393,-1.0,TRAIL_STOP,3,-0.0289,0.86,1,2020
SAHOL,2020-11-15,2020-11-16,9.1234,9.0322,-1.0,TRAIL_STOP,4,-0.0176,1.58,1,2020
SAHOL,2020-11-30,2020-12-03,8.8281,8.7399,-1.0,TRAIL_STOP,7,-0.0656,1.15,1,2020
SAHOL,2021-03-22,2021-03-23,7.7947,7.7168,-1.0,TRAIL_STOP,3,-0.0329,0.98,1,2021
SAHOL,2021-04-04,2021-04-08,7.6865,7.8142,1.662,TRAIL_STOP,5,-0.0632,1.27,2,2021
SAHOL,2021-04-28,2021-04-30,7.6176,7.7363,1.5581,TRAIL_STOP,7,-0.0206,2.69,2,2021
SAHOL,2021-09-10,2021-09-15,11.1508,11.5849,3.8932,TRAIL_STOP,3,-0.0389,0.96,3,2021
SAHOL,2021-12-23,2021-12-24,13.1487,13.0172,-1.0,TRAIL_STOP,3,-0.0525,1.2,1,2021
SAHOL,2022-07-16,2022-07-20,23.9354,23.6795,-1.0691,TRAIL_STOP,5,-0.0277,1.1,2,2022
SAHOL,2022-07-29,2022-07-30,24.6538,24.4073,-1.0,TRAIL_STOP,3,-0.0596,1.01,1,2022
SAHOL,2022-10-17,2022-10-18,36.5132,36.1481,-1.0,TRAIL_STOP,3,0.1222,0.99,1,2022
SAHOL,2022-12-04,2022-12-07,35.4405,34.6039,-2.3604,TRAIL_STOP,7,-0.6565,1.05,1,2022
SAHOL,2023-02-07,2023-02-08,36.405,36.0409,-1.0,TRAIL_STOP,3,-0.3915,0.87,1,2023
SAHOL,2023-03-15,2023-03-16,36.0211,35.6275,-1.0929,TRAIL_STOP,6,-0.4108,1.32,1,2023
SAHOL,2023-07-06,2023-07-10,54.6714,56.5801,3.4911,TRAIL_STOP,3,-0.1056,0.91,2,2023
SAHOL,2023-10-31,2023-11-04,59.1199,60.4584,2.264,TRAIL_STOP,3,0.3425,1.64,2,2023
SAHOL,2023-11-26,2023-11-28,57.1516,57.1909,0.0689,TRAIL_STOP,10,-0.244,1.46,2,2023
SAHOL,2024-01-28,2024-01-29,72.5836,71.8577,-1.0,TRAIL_STOP,6,-0.5927,1.09,1,2024
SAHOL,2024-04-29,2024-04-30,95.4757,94.521,-1.0,TRAIL_STOP,3,-0.3755,1.38,1,2024
SAHOL,2024-05-24,2024-05-29,91.5882,90.6723,-1.0,TRAIL_STOP,4,-0.3828,2.33,1,2024
SAHOL,2024-08-17,2024-08-18,88.8325,87.9441,-1.0,TRAIL_STOP,4,0.2037,0.54,1,2024
SAHOL,2024-11-29,2024-11-30,93.9109,92.9717,-1.0,TRAIL_STOP,4,-0.0793,0.96,1,2024
SAHOL,2024-12-23,2024-12-26,94.5309,93.5856,-1.0,TRAIL_STOP,4,-0.4679,0.72,1,2024
SAHOL,2025-04-05,2025-04-06,77.2585,76.4859,-1.0,TRAIL_STOP,3,-0.5696,1.35,1,2025
SAHOL,2025-06-08,2025-06-09,81.3428,80.5294,-1.0,TRAIL_STOP,4,0.1198,1.18,1,2025
SAHOL,2025-11-10,2025-11-12,76.5203,77.6029,1.4148,TRAIL_STOP,8,-0.4644,1.62,2,2025
SAHOL,2026-04-01,2026-04-02,90.55,88.9,-1.8222,TRAIL_STOP,9,-0.8833,1.14,1,2026
SAHOL,2026-05-08,2026-05-09,100.7,99.693,-1.0,TRAIL_STOP,7,-0.2908,1.92,1,2026
SASA,2015-04-27,2015-04-28,0.0113,0.0111,-1.0,TRAIL_STOP,22,0.0002,1.59,1,2015
SASA,2015-06-13,2015-06-14,0.01,0.0099,-1.0,TRAIL_STOP,32,0.0,6.96,1,2015
SASA,2016-03-10,2016-03-11,0.0175,0.0173,-1.0,TRAIL_STOP,24,0.0,33.94,1,2016
SASA,2016-03-26,2016-03-29,0.0162,0.015,-7.6923,TRAIL_STOP,3,-0.0002,0.92,1,2016
SASA,2016-05-09,2016-05-10,0.015,0.0148,-1.0,TRAIL_STOP,28,-0.0003,0.54,1,2016
SASA,2016-05-16,2016-05-24,0.015,0.0148,-1.0,TRAIL_STOP,4,-0.0001,3.56,6,2016
SASA,2016-06-13,2016-06-20,0.0162,0.0173,6.6154,TRAIL_STOP,4,0.0,0.64,5,2016
SASA,2016-09-27,2016-10-02,0.0262,0.0262,0.0,TRAIL_STOP,6,-0.0001,3.71,3,2016
SASA,2016-12-21,2016-12-22,0.0737,0.073,-1.0,TRAIL_STOP,3,0.0006,1.34,1,2016
SASA,2017-01-08,2017-01-13,0.07,0.0693,-1.0,TRAIL_STOP,7,-0.0009,1.15,1,2017
SASA,2017-01-29,2017-01-31,0.07,0.0718,2.5357,TRAIL_STOP,6,-0.0001,2.97,2,2017
SASA,2017-03-13,2017-03-21,0.08,0.0792,-1.0,TRAIL_STOP,6,-0.0002,1.93,5,2017
SASA,2017-04-03,2017-04-04,0.08,0.0792,-1.0,TRAIL_STOP,4,-0.0007,2.52,1,2017
SASA,2017-05-03,2017-05-04,0.07,0.0693,-1.0,TRAIL_STOP,18,-0.0014,1.02,1,2017
SASA,2017-05-10,2017-05-20,0.07,0.0693,-1.0,TRAIL_STOP,4,-0.001,2.61,8,2017
SASA,2017-06-15,2017-06-18,0.06,0.07,16.6667,TRAIL_STOP,13,-0.0018,1.62,3,2017
SASA,2017-09-10,2017-09-12,0.11,0.11,0.0,TRAIL_STOP,8,-0.0036,2.32,2,2017
SASA,2017-10-13,2017-10-15,0.11,0.11,0.0,TRAIL_STOP,17,0.0011,8.26,2,2017
SASA,2018-01-29,2018-01-30,0.13,0.1287,-1.0,TRAIL_STOP,3,-0.0026,1.18,1,2018
SASA,2018-02-21,2018-02-23,0.13,0.1386,6.6154,TRAIL_STOP,3,-0.0016,1.52,2,2018
SASA,2018-04-05,2018-04-07,0.14,0.1386,-1.0,TRAIL_STOP,16,-0.0008,2.12,2,2018
SASA,2018-05-05,2018-05-06,0.15,0.1485,-1.0,TRAIL_STOP,3,0.0012,3.22,1,2018
SASA,2018-05-20,2018-05-22,0.14,0.1386,-1.0,TRAIL_STOP,8,-0.0025,0.64,2,2018
SASA,2018-06-15,2018-06-19,0.13,0.1287,-1.0,TRAIL_STOP,6,-0.0031,1.27,2,2018
SASA,2018-07-04,2018-07-18,0.13,0.1386,6.6154,TRAIL_STOP,11,0.0006,2.33,8,2018
SASA,2018-08-03,2018-08-09,0.12,0.1188,-1.0,TRAIL_STOP,7,-0.0035,3.74,4,2018
SASA,2018-08-27,2018-08-30,0.12,0.11,-8.3333,TRAIL_STOP,7,0.0002,1.03,1,2018
SASA,2018-11-21,2018-11-23,0.12,0.1188,-1.0,TRAIL_STOP,42,-0.0013,1.0,2,2018
SASA,2019-01-11,2019-01-12,0.11,0.1089,-1.0,TRAIL_STOP,9,-0.002,4.45,1,2019
SASA,2019-01-15,2019-02-05,0.12,0.1287,7.25,TRAIL_STOP,3,0.0006,8.44,11,2019
SASA,2019-03-13,2019-03-18,0.13,0.1287,-1.0,TRAIL_STOP,5,-0.0035,0.59,3,2019
SASA,2019-04-20,2019-05-04,0.12,0.12,0.0,TRAIL_STOP,15,-0.0016,1.41,8,2019
SASA,2019-05-26,2019-06-01,0.13,0.1287,-1.0,TRAIL_STOP,11,0.0012,2.01,2,2019
SASA,2019-06-21,2019-07-06,0.13,0.1386,6.6154,TRAIL_STOP,9,0.0007,1.5,9,2019
SASA,2019-07-14,2019-08-09,0.13,0.1386,6.6154,TRAIL_STOP,6,-0.0014,0.84,18,2019
SASA,2019-09-03,2019-09-07,0.16,0.1584,-1.0,TRAIL_STOP,3,0.001,1.83,2,2019
SASA,2019-10-10,2019-10-11,0.17,0.1683,-1.0,TRAIL_STOP,7,0.0013,0.74,1,2019
SASA,2020-02-21,2020-02-28,0.21,0.2178,3.7143,TRAIL_STOP,3,0.0002,2.1,5,2020
SASA,2020-04-25,2020-04-26,0.27,0.2673,-1.0,TRAIL_STOP,4,-0.004,1.89,1,2020
SASA,2020-05-03,2020-05-05,0.27,0.2871,6.3333,TRAIL_STOP,3,0.0009,1.55,2,2020
SASA,2020-07-11,2020-07-14,0.34,0.3366,-1.0,TRAIL_STOP,7,-0.0013,2.79,1,2020
SASA,2020-07-25,2020-07-30,0.33,0.33,0.0,TRAIL_STOP,7,-0.0037,1.69,3,2020
SASA,2021-01-10,2021-01-11,0.94,0.9306,-1.0,TRAIL_STOP,5,-0.0078,1.92,1,2021
SASA,2021-01-17,2021-01-18,0.9,0.89,-1.1111,TRAIL_STOP,3,-0.0052,0.7,1,2021
SASA,2021-03-02,2021-03-03,0.92,0.91,-1.087,TRAIL_STOP,9,-0.0106,1.56,1,2021
SASA,2021-05-09,2021-05-13,0.81,0.81,0.0,TRAIL_STOP,4,0.0011,1.39,2,2021
SASA,2021-07-27,2021-07-28,0.74,0.7326,-1.0,TRAIL_STOP,4,0.0001,1.32,1,2021
SASA,2022-02-13,2022-02-22,1.74,1.8513,6.3966,TRAIL_STOP,4,-0.0116,0.97,2,2022
SASA,2022-12-03,2022-12-04,5.84,5.7816,-1.0,TRAIL_STOP,3,-0.1165,1.66,1,2022
SASA,2022-12-29,2023-01-04,5.98,6.1,2.0067,TRAIL_STOP,4,-0.0148,0.71,2,2022
SASA,2023-02-27,2023-02-28,5.81,5.7519,-1.0,TRAIL_STOP,3,-0.0257,0.92,1,2023
SASA,2023-08-08,2023-08-09,6.31,6.2469,-1.0,TRAIL_STOP,12,-0.0715,3.87,1,2023
SASA,2023-09-06,2023-09-08,5.68,5.88,3.5211,TRAIL_STOP,14,-0.0987,1.76,2,2023
SASA,2023-09-30,2023-10-01,5.55,5.4945,-1.0,TRAIL_STOP,5,-0.0315,1.93,1,2023
SASA,2023-12-06,2023-12-10,4.5,4.71,4.6667,TRAIL_STOP,7,-0.0755,3.54,2,2023
SASA,2024-02-10,2024-02-12,4.84,5.0,3.3058,TRAIL_STOP,6,-0.0334,1.42,2,2024
SASA,2024-02-27,2024-03-02,4.96,5.05,1.8145,TRAIL_STOP,3,-0.0568,0.9,2,2024
SASA,2024-03-15,2024-03-18,5.0,5.03,0.6,TRAIL_STOP,3,-0.0255,0.85,2,2024
SASA,2024-06-01,2024-06-05,5.51,5.51,0.0,TRAIL_STOP,6,-0.0716,0.91,2,2024
SASA,2024-07-07,2024-07-08,5.74,5.63,-1.9164,TRAIL_STOP,3,-0.0478,1.14,1,2024
SASA,2024-12-09,2024-12-13,4.27,4.29,0.4684,TRAIL_STOP,3,-0.0001,3.65,2,2024
SASA,2025-02-04,2025-02-12,3.53,3.55,0.5666,TRAIL_STOP,5,-0.0124,0.62,2,2025
SASA,2025-03-07,2025-03-14,3.7,3.72,0.5405,TRAIL_STOP,6,-0.0304,1.2,2,2025
SASA,2025-07-22,2025-07-23,3.18,3.1482,-1.0,TRAIL_STOP,6,-0.0013,1.07,1,2025
SASA,2025-11-10,2025-11-11,2.97,2.9403,-1.0,TRAIL_STOP,4,-0.0168,1.01,1,2025
SASA,2025-11-24,2025-11-26,2.97,2.97,-0.0,TRAIL_STOP,4,-0.0155,0.64,2,2025
SASA,2025-12-08,2025-12-09,2.92,2.8908,-1.0,TRAIL_STOP,4,-0.0138,0.99,1,2025
SASA,2026-04-01,2026-04-02,2.42,2.38,-1.6529,TRAIL_STOP,6,-0.0054,1.18,1,2026
SISE,2015-01-11,2015-01-15,2.0611,2.0405,-1.0,TRAIL_STOP,6,-0.0128,1.26,1,2015
SISE,2015-02-08,2015-02-09,1.8966,1.8777,-1.0,TRAIL_STOP,6,-0.0226,0.79,1,2015
SISE,2015-05-29,2015-05-30,1.9837,1.9639,-1.0,TRAIL_STOP,3,-0.0189,1.18,1,2015
SISE,2015-11-07,2015-11-08,2.4385,2.4142,-1.0,TRAIL_STOP,6,-0.0143,1.16,1,2015
SISE,2016-03-25,2016-03-26,2.5256,2.5004,-1.0,TRAIL_STOP,7,-0.0138,1.2,1,2016
SISE,2016-05-28,2016-05-30,2.3805,2.4192,1.626,TRAIL_STOP,5,-0.0037,0.93,2,2016
SISE,2017-07-16,2017-07-18,3.64,3.73,2.4725,TRAIL_STOP,3,0.0008,1.35,2,2017
SISE,2017-11-06,2017-11-07,4.28,4.2372,-1.0,TRAIL_STOP,3,-0.0008,0.95,1,2017
SISE,2017-12-31,2018-01-01,3.61,3.5739,-1.0,TRAIL_STOP,3,-0.0448,0.9,1,2017
SISE,2018-01-26,2018-01-29,3.56,3.5244,-1.0,TRAIL_STOP,6,-0.0199,1.2,1,2018
SISE,2018-05-28,2018-05-30,4.79,4.75,-0.8351,TRAIL_STOP,4,-0.0652,1.51,2,2018
SISE,2018-07-13,2018-07-19,4.32,4.25,-1.6204,TRAIL_STOP,5,-0.0102,1.12,2,2018
SISE,2018-08-10,2018-08-11,4.5,4.455,-1.0,TRAIL_STOP,3,-0.0312,0.51,1,2018
SISE,2018-10-25,2018-10-26,5.71,5.6529,-1.0,TRAIL_STOP,3,-0.0149,0.72,1,2018
SISE,2018-11-07,2018-11-08,5.65,5.5935,-1.0,TRAIL_STOP,4,-0.0138,1.05,1,2018
SISE,2018-12-09,2018-12-12,5.12,5.0688,-1.0,TRAIL_STOP,4,-0.0089,0.82,1,2018
SISE,2018-12-19,2018-12-24,5.17,5.2272,1.1064,TRAIL_STOP,3,-0.0266,1.84,2,2018
SISE,2019-02-10,2019-02-12,4.58,4.59,0.2183,TRAIL_STOP,3,-0.0171,1.29,2,2019
SISE,2019-02-17,2019-02-18,4.57,4.5243,-1.0,TRAIL_STOP,4,-0.0085,0.9,1,2019
SISE,2019-07-06,2019-07-08,3.94,3.96,0.5076,TRAIL_STOP,3,-0.0076,1.09,2,2019
SISE,2019-07-15,2019-07-16,4.05,4.0095,-1.0,TRAIL_STOP,3,0.0115,1.97,1,2019
SISE,2019-09-13,2019-09-18,4.68,4.7916,2.3846,TRAIL_STOP,3,-0.0194,1.14,3,2019
SISE,2019-10-05,2019-10-10,4.94,5.05,2.2267,TRAIL_STOP,7,-0.0087,13.89,2,2019
SISE,2020-01-22,2020-01-24,4.32,4.28,-0.9259,TRAIL_STOP,8,-0.0093,1.21,2,2020
SISE,2020-04-20,2020-04-21,5.71,5.65,-1.0508,TRAIL_STOP,4,-0.0696,5.32,1,2020
SISE,2020-05-04,2020-05-05,5.73,5.6727,-1.0,TRAIL_STOP,4,0.0018,2.7,1,2020
SISE,2020-06-27,2020-07-01,6.32,6.31,-0.1582,TRAIL_STOP,3,-0.0398,0.92,2,2020
SISE,2020-10-26,2020-10-27,6.91,6.8409,-1.0,TRAIL_STOP,6,-0.0709,1.02,1,2020
SISE,2020-11-26,2020-11-27,6.94,6.8706,-1.0,TRAIL_STOP,9,-0.0532,2.97,1,2020
SISE,2021-01-10,2021-01-11,6.72,6.6528,-1.0,TRAIL_STOP,3,-0.0451,1.52,1,2021
SISE,2021-05-01,2021-05-02,7.15,7.0785,-1.0,TRAIL_STOP,10,-0.0267,2.01,1,2021
SISE,2021-12-22,2021-12-24,12.05,12.36,2.5726,TRAIL_STOP,17,-0.0816,2.79,2,2021
SISE,2022-05-10,2022-05-12,20.16,20.16,0.0,TRAIL_STOP,3,-0.2027,1.56,2,2022
SISE,2022-07-29,2022-07-31,25.84,26.16,1.2384,TRAIL_STOP,3,-0.1331,1.45,2,2022
SISE,2022-11-15,2022-11-17,39.6,41.2434,4.15,TRAIL_STOP,5,-0.443,0.88,2,2022
SISE,2022-12-04,2022-12-07,40.97,39.03,-4.7352,TRAIL_STOP,8,-0.3536,1.26,1,2022
SISE,2023-01-18,2023-01-19,45.18,44.7282,-1.0,TRAIL_STOP,3,-0.1669,1.08,1,2023
SISE,2023-02-07,2023-02-08,42.86,42.4314,-1.0,TRAIL_STOP,7,-0.3346,1.24,1,2023
SISE,2023-04-02,2023-04-07,35.6,39.7089,11.5419,TRAIL_STOP,5,-0.5798,1.37,3,2023
SISE,2023-04-30,2023-05-04,41.78,42.67,2.1302,TRAIL_STOP,6,-0.3067,1.96,2,2023
SISE,2023-06-28,2023-06-29,49.88,49.3812,-1.0,TRAIL_STOP,3,-0.0921,1.2,1,2023
SISE,2023-07-06,2023-07-10,49.64,51.63,4.0089,TRAIL_STOP,3,-0.2556,1.01,2,2023
SISE,2023-11-07,2023-11-08,46.12,45.6588,-1.0,TRAIL_STOP,3,-0.1464,0.99,1,2023
SISE,2024-03-12,2024-03-18,45.67,47.1933,3.3355,TRAIL_STOP,3,-0.16,1.14,3,2024
SISE,2024-10-09,2024-10-10,38.82,38.4318,-1.0,TRAIL_STOP,4,-0.2187,1.34,1,2024
SISE,2024-11-23,2024-11-27,41.45,42.8076,3.2753,TRAIL_STOP,3,-0.0318,1.59,2,2024
SISE,2025-02-13,2025-02-15,35.9,38.2635,6.5836,TRAIL_STOP,3,-0.2203,1.72,2,2025
SISE,2025-03-05,2025-03-06,37.37,36.78,-1.5788,TRAIL_STOP,4,-0.8283,0.52,1,2025
SISE,2025-06-08,2025-06-11,33.5,34.54,3.1045,TRAIL_STOP,8,-0.1324,1.59,3,2025
SISE,2025-09-03,2025-09-04,38.8,38.412,-1.0,TRAIL_STOP,13,-0.4584,1.69,1,2025
SISE,2025-12-18,2025-12-19,39.68,39.2832,-1.0,TRAIL_STOP,4,-0.0384,1.22,1,2025
SISE,2025-12-27,2026-01-01,39.14,39.9564,2.0858,TRAIL_STOP,4,-0.0816,0.83,3,2025
SISE,2026-01-10,2026-01-14,39.66,39.8,0.353,TRAIL_STOP,3,-0.1086,1.22,2,2026
SISE,2026-02-18,2026-02-19,47.0,46.53,-1.0,TRAIL_STOP,3,-0.4088,0.58,1,2026
SOKM,2018-06-18,2018-06-19,9.62,9.5238,-1.0,TRAIL_STOP,4,-0.0122,1.11,1,2018
SOKM,2018-09-09,2018-09-10,10.57,10.4643,-1.0,TRAIL_STOP,8,-0.0186,1.62,1,2018
SOKM,2018-12-16,2018-12-19,9.03,8.9397,-1.0,TRAIL_STOP,4,-0.0253,1.64,1,2018
SOKM,2019-05-03,2019-05-04,10.63,10.5237,-1.0,TRAIL_STOP,8,-0.0341,2.23,1,2019
SOKM,2019-09-13,2019-09-19,10.12,10.5633,4.3804,TRAIL_STOP,4,-0.0008,1.71,4,2019
SOKM,2019-11-18,2019-11-19,8.66,8.5734,-1.0,TRAIL_STOP,3,-0.1588,4.42,1,2019
SOKM,2020-01-17,2020-01-18,10.75,10.6425,-1.0,TRAIL_STOP,3,-0.0033,1.74,1,2020
SOKM,2020-06-19,2020-06-20,12.06,11.9394,-1.0,TRAIL_STOP,8,-0.0435,4.08,1,2020
SOKM,2020-07-01,2020-07-03,11.84,12.0186,1.5084,TRAIL_STOP,4,-0.0158,0.95,2,2020
SOKM,2022-01-23,2022-01-27,12.1,12.474,3.0909,TRAIL_STOP,3,-0.0296,1.01,2,2022
SOKM,2022-02-21,2022-02-22,13.07,12.9393,-1.0,TRAIL_STOP,4,-0.0306,1.06,1,2022
SOKM,2022-03-05,2022-03-06,13.04,12.9096,-1.0,TRAIL_STOP,4,-0.0566,1.68,1,2022
SOKM,2022-10-10,2022-10-12,22.39,23.96,7.0121,TRAIL_STOP,3,-0.0542,1.02,2,2022
SOKM,2023-02-13,2023-02-14,27.75,27.4725,-1.0,TRAIL_STOP,3,-0.05,0.76,1,2023
SOKM,2023-08-09,2023-08-10,59.24,58.6476,-1.0,TRAIL_STOP,5,-0.0706,1.1,1,2023
SOKM,2023-10-21,2023-10-23,57.18,58.0833,1.5797,TRAIL_STOP,10,-0.3953,0.93,2,2023
SOKM,2024-01-28,2024-02-01,63.83,63.855,0.0392,TRAIL_STOP,8,-1.1053,1.26,2,2024
SOKM,2024-10-09,2024-10-11,41.3,42.0552,1.8286,TRAIL_STOP,17,-0.2713,2.72,2,2024
SOKM,2024-10-21,2024-10-22,40.4,39.996,-1.0,TRAIL_STOP,5,-0.2028,2.34,1,2024
SOKM,2025-03-20,2025-03-21,37.12,36.7488,-1.0,TRAIL_STOP,4,-0.3573,1.92,1,2025
SOKM,2025-11-17,2025-11-19,46.5,46.78,0.6021,TRAIL_STOP,6,0.0273,1.37,2,2025
TAVHL,2015-01-01,2015-01-02,16.39,16.2261,-1.0,TRAIL_STOP,3,-0.0646,1.02,1,2015
TAVHL,2015-02-02,2015-02-05,16.54,16.13,-2.4788,TRAIL_STOP,4,-0.0363,0.75,1,2015
TAVHL,2015-02-23,2015-02-24,16.83,16.6617,-1.0,TRAIL_STOP,3,-0.0156,1.66,1,2015
TAVHL,2015-04-20,2015-04-22,17.45,17.3844,-0.3759,TRAIL_STOP,4,-0.002,2.1,2,2015
TAVHL,2015-12-26,2015-12-27,10.99,10.55,-4.0036,TRAIL_STOP,4,-0.0829,2.45,1,2015
TAVHL,2016-02-08,2016-02-10,8.98,9.5535,6.3864,TRAIL_STOP,7,-0.0608,2.15,2,2016
TAVHL,2016-03-11,2016-03-19,9.02,9.0288,0.0976,TRAIL_STOP,10,-0.0963,1.93,2,2016
TAVHL,2016-03-25,2016-03-29,9.17,8.9,-2.9444,TRAIL_STOP,4,-0.0025,2.93,2,2016
TAVHL,2016-05-14,2016-05-15,10.04,9.65,-3.8845,TRAIL_STOP,4,-0.1455,1.37,1,2016
TAVHL,2016-05-27,2016-05-28,10.03,9.9297,-1.0,TRAIL_STOP,5,-0.0304,1.23,1,2016
TAVHL,2016-09-25,2016-10-02,11.9,12.3057,3.4092,TRAIL_STOP,5,-0.1186,0.98,5,2016
TAVHL,2016-10-19,2016-10-23,12.01,12.2067,1.6378,TRAIL_STOP,6,-0.0321,2.83,2,2016
TAVHL,2017-03-11,2017-03-12,17.12,16.9488,-1.0,TRAIL_STOP,4,-0.1439,1.15,1,2017
TAVHL,2018-02-02,2018-02-07,19.21,19.0179,-1.0,TRAIL_STOP,3,-0.1204,1.31,1,2018
TAVHL,2018-02-10,2018-02-11,19.22,19.0278,-1.0,TRAIL_STOP,3,-0.0491,1.33,1,2018
TAVHL,2018-03-16,2018-03-17,23.6,23.364,-1.0,TRAIL_STOP,4,-0.1626,1.17,1,2018
TAVHL,2018-03-29,2018-04-06,23.24,23.36,0.5164,TRAIL_STOP,5,-0.4099,0.19,2,2018
TAVHL,2018-07-20,2018-07-21,20.2,19.998,-1.0,TRAIL_STOP,10,-0.2563,0.9,1,2018
TAVHL,2018-08-24,2018-08-26,20.45,20.85,1.956,TRAIL_STOP,3,-0.0042,2.05,2,2018
TAVHL,2018-11-21,2018-11-23,22.99,23.5917,2.6172,TRAIL_STOP,3,-0.0704,0.63,2,2018
TAVHL,2018-12-16,2018-12-20,22.68,22.88,0.8818,TRAIL_STOP,3,-0.1074,1.52,2,2018
TAVHL,2019-05-16,2019-05-17,21.95,21.7305,-1.0,TRAIL_STOP,3,-0.0559,0.84,1,2019
TAVHL,2019-05-29,2019-06-02,21.97,22.36,1.7752,TRAIL_STOP,7,-0.0729,1.88,2,2019
TAVHL,2019-06-18,2019-06-22,22.66,22.71,0.2206,TRAIL_STOP,3,-0.0395,1.15,2,2019
TAVHL,2019-08-06,2019-08-08,25.64,25.7103,0.2742,TRAIL_STOP,4,-0.0857,1.02,2,2019
TAVHL,2019-08-15,2019-08-16,25.81,25.5519,-1.0,TRAIL_STOP,3,0.0084,1.48,1,2019
TAVHL,2020-01-28,2020-01-31,18.23,18.52,1.5908,TRAIL_STOP,15,-0.067,3.53,2,2020
TAVHL,2020-03-04,2020-03-06,19.56,19.54,-0.1022,TRAIL_STOP,7,-0.0478,0.96,2,2020
TAVHL,2020-03-12,2020-03-15,19.37,19.1763,-1.0,TRAIL_STOP,4,-0.0584,2.59,1,2020
TAVHL,2020-04-06,2020-04-07,17.71,17.5329,-1.0,TRAIL_STOP,4,-0.2231,2.18,1,2020
TAVHL,2020-04-19,2020-04-20,17.48,17.3052,-1.0,TRAIL_STOP,3,-0.2817,2.55,1,2020
TAVHL,2020-04-26,2020-04-27,18.13,17.9487,-1.0,TRAIL_STOP,3,0.0082,2.31,1,2020
TAVHL,2020-10-28,2020-10-29,22.1,21.879,-1.0,TRAIL_STOP,7,-0.1395,0.87,1,2020
TAVHL,2021-05-27,2021-05-29,23.68,24.3342,2.7627,TRAIL_STOP,3,0.064,0.99,2,2021
TAVHL,2021-06-22,2021-06-25,23.26,23.0274,-1.0,TRAIL_STOP,8,-0.1867,2.18,1,2021
TAVHL,2021-07-20,2021-07-22,25.28,25.54,1.0285,TRAIL_STOP,3,-0.056,1.46,2,2021
TAVHL,2021-09-10,2021-09-11,29.54,29.2446,-1.0,TRAIL_STOP,3,-0.1948,1.94,1,2021
TAVHL,2022-07-29,2022-07-31,69.2,70.884,2.4335,TRAIL_STOP,5,-0.6371,1.52,2,2022
TAVHL,2022-12-28,2022-12-29,75.45,74.6955,-1.0,TRAIL_STOP,7,-1.0996,1.77,1,2022
TAVHL,2023-04-02,2023-04-07,69.05,77.4675,12.1904,TRAIL_STOP,5,-0.5285,1.53,3,2023
TAVHL,2023-07-09,2023-07-10,128.7,127.413,-1.0,TRAIL_STOP,3,0.0068,0.97,1,2023
TAVHL,2023-08-02,2023-08-03,120.0,118.8,-1.0,TRAIL_STOP,7,-2.8172,2.51,1,2023
TAVHL,2023-08-31,2023-09-01,130.4,127.1,-2.5307,TRAIL_STOP,3,-0.7537,1.25,1,2023
TAVHL,2023-10-01,2023-10-06,118.4,122.166,3.1807,TRAIL_STOP,4,-0.2522,1.45,3,2023
TAVHL,2024-08-19,2024-08-20,259.25,256.6575,-1.0,TRAIL_STOP,4,0.1396,0.89,1,2024
TAVHL,2024-10-01,2024-10-02,228.7,226.413,-1.0,TRAIL_STOP,3,-0.7775,0.88,1,2024
TAVHL,2024-11-30,2024-12-01,287.25,284.3775,-1.0,TRAIL_STOP,3,0.2237,2.03,1,2024
TAVHL,2024-12-22,2024-12-27,276.75,282.75,2.168,TRAIL_STOP,3,-1.6979,0.57,3,2024
TAVHL,2025-01-14,2025-01-17,274.75,272.0025,-1.0,TRAIL_STOP,6,-1.7196,1.55,1,2025
TAVHL,2025-03-05,2025-03-06,257.0,254.43,-1.0,TRAIL_STOP,4,-2.226,1.06,1,2025
TAVHL,2025-04-22,2025-04-26,233.6,244.0,4.4521,TRAIL_STOP,3,-2.1472,1.84,2,2025
TAVHL,2025-05-18,2025-05-27,226.3,243.7,7.6889,TRAIL_STOP,12,-2.1939,1.76,5,2025
TAVHL,2025-08-06,2025-08-07,260.25,257.6475,-1.0,TRAIL_STOP,4,-0.2029,2.52,1,2025
TAVHL,2025-10-10,2025-10-11,231.0,228.69,-1.0,TRAIL_STOP,5,-2.2795,1.25,1,2025
TAVHL,2025-11-10,2025-11-12,261.75,267.0525,2.0258,TRAIL_STOP,3,-0.9897,0.99,2,2025
TAVHL,2026-03-22,2026-03-23,299.0,296.01,-1.0,TRAIL_STOP,6,-3.2533,3.15,1,2026
TAVHL,2026-03-30,2026-04-02,307.75,312.0,1.381,TRAIL_STOP,3,0.1975,1.63,2,2026
TCELL,2015-01-08,2015-01-10,8.0084,7.8872,-1.5134,TRAIL_STOP,3,-0.0468,1.32,2,2015
TCELL,2015-03-22,2015-03-29,7.0108,7.1622,2.1596,TRAIL_STOP,5,-0.0497,1.0,5,2015
TCELL,2015-07-16,2015-07-19,6.4235,6.6177,3.0232,TRAIL_STOP,6,-0.0539,1.22,3,2015
TCELL,2015-09-24,2015-09-26,7.6541,7.5776,-1.0,TRAIL_STOP,5,-0.0552,1.28,1,2015
TCELL,2016-01-24,2016-01-26,6.871,6.8669,-0.0597,TRAIL_STOP,4,-0.0658,1.01,2,2016
TCELL,2016-02-08,2016-02-09,6.7032,6.6286,-1.1127,TRAIL_STOP,7,-0.0464,0.93,1,2016
TCELL,2016-04-10,2016-04-14,6.3955,6.4608,1.0204,TRAIL_STOP,8,-0.0088,1.61,2,2016
TCELL,2016-04-23,2016-04-25,6.4328,6.4515,0.2913,TRAIL_STOP,4,-0.0063,1.12,2,2016
TCELL,2016-10-09,2016-10-10,7.8499,7.7714,-1.0,TRAIL_STOP,4,-0.0135,0.67,1,2016
TCELL,2016-11-02,2016-11-06,7.8499,7.9431,1.1877,TRAIL_STOP,4,-0.0088,2.03,2,2016
TCELL,2017-01-07,2017-01-13,7.7473,7.6541,-1.2034,TRAIL_STOP,5,-0.0036,1.15,2,2017
TCELL,2017-04-19,2017-04-20,8.6869,8.6,-1.0,TRAIL_STOP,11,-0.015,1.23,1,2017
TCELL,2017-06-08,2017-06-10,9.8451,9.9138,0.6979,TRAIL_STOP,4,-0.0364,0.63,2,2017
TCELL,2017-08-14,2017-08-16,10.7874,11.2334,4.1347,TRAIL_STOP,6,-0.0697,1.86,2,2017
TCELL,2017-09-06,2017-09-07,11.18,11.0426,-1.2292,TRAIL_STOP,6,-0.092,1.49,1,2017
TCELL,2018-07-27,2018-07-28,9.531,9.4357,-1.0,TRAIL_STOP,4,-0.0116,2.26,1,2018
TCELL,2018-08-23,2018-08-24,9.5997,9.5037,-1.0,TRAIL_STOP,3,-0.002,1.55,1,2018
TCELL,2019-01-20,2019-01-22,8.9323,9.0276,1.067,TRAIL_STOP,3,-0.039,0.78,2,2019
TCELL,2019-03-06,2019-03-08,10.1396,10.388,2.4501,TRAIL_STOP,3,-0.005,0.92,2,2019
TCELL,2019-05-23,2019-05-25,10.012,10.1256,1.1353,TRAIL_STOP,5,-0.0394,1.1,2,2019
TCELL,2019-11-10,2019-11-11,11.4549,11.3371,-1.0283,TRAIL_STOP,4,-0.1155,0.86,1,2019
TCELL,2020-05-04,2020-05-05,12.2107,12.0886,-1.0,TRAIL_STOP,3,-0.0701,0.54,1,2020
TCELL,2020-08-15,2020-08-19,12.6917,12.5248,-1.3148,TRAIL_STOP,3,-0.0321,0.81,2,2020
TCELL,2021-01-18,2021-01-24,12.299,12.4773,1.4493,TRAIL_STOP,3,-0.0735,1.06,3,2021
TCELL,2021-10-08,2021-10-09,17.3541,17.1805,-1.0,TRAIL_STOP,6,-0.2703,0.64,1,2021
TCELL,2021-11-05,2021-11-06,16.7259,16.5586,-1.0,TRAIL_STOP,5,-0.294,1.11,1,2021
TCELL,2022-05-24,2022-05-25,15.7836,15.6257,-1.0,TRAIL_STOP,3,-0.0213,1.38,1,2022
TCELL,2022-06-10,2022-06-14,16.4903,17.2389,4.5393,TRAIL_STOP,3,0.0083,1.92,2,2022
TCELL,2022-07-29,2022-07-30,19.8865,19.6877,-1.0,TRAIL_STOP,10,-0.4098,1.19,1,2022
TCELL,2022-10-10,2022-10-11,32.5684,32.2427,-1.0,TRAIL_STOP,3,0.095,1.84,1,2022
TCELL,2023-03-17,2023-03-18,30.8212,30.513,-1.0,TRAIL_STOP,10,-0.3335,1.76,1,2023
TCELL,2023-04-02,2023-04-06,29.9476,31.096,3.8348,TRAIL_STOP,5,-0.3959,1.15,2,2023
TCELL,2023-11-07,2023-11-08,52.1604,51.6388,-1.0,TRAIL_STOP,3,-0.2335,1.16,1,2023
TCELL,2023-11-14,2023-11-15,52.396,51.872,-1.0,TRAIL_STOP,3,-0.074,1.02,1,2023
TCELL,2024-01-12,2024-01-15,63.7233,63.086,-1.0,TRAIL_STOP,5,-0.356,1.14,1,2024
TCELL,2024-06-30,2024-07-01,100.2179,98.9124,-1.3026,TRAIL_STOP,6,-0.6187,0.92,1,2024
TCELL,2024-07-06,2024-07-07,98.7259,97.7387,-1.0,TRAIL_STOP,3,-1.2013,1.04,1,2024
TCELL,2024-07-14,2024-07-15,97.8916,96.9127,-1.0,TRAIL_STOP,4,-0.3075,1.07,1,2024
TCELL,2024-08-11,2024-08-12,91.5507,90.6352,-1.0,TRAIL_STOP,3,-0.5483,1.22,1,2024
TCELL,2024-11-07,2024-11-09,87.5459,87.9143,0.4208,TRAIL_STOP,3,-0.1269,1.25,2,2024
TCELL,2024-11-29,2024-11-30,90.1372,89.2359,-1.0,TRAIL_STOP,4,-0.4537,0.8,1,2024
TCELL,2025-01-27,2025-01-28,102.6816,101.6548,-1.0,TRAIL_STOP,4,-0.172,0.84,1,2025
TCELL,2025-02-13,2025-02-15,100.375,102.2281,1.8463,TRAIL_STOP,3,-0.9449,0.99,2,2025
TCELL,2025-03-29,2025-04-03,88.1152,90.2256,2.395,TRAIL_STOP,3,-0.6775,2.01,3,2025
TCELL,2025-04-21,2025-04-22,86.9079,86.0388,-1.0,TRAIL_STOP,8,-0.6398,1.12,1,2025
TCELL,2025-05-19,2025-05-20,94.3678,93.4241,-1.0,TRAIL_STOP,5,-0.4682,1.06,1,2025
TCELL,2025-07-03,2025-07-08,92.3654,93.1423,0.8411,TRAIL_STOP,4,-0.5182,0.67,3,2025
TCELL,2025-07-16,2025-07-17,91.8255,90.9073,-1.0,TRAIL_STOP,4,-0.5824,1.76,1,2025
TCELL,2025-08-06,2025-08-09,93.4451,96.592,3.3677,TRAIL_STOP,3,-0.1746,1.0,3,2025
TCELL,2025-10-10,2025-10-11,95.0156,94.0655,-1.0,TRAIL_STOP,5,-0.5829,0.49,1,2025
TCELL,2025-10-28,2025-10-29,100.1198,96.6843,-3.4314,TRAIL_STOP,3,0.2123,1.79,1,2025
TCELL,2026-05-07,2026-05-10,115.2,118.1,2.5174,TRAIL_STOP,4,-0.5261,1.24,3,2026
THYAO,2015-03-19,2015-03-25,7.8926,8.254,4.5792,TRAIL_STOP,4,-0.0159,1.8,4,2015
THYAO,2015-04-16,2015-04-21,8.4103,9.0061,7.0848,TRAIL_STOP,3,-0.0155,1.47,2,2015
THYAO,2015-07-17,2015-07-19,7.1209,7.1367,0.2222,TRAIL_STOP,4,-0.0051,1.79,2,2015
THYAO,2015-09-23,2015-09-26,7.5898,7.5912,0.0193,TRAIL_STOP,6,0.0113,1.23,2,2015
THYAO,2015-10-06,2015-10-07,7.5409,7.4655,-1.0,TRAIL_STOP,3,-0.0364,1.1,1,2015
THYAO,2015-12-19,2015-12-20,5.7827,5.7248,-1.0,TRAIL_STOP,10,-0.0605,1.7,1,2015
THYAO,2016-01-10,2016-01-13,5.6752,5.8699,3.4303,TRAIL_STOP,5,-0.0388,1.32,3,2016
THYAO,2016-02-08,2016-02-10,5.3333,5.6459,5.8608,TRAIL_STOP,3,0.0137,2.76,2,2016
THYAO,2016-03-12,2016-03-19,5.1575,5.1059,-1.0,TRAIL_STOP,3,-0.0079,3.38,1,2016
THYAO,2016-04-09,2016-04-11,5.2259,5.2161,-0.1869,TRAIL_STOP,7,0.014,3.1,2,2016
THYAO,2016-05-27,2016-05-29,5.138,5.0963,-0.8118,TRAIL_STOP,7,-0.0317,2.18,2,2016
THYAO,2016-07-14,2016-07-15,4.8449,4.7965,-1.0,TRAIL_STOP,3,-0.0309,2.55,1,2016
THYAO,2016-07-21,2016-07-25,4.8547,4.9133,1.2073,TRAIL_STOP,3,-0.0196,1.96,2,2016
THYAO,2016-09-12,2016-09-14,5.5482,5.5701,0.3944,TRAIL_STOP,3,-0.0374,1.44,2,2016
THYAO,2017-02-22,2017-02-27,8.66,8.7988,1.6023,TRAIL_STOP,3,0.0156,1.24,3,2017
THYAO,2017-11-17,2017-11-18,18.7056,18.5186,-1.0,TRAIL_STOP,3,-0.1522,0.81,1,2017
THYAO,2017-12-24,2017-12-25,16.5085,16.3434,-1.0,TRAIL_STOP,3,-0.094,1.38,1,2017
THYAO,2018-09-28,2018-09-29,14.8853,14.7365,-1.0,TRAIL_STOP,6,-0.0076,1.11,1,2018
THYAO,2018-11-06,2018-11-08,13.6482,13.8758,1.6679,TRAIL_STOP,7,-0.0612,1.66,2,2018
THYAO,2018-11-23,2018-11-25,13.094,13.8546,5.8095,TRAIL_STOP,6,-0.0788,0.79,2,2018
THYAO,2019-02-20,2019-02-26,12.5892,12.8748,2.2689,TRAIL_STOP,3,-0.0461,1.1,2,2019
THYAO,2019-09-13,2019-09-18,13.9154,14.374,3.2952,TRAIL_STOP,3,-0.0923,1.18,3,2019
THYAO,2019-10-10,2019-10-12,14.054,14.3642,2.207,TRAIL_STOP,8,-0.1152,0.85,2,2019
THYAO,2021-02-28,2021-03-02,13.0148,12.8846,-1.0,TRAIL_STOP,4,0.0134,1.32,1,2021
THYAO,2021-04-07,2021-04-08,13.7967,13.6587,-1.0,TRAIL_STOP,6,-0.0704,1.02,1,2021
THYAO,2021-05-27,2021-05-29,12.2032,12.4241,1.8102,TRAIL_STOP,4,-0.0819,1.3,2,2021
THYAO,2021-09-10,2021-09-11,17.9832,17.8033,-1.0,TRAIL_STOP,3,-0.013,1.33,1,2021
THYAO,2021-10-03,2021-10-06,20.6257,20.4194,-1.0,TRAIL_STOP,3,-0.5576,0.72,1,2021
THYAO,2022-04-22,2022-04-25,48.1596,47.678,-1.0,TRAIL_STOP,3,-0.5669,1.02,1,2022
THYAO,2022-12-04,2022-12-07,139.3917,136.1652,-2.3147,TRAIL_STOP,4,-3.317,1.06,1,2022
THYAO,2022-12-28,2022-12-29,140.0746,138.6739,-1.0,TRAIL_STOP,4,-0.2555,2.05,1,2022
THYAO,2023-02-07,2023-02-08,125.1299,123.8786,-1.0,TRAIL_STOP,6,-1.5491,1.67,1,2023
THYAO,2023-03-15,2023-03-16,129.7222,128.425,-1.0,TRAIL_STOP,7,-0.6598,0.92,1,2023
THYAO,2023-07-09,2023-07-10,250.0618,247.5612,-1.0,TRAIL_STOP,3,-3.2526,1.08,1,2023
THYAO,2023-10-31,2023-11-04,246.3999,245.9149,-0.1968,TRAIL_STOP,4,-2.2425,1.12,2,2023
THYAO,2023-11-20,2023-11-21,230.9207,228.6115,-1.0,TRAIL_STOP,10,-2.4186,1.19,1,2023
THYAO,2024-02-09,2024-02-12,271.796,278.2688,2.3815,TRAIL_STOP,4,-0.7795,1.23,3,2024
THYAO,2024-03-12,2024-03-17,295.4799,300.1217,1.5709,TRAIL_STOP,3,0.3296,1.19,2,2024
THYAO,2024-04-11,2024-04-15,315.9968,316.9423,0.2992,TRAIL_STOP,5,-1.7263,1.35,2,2024
THYAO,2024-05-24,2024-05-29,301.5865,298.5707,-1.0,TRAIL_STOP,3,-1.4263,1.42,1,2024
THYAO,2024-07-06,2024-07-08,291.0856,295.6704,1.5751,TRAIL_STOP,3,-4.8445,1.57,2,2024
THYAO,2024-07-26,2024-07-28,290.8481,294.4652,1.2436,TRAIL_STOP,3,-0.6909,0.9,2,2024
THYAO,2024-08-13,2024-08-16,285.4739,282.6192,-1.0,TRAIL_STOP,6,-2.9756,0.89,1,2024
THYAO,2024-10-28,2024-10-29,289.3734,286.4797,-1.0,TRAIL_STOP,4,1.8285,2.41,1,2024
THYAO,2025-02-03,2025-02-04,308.4254,305.3412,-1.0,TRAIL_STOP,5,-1.6641,1.78,1,2025
THYAO,2025-03-19,2025-03-21,302.8138,299.8743,-0.9707,TRAIL_STOP,3,-1.8858,2.16,2,2025
THYAO,2025-05-18,2025-05-26,277.1702,283.5794,2.3124,TRAIL_STOP,12,-2.3463,0.95,4,2025
THYAO,2025-06-08,2025-06-09,271.6773,268.9605,-1.0,TRAIL_STOP,8,-2.352,2.83,1,2025
THYAO,2025-07-22,2025-07-25,291.4716,304.9689,4.6307,TRAIL_STOP,5,0.423,1.63,3,2025
THYAO,2025-09-10,2025-09-11,326.0,322.74,-1.0,TRAIL_STOP,3,-0.5285,1.09,1,2025
THYAO,2026-03-09,2026-03-10,297.0,294.03,-1.0,TRAIL_STOP,14,-6.2555,1.34,1,2026
TKFEN,2015-02-28,2015-03-02,2.8068,2.8575,1.8085,TRAIL_STOP,10,-0.0091,2.71,2,2015
TKFEN,2015-08-03,2015-08-07,2.6575,2.6801,0.8539,TRAIL_STOP,3,-0.0131,0.57,2,2015
TKFEN,2015-11-01,2015-11-02,4.1206,4.0793,-1.0,TRAIL_STOP,3,-0.0343,1.84,1,2015
TKFEN,2016-01-13,2016-01-14,5.7329,5.6756,-1.0,TRAIL_STOP,5,0.0361,3.51,1,2016
TKFEN,2016-02-23,2016-02-24,5.5538,5.4982,-1.0,TRAIL_STOP,5,-0.0156,22.06,1,2016
TKFEN,2016-07-18,2016-07-20,4.658,4.7297,1.5385,TRAIL_STOP,4,-0.0121,2.57,2,2016
TKFEN,2016-10-11,2016-10-16,6.3102,6.4442,2.123,TRAIL_STOP,5,-0.0662,1.13,2,2016
TKFEN,2016-12-08,2016-12-09,7.2657,7.193,-1.0,TRAIL_STOP,3,-0.0097,1.38,1,2016
TKFEN,2017-01-20,2017-01-21,6.6387,6.5723,-1.0,TRAIL_STOP,3,-0.0216,2.53,1,2017
TKFEN,2017-11-03,2017-11-04,12.9588,12.8292,-1.0,TRAIL_STOP,5,-0.0922,0.58,1,2017
TKFEN,2018-01-05,2018-01-08,12.0332,11.9129,-1.0,TRAIL_STOP,3,-0.0121,0.87,1,2018
TKFEN,2019-07-07,2019-07-08,14.2826,14.1398,-1.0,TRAIL_STOP,4,-0.16,1.65,1,2019
TKFEN,2019-08-26,2019-08-29,15.2082,15.5193,2.0452,TRAIL_STOP,3,-0.0048,1.38,3,2019
TKFEN,2019-09-13,2019-09-17,15.8452,16.4159,3.6018,TRAIL_STOP,4,0.0171,1.3,2,2019
TKFEN,2020-05-21,2020-05-25,12.7697,13.0362,2.0865,TRAIL_STOP,5,-0.0671,1.14,2,2020
TKFEN,2020-06-19,2020-06-24,12.9986,13.0066,0.0613,TRAIL_STOP,3,-0.0472,0.89,3,2020
TKFEN,2020-10-26,2020-10-27,16.2135,16.0513,-1.0,TRAIL_STOP,4,-0.0128,0.65,1,2020
TKFEN,2020-11-08,2020-11-09,15.9049,15.7459,-1.0,TRAIL_STOP,7,-0.0851,1.31,1,2020
TKFEN,2021-01-10,2021-01-11,13.5262,13.3909,-1.0,TRAIL_STOP,3,-0.0829,0.65,1,2021
TKFEN,2021-03-08,2021-03-09,13.6755,13.5387,-1.0,TRAIL_STOP,3,-0.0609,1.19,1,2021
TKFEN,2021-03-19,2021-03-22,13.4664,13.3318,-1.0,TRAIL_STOP,5,-0.0736,0.89,1,2021
TKFEN,2021-07-25,2021-07-27,12.3716,12.6702,2.4135,TRAIL_STOP,3,-0.0164,1.29,2,2021
TKFEN,2022-05-04,2022-05-05,20.344,20.1405,-1.0,TRAIL_STOP,4,0.0444,1.27,1,2022
TKFEN,2022-07-29,2022-07-30,28.5154,28.2303,-1.0,TRAIL_STOP,3,-0.4134,1.03,1,2022
TKFEN,2022-08-26,2022-08-30,29.9586,31.7085,5.8412,TRAIL_STOP,3,-0.0353,1.6,3,2022
TKFEN,2023-04-30,2023-05-05,36.0698,38.1997,5.9051,TRAIL_STOP,3,0.2139,1.66,3,2023
TKFEN,2024-05-09,2024-05-10,52.9998,52.4698,-1.0,TRAIL_STOP,11,-0.4366,1.81,1,2024
TKFEN,2024-06-21,2024-06-22,57.8768,57.2981,-1.0,TRAIL_STOP,5,0.092,1.66,1,2024
TKFEN,2024-08-13,2024-08-16,53.8458,53.3074,-1.0,TRAIL_STOP,3,-0.4647,0.54,1,2024
TKFEN,2024-11-01,2024-11-07,81.6148,81.7347,0.1469,TRAIL_STOP,4,0.295,1.6,2,2024
TKFEN,2025-10-13,2025-10-17,81.2167,82.6101,1.7157,TRAIL_STOP,7,-0.9258,0.84,2,2025
TKFEN,2025-12-27,2025-12-30,72.85,72.1215,-1.0,TRAIL_STOP,3,0.0233,0.67,1,2025
TKFEN,2026-01-16,2026-01-17,71.85,71.1315,-1.0,TRAIL_STOP,8,-0.393,1.77,1,2026
TOASO,2015-01-11,2015-01-15,8.433,8.3486,-1.0,TRAIL_STOP,6,-0.0609,1.46,1,2015
TOASO,2015-02-07,2015-02-09,8.2954,8.3116,0.1951,TRAIL_STOP,4,-0.134,2.2,2,2015
TOASO,2015-03-15,2015-03-18,8.3358,8.2525,-1.0,TRAIL_STOP,3,-0.028,1.29,1,2015
TOASO,2015-05-21,2015-05-22,9.307,9.2139,-1.0,TRAIL_STOP,5,-0.0075,0.77,1,2015
TOASO,2015-07-10,2015-07-11,8.9266,8.8374,-1.0,TRAIL_STOP,3,-0.0587,1.17,1,2015
TOASO,2015-10-06,2015-10-07,10.699,10.3915,-2.8744,TRAIL_STOP,3,-0.0024,0.36,1,2015
TOASO,2016-02-08,2016-02-10,11.3707,11.3452,-0.2249,TRAIL_STOP,4,-0.035,1.72,2,2016
TOASO,2016-07-15,2016-07-19,11.4355,11.4274,-0.0708,TRAIL_STOP,3,-0.0822,0.83,2,2016
TOASO,2016-10-02,2016-10-03,13.2483,13.1159,-1.0,TRAIL_STOP,3,0.0102,1.53,1,2016
TOASO,2016-11-30,2016-12-01,14.4704,14.3257,-1.0,TRAIL_STOP,3,-0.0612,0.97,1,2016
TOASO,2017-01-21,2017-01-22,14.4785,14.3337,-1.0,TRAIL_STOP,4,-0.0595,0.87,1,2017
TOASO,2017-01-27,2017-01-28,14.4542,14.3097,-1.0,TRAIL_STOP,3,-0.0452,0.95,1,2017
TOASO,2017-02-22,2017-02-26,15.4737,15.8376,2.3519,TRAIL_STOP,3,0.0346,1.19,2,2017
TOASO,2017-04-20,2017-04-25,15.2305,15.0782,-1.0,TRAIL_STOP,5,-0.1358,0.91,1,2017
TOASO,2017-07-23,2017-07-24,15.8573,15.6987,-1.0,TRAIL_STOP,7,-0.0421,1.02,1,2017
TOASO,2017-08-14,2017-08-15,16.2783,16.1155,-1.0,TRAIL_STOP,4,-0.0097,0.95,1,2017
TOASO,2017-08-26,2017-08-27,15.9976,15.8376,-1.0,TRAIL_STOP,4,-0.0871,0.69,1,2017
TOASO,2018-01-11,2018-01-12,12.77,12.6423,-1.0,TRAIL_STOP,3,-0.0901,1.29,1,2018
TOASO,2018-01-24,2018-01-26,12.6765,13.0313,2.7993,TRAIL_STOP,5,-0.044,1.37,2,2018
TOASO,2018-03-04,2018-03-08,11.6754,11.8365,1.3798,TRAIL_STOP,3,-0.0546,1.65,2,2018
TOASO,2018-03-19,2018-03-22,11.5164,11.2357,-2.437,TRAIL_STOP,6,-0.0761,2.62,1,2018
TOASO,2018-04-22,2018-04-23,11.8158,11.6976,-1.0,TRAIL_STOP,3,-0.0583,1.71,1,2018
TOASO,2018-05-04,2018-05-06,11.7877,11.9935,1.746,TRAIL_STOP,3,-0.0235,1.49,2,2018
TOASO,2018-08-23,2018-08-24,8.5695,8.4838,-1.0,TRAIL_STOP,3,-0.1299,1.39,1,2018
TOASO,2018-11-03,2018-11-06,11.0019,10.8918,-1.0,TRAIL_STOP,5,-0.0404,5.63,1,2018
TOASO,2018-12-20,2018-12-25,10.216,10.6233,3.9863,TRAIL_STOP,10,-0.1647,1.66,2,2018
TOASO,2019-11-10,2019-11-11,15.7169,15.5598,-1.0,TRAIL_STOP,3,0.0328,0.96,1,2019
TOASO,2020-01-23,2020-01-24,13.1817,13.0498,-1.0,TRAIL_STOP,5,-0.1575,1.18,1,2020
TOASO,2020-10-25,2020-10-27,24.6981,25.0816,1.553,TRAIL_STOP,3,-0.1022,2.39,2,2020
TOASO,2020-11-04,2020-11-05,24.5203,24.2751,-1.0,TRAIL_STOP,4,-0.1181,1.26,1,2020
TOASO,2020-11-10,2020-11-12,24.4922,24.8197,1.3369,TRAIL_STOP,3,-0.1145,3.06,2,2020
TOASO,2020-11-26,2020-11-27,24.1648,23.9232,-1.0,TRAIL_STOP,4,-0.3173,0.43,1,2020
TOASO,2020-12-19,2020-12-20,24.5577,24.3122,-1.0,TRAIL_STOP,4,-0.4789,0.3,1,2020
TOASO,2020-12-25,2020-12-26,24.539,24.2936,-1.0,TRAIL_STOP,3,-0.2705,2.04,1,2020
TOASO,2021-02-07,2021-02-08,21.5266,21.1992,-1.5211,TRAIL_STOP,6,-0.2367,1.01,1,2021
TOASO,2021-03-23,2021-03-24,22.3218,22.0986,-1.0,TRAIL_STOP,4,-0.1067,2.04,1,2021
TOASO,2021-04-18,2021-04-21,22.1908,21.9689,-1.0,TRAIL_STOP,3,-0.0446,5.0,1,2021
TOASO,2021-12-28,2021-12-30,55.6548,58.025,4.2587,TRAIL_STOP,9,-0.4959,2.75,2,2021
TOASO,2022-02-21,2022-02-22,63.5601,62.9245,-1.0,TRAIL_STOP,6,-0.6247,0.77,1,2022
TOASO,2023-01-24,2023-01-25,149.3203,147.8271,-1.0,TRAIL_STOP,3,0.019,0.93,1,2023
TOASO,2023-03-18,2023-03-19,157.3285,155.7552,-1.0,TRAIL_STOP,10,-3.4116,1.77,1,2023
TOASO,2023-04-30,2023-05-04,180.5578,187.0878,3.6166,TRAIL_STOP,3,0.0545,2.08,2,2023
TOASO,2023-08-07,2023-08-08,237.1294,234.7581,-1.0,TRAIL_STOP,3,-0.0163,1.38,1,2023
TOASO,2023-10-05,2023-10-06,205.1623,203.1107,-1.0,TRAIL_STOP,6,-1.9569,1.23,1,2023
TOASO,2023-10-14,2023-10-15,202.7299,200.7026,-1.0,TRAIL_STOP,5,-1.1535,1.68,1,2023
TOASO,2023-11-20,2023-11-21,177.3957,175.6217,-1.0,TRAIL_STOP,10,-1.2341,1.52,1,2023
TOASO,2024-02-18,2024-02-24,220.7389,229.9513,4.1734,TRAIL_STOP,3,-0.9648,0.79,3,2024
TOASO,2024-07-28,2024-08-02,212.9553,210.8257,-1.0,TRAIL_STOP,4,-2.3797,1.22,1,2024
TOASO,2024-08-26,2024-08-27,193.5804,191.6446,-1.0,TRAIL_STOP,4,-0.5508,0.95,1,2024
TOASO,2024-11-08,2024-11-09,183.7199,181.8827,-1.0,TRAIL_STOP,3,1.0201,4.29,1,2024
TOASO,2024-12-23,2024-12-27,179.9684,188.5326,4.7587,TRAIL_STOP,3,-1.4257,0.55,2,2024
TOASO,2025-02-13,2025-02-15,176.825,183.9573,4.0335,TRAIL_STOP,4,-0.9363,1.53,2,2025
TOASO,2025-06-08,2025-06-10,171.8573,172.7928,0.5444,TRAIL_STOP,7,-1.3291,1.47,2,2025
TOASO,2025-08-28,2025-08-30,221.7212,224.5278,1.2658,TRAIL_STOP,5,-3.6108,3.05,2,2025
TOASO,2025-10-12,2025-10-14,243.7062,256.088,5.0806,TRAIL_STOP,7,-1.8752,0.76,2,2025
TOASO,2026-04-08,2026-04-13,271.25,280.0,3.2258,TRAIL_STOP,7,-4.564,2.22,3,2026
TSKB,2015-01-18,2015-01-19,0.935,0.9256,-1.0,TRAIL_STOP,3,-0.0023,0.68,1,2015
TSKB,2015-07-13,2015-07-16,0.7632,0.7556,-1.0,TRAIL_STOP,14,-0.0066,1.45,1,2015
TSKB,2015-09-18,2015-09-22,0.9063,0.9063,0.0,TRAIL_STOP,3,-0.0023,0.24,2,2015
TSKB,2015-10-03,2015-10-06,0.9063,0.8973,-1.0,TRAIL_STOP,3,-0.0035,1.2,1,2015
TSKB,2015-12-04,2015-12-05,0.8968,0.8878,-1.0,TRAIL_STOP,4,0.0037,2.36,1,2015
TSKB,2015-12-28,2016-01-07,0.8682,0.935,7.6923,TRAIL_STOP,4,-0.0015,0.65,3,2015
TSKB,2016-01-28,2016-02-02,0.8491,0.8491,0.0,TRAIL_STOP,3,-0.0087,0.72,2,2016
TSKB,2016-03-24,2016-03-26,0.8873,0.9067,2.1935,TRAIL_STOP,7,-0.0045,1.3,2,2016
TSKB,2016-08-31,2016-09-01,0.9636,0.9539,-1.0,TRAIL_STOP,4,-0.0038,1.27,1,2016
TSKB,2016-10-17,2016-10-19,0.9445,0.9445,0.0,TRAIL_STOP,9,-0.0022,1.19,2,2016
TSKB,2016-10-31,2016-11-03,0.9636,0.9922,2.9703,TRAIL_STOP,3,0.0027,2.12,3,2016
TSKB,2016-11-29,2016-11-30,0.9922,0.9823,-1.0,TRAIL_STOP,7,-0.0031,0.55,1,2016
TSKB,2016-12-07,2016-12-09,1.0017,1.0295,2.7714,TRAIL_STOP,4,-0.0012,1.99,2,2016
TSKB,2017-02-25,2017-02-27,1.183,1.1806,-0.2016,TRAIL_STOP,3,-0.007,1.07,2,2017
TSKB,2017-04-05,2017-04-06,1.1544,1.1428,-1.0,TRAIL_STOP,6,-0.0016,0.69,1,2017
TSKB,2017-05-06,2017-05-09,1.0876,1.0767,-1.0,TRAIL_STOP,4,-0.0034,1.34,1,2017
TSKB,2017-06-08,2017-06-09,1.1162,1.1051,-1.0,TRAIL_STOP,3,0.0036,1.18,1,2017
TSKB,2017-12-31,2018-01-01,1.0208,1.0106,-1.0,TRAIL_STOP,22,-0.0109,0.91,1,2017
TSKB,2018-05-20,2018-05-21,0.7728,0.765,-1.0,TRAIL_STOP,3,-0.0036,2.84,1,2018
TSKB,2018-06-27,2018-06-28,0.7155,0.7084,-1.0,TRAIL_STOP,4,-0.0063,1.18,1,2018
TSKB,2018-10-08,2018-10-09,0.7823,0.7745,-1.0,TRAIL_STOP,3,-0.003,0.43,1,2018
TSKB,2018-11-03,2018-11-07,0.8109,0.8217,1.3294,TRAIL_STOP,3,-0.0001,0.31,2,2018
TSKB,2019-04-17,2019-04-18,0.8014,0.7934,-1.0,TRAIL_STOP,3,0.0012,2.0,1,2019
TSKB,2019-05-01,2019-05-02,0.7919,0.7839,-1.0,TRAIL_STOP,3,0.0005,1.21,1,2019
TSKB,2019-09-13,2019-09-18,1.1353,1.1712,3.1597,TRAIL_STOP,3,0.0055,1.41,3,2019
TSKB,2020-03-28,2020-03-31,1.1926,1.1926,0.0,TRAIL_STOP,3,-0.0111,1.5,2,2020
TSKB,2020-06-09,2020-06-10,1.0208,1.0017,-1.8692,TRAIL_STOP,7,-0.0091,1.55,1,2020
TSKB,2020-11-15,2020-11-16,1.6696,1.6529,-1.0,TRAIL_STOP,10,-0.0142,1.89,1,2020
TSKB,2021-01-25,2021-01-26,1.2212,1.209,-1.0,TRAIL_STOP,8,-0.0204,1.06,1,2021
TSKB,2021-02-04,2021-02-08,1.2307,1.2373,0.5349,TRAIL_STOP,3,-0.0025,6.4,2,2021
TSKB,2021-07-26,2021-07-27,1.1639,1.1523,-1.0,TRAIL_STOP,4,0.0007,0.78,1,2021
TSKB,2021-11-13,2021-11-15,1.4883,1.5169,1.9231,TRAIL_STOP,6,-0.0015,0.88,2,2021
TSKB,2022-02-25,2022-02-26,1.8031,1.7851,-1.0,TRAIL_STOP,3,-0.0014,0.7,1,2022
TSKB,2022-03-08,2022-03-11,1.8413,1.8229,-1.0,TRAIL_STOP,6,-0.0027,2.0,1,2022
TSKB,2022-04-06,2022-04-09,2.1752,2.1535,-1.0,TRAIL_STOP,3,-0.0174,0.85,1,2022
TSKB,2022-11-01,2022-11-02,4.36,4.3164,-1.0,TRAIL_STOP,4,-0.026,1.09,1,2022
TSKB,2022-11-15,2022-11-17,3.9402,4.0803,3.5545,TRAIL_STOP,9,-0.0894,0.82,2,2022
TSKB,2023-02-22,2023-02-23,4.131,4.0897,-1.0,TRAIL_STOP,3,0.0044,0.97,1,2023
TSKB,2023-03-15,2023-03-16,4.0165,3.9764,-1.0,TRAIL_STOP,10,-0.0212,2.63,1,2023
TSKB,2023-05-01,2023-05-05,4.2169,4.2932,1.8099,TRAIL_STOP,4,0.0054,1.29,2,2023
TSKB,2023-10-01,2023-10-06,6.6115,7.2126,9.0909,TRAIL_STOP,6,-0.0365,0.94,3,2023
TSKB,2023-10-22,2023-10-23,7.0981,7.0271,-1.0,TRAIL_STOP,4,0.0189,1.12,1,2023
TSKB,2024-01-28,2024-01-29,7.9472,7.8677,-1.0,TRAIL_STOP,4,-0.06,1.24,1,2024
TSKB,2024-05-08,2024-05-10,10.628,10.9185,2.7325,TRAIL_STOP,3,-0.0371,0.67,2,2024
TSKB,2024-05-31,2024-06-01,11.1242,11.0129,-1.0,TRAIL_STOP,3,-0.1353,1.0,1,2024
TSKB,2024-08-26,2024-08-27,11.4771,11.3624,-1.0,TRAIL_STOP,3,-0.0029,1.14,1,2024
TSKB,2024-11-29,2024-11-30,11.8683,11.7496,-1.0,TRAIL_STOP,4,-0.1329,0.97,1,2024
TSKB,2025-04-05,2025-04-06,10.3037,10.2006,-1.0,TRAIL_STOP,5,-0.1043,1.16,1,2025
TSKB,2025-06-08,2025-06-09,10.7139,10.6068,-1.0,TRAIL_STOP,7,-0.0498,1.64,1,2025
TSKB,2025-09-21,2025-09-22,13.1849,13.053,-1.0,TRAIL_STOP,4,-0.0472,1.13,1,2025
TSKB,2025-11-10,2025-11-12,11.7347,11.792,0.4878,TRAIL_STOP,8,-0.0753,1.05,2,2025
TSKB,2025-12-27,2026-01-01,12.2499,12.8641,5.014,TRAIL_STOP,8,-0.0819,1.51,3,2025
TSKB,2026-05-08,2026-05-10,11.95,12.5136,4.7163,TRAIL_STOP,5,-0.0928,1.95,2,2026
TTKOM,2015-03-01,2015-03-03,4.55,4.6629,2.4813,TRAIL_STOP,3,-0.0281,1.02,2,2015
TTKOM,2015-04-16,2015-04-21,4.85,5.01,3.299,TRAIL_STOP,6,-0.0469,1.65,2,2015
TTKOM,2015-05-07,2015-05-11,4.8,4.8609,1.2687,TRAIL_STOP,4,-0.0255,1.05,2,2015
TTKOM,2015-07-03,2015-07-05,4.13,4.19,1.4528,TRAIL_STOP,7,-0.0474,1.23,2,2015
TTKOM,2015-10-23,2015-10-29,5.17,5.1975,0.5319,TRAIL_STOP,5,-0.0172,0.72,2,2015
TTKOM,2015-12-18,2015-12-19,4.86,4.8114,-1.0,TRAIL_STOP,6,-0.0108,0.84,1,2015
TTKOM,2016-05-14,2016-05-15,4.68,4.57,-2.3504,TRAIL_STOP,6,-0.0146,1.51,1,2016
TTKOM,2016-05-21,2016-05-22,4.51,4.4649,-1.0,TRAIL_STOP,3,-0.0603,1.33,1,2016
TTKOM,2016-06-04,2016-06-05,4.49,4.4451,-1.0,TRAIL_STOP,4,-0.0133,1.42,1,2016
TTKOM,2016-07-21,2016-07-22,4.34,4.2966,-1.0,TRAIL_STOP,4,0.0027,2.04,1,2016
TTKOM,2016-10-26,2016-10-27,4.75,4.7025,-1.0,TRAIL_STOP,5,0.0003,0.93,1,2016
TTKOM,2017-01-28,2017-01-31,4.98,5.0985,2.3795,TRAIL_STOP,7,-0.0218,0.97,3,2017
TTKOM,2017-04-19,2017-04-20,5.35,5.2965,-1.0,TRAIL_STOP,14,-0.0526,2.32,1,2017
TTKOM,2017-06-24,2017-06-27,4.56,4.5144,-1.0,TRAIL_STOP,19,-0.1053,2.41,1,2017
TTKOM,2017-09-05,2017-09-06,5.13,5.0787,-1.0,TRAIL_STOP,6,-0.029,7.64,1,2017
TTKOM,2017-11-19,2017-11-21,5.09,5.09,0.0,TRAIL_STOP,9,-0.0487,0.99,2,2017
TTKOM,2018-02-09,2018-02-11,4.1,4.29,4.6341,TRAIL_STOP,3,-0.0231,2.54,2,2018
TTKOM,2018-05-21,2018-05-22,2.93,2.9007,-1.0,TRAIL_STOP,3,-0.0148,0.96,1,2018
TTKOM,2018-05-27,2018-05-28,2.95,2.9205,-1.0,TRAIL_STOP,3,-0.0108,1.18,1,2018
TTKOM,2018-06-14,2018-06-15,2.72,2.6928,-1.0,TRAIL_STOP,9,-0.0437,0.98,1,2018
TTKOM,2018-12-30,2018-12-31,3.46,3.4254,-1.0,TRAIL_STOP,12,-0.046,2.98,1,2018
TTKOM,2019-04-03,2019-04-05,4.35,4.39,0.9195,TRAIL_STOP,4,-0.0491,0.96,2,2019
TTKOM,2019-05-01,2019-05-04,4.38,4.58,4.5662,TRAIL_STOP,4,-0.0018,1.18,3,2019
TTKOM,2019-05-18,2019-05-19,4.55,4.5045,-1.0,TRAIL_STOP,3,-0.0043,2.4,1,2019
TTKOM,2019-06-18,2019-06-22,4.43,4.4649,0.7878,TRAIL_STOP,4,-0.0214,1.2,2,2019
TTKOM,2019-08-05,2019-08-07,5.56,5.62,1.0791,TRAIL_STOP,3,-0.0044,0.86,2,2019
TTKOM,2019-09-13,2019-09-18,6.16,6.39,3.7338,TRAIL_STOP,4,0.0309,1.94,3,2019
TTKOM,2019-10-17,2019-10-19,6.41,6.6924,4.4056,TRAIL_STOP,3,-0.0206,1.09,2,2019
TTKOM,2019-11-10,2019-11-11,6.54,6.42,-1.8349,TRAIL_STOP,3,-0.148,0.59,1,2019
TTKOM,2019-12-15,2019-12-17,5.32,5.41,1.6917,TRAIL_STOP,3,-0.0113,1.0,2,2019
TTKOM,2019-12-29,2019-12-30,5.53,5.4747,-1.0,TRAIL_STOP,3,-0.0002,1.35,1,2019
TTKOM,2020-02-27,2020-02-29,6.17,6.2271,0.9254,TRAIL_STOP,5,0.0082,1.77,2,2020
TTKOM,2020-05-19,2020-05-20,5.78,5.7222,-1.0,TRAIL_STOP,3,-0.0328,1.46,1,2020
TTKOM,2020-06-10,2020-06-14,5.67,5.8113,2.4921,TRAIL_STOP,9,-0.0234,2.67,2,2020
TTKOM,2020-10-27,2020-10-29,6.85,6.9894,2.035,TRAIL_STOP,9,-0.0627,1.0,2,2020
TTKOM,2021-12-16,2021-12-18,7.99,8.5239,6.6821,TRAIL_STOP,10,-0.1057,1.53,2,2021
TTKOM,2022-07-29,2022-07-30,11.57,11.4543,-1.0,TRAIL_STOP,3,-0.1999,0.93,1,2022
TTKOM,2022-11-16,2022-11-18,22.36,23.2848,4.136,TRAIL_STOP,6,-0.3637,1.27,2,2022
TTKOM,2023-02-07,2023-02-09,17.55,18.18,3.5897,TRAIL_STOP,5,-0.2211,1.02,2,2023
TTKOM,2023-04-02,2023-04-06,14.61,15.3747,5.2341,TRAIL_STOP,5,-0.1075,1.49,2,2023
TTKOM,2023-06-06,2023-06-10,21.36,21.4434,0.3904,TRAIL_STOP,4,-0.2612,1.31,2,2023
TTKOM,2023-11-07,2023-11-08,25.46,25.2054,-1.0,TRAIL_STOP,3,0.1195,1.01,1,2023
TTKOM,2023-11-14,2023-11-15,24.56,24.3144,-1.0,TRAIL_STOP,3,-0.1288,0.98,1,2023
TTKOM,2024-01-28,2024-01-29,31.54,31.2246,-1.0,TRAIL_STOP,7,-0.3406,0.86,1,2024
TTKOM,2024-02-11,2024-02-15,30.3,30.46,0.5281,TRAIL_STOP,8,-0.2773,1.93,2,2024
TTKOM,2024-05-08,2024-05-10,46.74,48.708,4.2105,TRAIL_STOP,3,-0.0241,0.8,2,2024
TTKOM,2024-06-28,2024-07-01,51.1,51.2,0.1957,TRAIL_STOP,5,-0.388,1.11,2,2024
TTKOM,2024-07-06,2024-07-08,50.6,50.886,0.5652,TRAIL_STOP,3,-0.3101,0.94,2,2024
TTKOM,2024-08-13,2024-08-16,49.96,49.4604,-1.0,TRAIL_STOP,3,-0.2199,1.4,1,2024
TTKOM,2024-10-11,2024-10-15,46.66,46.74,0.1715,TRAIL_STOP,3,-0.244,1.5,2,2024
TTKOM,2024-10-24,2024-10-25,46.56,46.0944,-1.0,TRAIL_STOP,7,-0.2102,1.1,1,2024
TTKOM,2024-11-07,2024-11-09,46.18,46.34,0.3465,TRAIL_STOP,3,-0.0554,1.25,2,2024
TTKOM,2024-11-17,2024-11-21,46.94,46.8864,-0.1142,TRAIL_STOP,3,-0.0904,1.17,2,2024
TTKOM,2024-11-30,2024-12-04,45.64,45.4212,-0.4794,TRAIL_STOP,5,-0.3912,1.22,2,2024
TTKOM,2024-12-09,2024-12-13,45.58,46.0152,0.9548,TRAIL_STOP,3,-0.3258,3.39,2,2024
TTKOM,2024-12-22,2024-12-26,45.7,46.38,1.488,TRAIL_STOP,3,-0.2389,0.95,2,2024
TTKOM,2025-06-08,2025-06-09,56.5,55.935,-1.0,TRAIL_STOP,5,-0.7684,1.78,1,2025
TTKOM,2025-08-07,2025-08-09,56.7,57.8655,2.0556,TRAIL_STOP,4,-0.1932,0.88,2,2025
TTKOM,2025-09-21,2025-09-23,52.5,52.5195,0.0371,TRAIL_STOP,4,-0.4329,0.92,2,2025
TTKOM,2025-10-27,2025-10-28,55.0,54.45,-1.0,TRAIL_STOP,3,0.2181,5.26,1,2025
TTKOM,2025-12-23,2025-12-24,57.15,56.5785,-1.0,TRAIL_STOP,5,-0.1034,1.75,1,2025
TTKOM,2026-05-07,2026-05-10,62.65,65.85,5.1077,TRAIL_STOP,4,-0.5157,1.16,3,2026
TTRAK,2015-01-08,2015-01-11,19.1019,20.1631,5.5556,TRAIL_STOP,3,-0.1858,1.75,3,2015
TTRAK,2015-02-08,2015-02-09,19.8638,19.5826,-1.4155,TRAIL_STOP,10,-0.1393,1.22,1,2015
TTRAK,2015-04-20,2015-04-23,21.0157,21.03,0.0682,TRAIL_STOP,4,-0.0388,1.61,3,2015
TTRAK,2015-05-21,2015-05-23,20.8706,20.8343,-0.1738,TRAIL_STOP,5,-0.0868,0.57,2,2015
TTRAK,2015-07-03,2015-07-05,19.5463,19.9974,2.3077,TRAIL_STOP,6,-0.0439,0.98,2,2015
TTRAK,2015-07-13,2015-07-17,19.6461,19.6202,-0.1316,TRAIL_STOP,3,-0.0521,1.09,2,2015
TTRAK,2015-08-04,2015-08-09,20.1087,20.7517,3.1976,TRAIL_STOP,3,-0.0838,2.39,3,2015
TTRAK,2015-11-13,2015-11-14,24.4442,24.1998,-1.0,TRAIL_STOP,5,-0.119,1.42,1,2015
TTRAK,2015-12-13,2015-12-14,25.2424,24.99,-1.0,TRAIL_STOP,3,0.0048,1.0,1,2015
TTRAK,2016-01-24,2016-01-25,25.4329,25.1786,-1.0,TRAIL_STOP,5,-0.4244,0.71,1,2016
TTRAK,2016-03-24,2016-03-26,25.1245,25.3241,0.7942,TRAIL_STOP,10,-0.184,1.35,2,2016
TTRAK,2016-06-13,2016-06-15,22.4034,22.6284,1.004,TRAIL_STOP,11,-0.1875,1.32,2,2016
TTRAK,2016-07-15,2016-07-19,22.1948,22.2493,0.2452,TRAIL_STOP,3,-0.0278,2.5,2,2016
TTRAK,2016-11-30,2016-12-01,25.5508,25.2953,-1.0,TRAIL_STOP,3,-0.0379,2.08,1,2016
TTRAK,2017-01-08,2017-01-14,25.5327,25.3331,-0.7815,TRAIL_STOP,4,-0.084,0.84,2,2017
TTRAK,2017-02-21,2017-02-25,26.81,26.8191,0.0339,TRAIL_STOP,3,-0.0032,1.85,2,2017
TTRAK,2017-03-11,2017-03-12,26.9,26.631,-1.0,TRAIL_STOP,4,-0.0023,1.32,1,2017
TTRAK,2017-05-05,2017-05-06,25.19,24.9381,-1.0,TRAIL_STOP,5,-0.1826,4.4,1,2017
TTRAK,2017-11-07,2017-11-10,25.07,24.8193,-1.0,TRAIL_STOP,6,-0.0177,1.91,1,2017
TTRAK,2018-02-02,2018-02-07,18.0,17.82,-1.0,TRAIL_STOP,4,-0.0548,2.96,1,2018
TTRAK,2018-04-24,2018-04-27,16.07,15.9093,-1.0,TRAIL_STOP,4,-0.0963,2.52,1,2018
TTRAK,2018-07-22,2018-07-26,12.85,13.47,4.8249,TRAIL_STOP,3,0.0152,2.73,2,2018
TTRAK,2018-09-28,2018-09-29,12.68,12.5532,-1.0,TRAIL_STOP,5,-0.0463,2.04,1,2018
TTRAK,2018-10-25,2018-10-27,12.46,12.88,3.3708,TRAIL_STOP,3,0.0302,2.65,2,2018
TTRAK,2019-03-15,2019-03-18,10.84,10.7316,-1.0,TRAIL_STOP,7,-0.0186,1.95,1,2019
TTRAK,2019-03-22,2019-03-27,10.75,10.98,2.1395,TRAIL_STOP,4,-0.032,1.0,3,2019
TTRAK,2019-05-02,2019-05-05,12.76,13.266,3.9655,TRAIL_STOP,5,-0.0518,2.82,3,2019
TTRAK,2019-06-18,2019-06-23,14.11,14.48,2.6223,TRAIL_STOP,7,-0.2015,1.29,3,2019
TTRAK,2020-04-26,2020-04-27,37.96,37.5804,-1.0,TRAIL_STOP,3,0.1358,0.99,1,2020
TTRAK,2020-06-16,2020-06-20,36.25,36.54,0.8,TRAIL_STOP,7,-0.0748,2.98,2,2020
TTRAK,2020-07-23,2020-07-25,42.45,46.04,8.457,TRAIL_STOP,3,-0.0923,2.49,2,2020
TTRAK,2020-10-27,2020-10-28,66.2,65.538,-1.0,TRAIL_STOP,5,-0.2902,1.51,1,2020
TTRAK,2021-01-10,2021-01-11,82.81,81.9819,-1.0,TRAIL_STOP,5,-0.6689,1.08,1,2021
TTRAK,2021-01-22,2021-01-23,84.67,83.8233,-1.0,TRAIL_STOP,3,-0.4024,1.09,1,2021
TTRAK,2021-04-03,2021-04-04,69.86,69.1614,-1.0,TRAIL_STOP,4,-0.1541,1.47,1,2021
TTRAK,2021-07-05,2021-07-08,63.06,62.4294,-1.0,TRAIL_STOP,14,-0.1709,2.98,1,2021
TTRAK,2021-07-18,2021-07-20,61.54,61.58,0.065,TRAIL_STOP,3,-0.1918,1.1,2,2021
TTRAK,2021-11-19,2021-11-20,86.15,85.2885,-1.0,TRAIL_STOP,3,-0.6282,1.27,1,2021
TTRAK,2022-04-10,2022-04-11,98.99,98.0001,-1.0,TRAIL_STOP,7,-0.5923,1.15,1,2022
TTRAK,2022-06-07,2022-06-08,99.67,98.6733,-1.0,TRAIL_STOP,3,-0.045,1.32,1,2022
TTRAK,2022-07-16,2022-07-20,106.24,106.8111,0.5376,TRAIL_STOP,3,-0.1165,0.77,2,2022
TTRAK,2022-12-25,2022-12-28,237.53,235.1547,-1.0,TRAIL_STOP,3,0.2061,1.08,1,2022
TTRAK,2023-02-22,2023-02-23,243.13,240.6987,-1.0,TRAIL_STOP,3,-0.1858,0.61,1,2023
TTRAK,2023-03-16,2023-03-17,245.53,243.0747,-1.0,TRAIL_STOP,5,-2.144,1.15,1,2023
TTRAK,2023-04-30,2023-05-04,319.73,329.9076,3.1832,TRAIL_STOP,4,1.1371,2.38,2,2023
TTRAK,2023-08-17,2023-08-18,775.34,767.5866,-1.0,TRAIL_STOP,6,-6.714,1.91,1,2023
TTRAK,2023-11-01,2023-11-04,628.85,622.5615,-1.0,TRAIL_STOP,3,-0.9537,1.6,1,2023
TTRAK,2024-05-09,2024-05-16,864.85,875.28,1.206,TRAIL_STOP,8,-10.8969,0.78,2,2024
TTRAK,2024-08-13,2024-08-16,673.01,666.2799,-1.0,TRAIL_STOP,5,-0.5655,1.59,1,2024
TTRAK,2025-01-14,2025-01-18,646.69,645.3414,-0.2085,TRAIL_STOP,5,-3.2962,1.35,2,2025
TTRAK,2025-02-03,2025-02-11,624.58,627.4,0.4515,TRAIL_STOP,12,-4.0453,1.34,2,2025
TTRAK,2025-04-25,2025-04-26,620.0,613.8,-1.0,TRAIL_STOP,12,-7.5905,1.47,1,2025
TTRAK,2025-06-14,2025-06-19,581.5,606.5,4.2992,TRAIL_STOP,3,-1.9437,1.93,3,2025
TTRAK,2025-07-19,2025-07-23,594.5,611.325,2.8301,TRAIL_STOP,4,-1.7813,0.91,2,2025
TTRAK,2025-10-25,2025-10-26,572.0,566.28,-1.0,TRAIL_STOP,3,0.382,2.03,1,2025
TTRAK,2025-12-08,2025-12-09,527.0,521.73,-1.0,TRAIL_STOP,3,-0.2269,1.08,1,2025
TTRAK,2025-12-17,2025-12-19,524.5,522.225,-0.4337,TRAIL_STOP,3,-1.2459,0.95,2,2025
TUPRS,2015-01-10,2015-01-15,4.6118,4.6695,1.25,TRAIL_STOP,6,-0.0091,1.47,2,2015
TUPRS,2015-02-24,2015-02-27,4.6904,4.6435,-1.0,TRAIL_STOP,5,-0.0264,0.91,1,2015
TUPRS,2015-04-01,2015-04-07,4.8826,5.0586,3.6046,TRAIL_STOP,4,-0.0378,0.63,4,2015
TUPRS,2015-06-04,2015-06-05,4.6817,4.6349,-1.0,TRAIL_STOP,3,-0.0563,1.24,1,2015
TUPRS,2015-06-27,2015-06-28,4.804,4.7559,-1.0,TRAIL_STOP,4,-0.0054,3.3,1,2015
TUPRS,2015-08-07,2015-08-08,4.7254,4.6781,-1.0,TRAIL_STOP,9,-0.0395,1.24,1,2015
TUPRS,2015-10-03,2015-10-07,5.2145,5.2142,-0.005,TRAIL_STOP,3,0.0036,0.75,2,2015
TUPRS,2015-12-04,2015-12-06,4.7865,4.7603,-0.5475,TRAIL_STOP,3,-0.0062,0.61,2,2015
TUPRS,2016-01-24,2016-01-26,4.4895,4.5225,0.7335,TRAIL_STOP,3,-0.0458,0.55,2,2016
TUPRS,2016-04-01,2016-04-02,4.1052,4.0642,-1.0,TRAIL_STOP,3,-0.0164,0.84,1,2016
TUPRS,2016-07-14,2016-07-19,5.0747,5.1105,0.704,TRAIL_STOP,3,-0.0189,1.98,3,2016
TUPRS,2016-10-10,2016-10-12,6.4199,6.4508,0.4816,TRAIL_STOP,3,-0.0031,0.77,2,2016
TUPRS,2017-04-17,2017-04-18,9.3328,9.2395,-1.0,TRAIL_STOP,4,-0.0214,1.18,1,2017
TUPRS,2017-10-12,2017-10-14,8.88,8.8523,-0.3122,TRAIL_STOP,4,-0.0344,0.95,2,2017
TUPRS,2017-12-14,2017-12-17,9.0833,8.9925,-1.0,TRAIL_STOP,14,-0.1113,1.71,1,2017
TUPRS,2018-02-08,2018-02-09,9.5638,9.4682,-1.0,TRAIL_STOP,4,-0.063,0.76,1,2018
TUPRS,2018-02-25,2018-03-01,8.9909,9.0279,0.4111,TRAIL_STOP,10,-0.1044,1.24,2,2018
TUPRS,2018-03-19,2018-03-22,9.5823,9.4865,-1.0,TRAIL_STOP,5,0.0063,4.27,1,2018
TUPRS,2018-07-12,2018-07-13,10.8852,10.7763,-1.0,TRAIL_STOP,4,-0.0181,1.56,1,2018
TUPRS,2018-07-29,2018-08-02,10.7004,10.7672,0.6244,TRAIL_STOP,4,-0.0993,0.89,2,2018
TUPRS,2018-08-24,2018-08-26,10.2014,10.4653,2.5869,TRAIL_STOP,5,-0.0637,2.6,2,2018
TUPRS,2018-11-21,2018-11-22,12.761,12.6334,-1.0,TRAIL_STOP,3,-0.1848,0.54,1,2018
TUPRS,2018-12-06,2018-12-08,12.7702,12.724,-0.3618,TRAIL_STOP,4,-0.0571,1.99,2,2018
TUPRS,2019-07-21,2019-07-22,12.3359,12.2126,-1.0,TRAIL_STOP,5,-0.0395,2.13,1,2019
TUPRS,2019-09-13,2019-09-18,12.1049,12.1486,0.3603,TRAIL_STOP,4,-0.0939,1.99,3,2019
TUPRS,2020-01-06,2020-01-14,8.3441,8.5104,1.9934,TRAIL_STOP,5,-0.0137,0.97,3,2020
TUPRS,2020-02-06,2020-02-08,8.1223,8.3155,2.3788,TRAIL_STOP,14,-0.0878,2.64,2,2020
TUPRS,2020-03-21,2020-03-23,8.5936,8.5381,-0.6452,TRAIL_STOP,4,-0.029,2.61,2,2020
TUPRS,2020-03-27,2020-03-28,8.5104,8.4253,-1.0,TRAIL_STOP,3,-0.0503,0.57,1,2020
TUPRS,2020-04-06,2020-04-11,8.4919,8.4365,-0.6529,TRAIL_STOP,4,-0.0041,2.35,3,2020
TUPRS,2020-05-26,2020-05-27,8.2055,8.1234,-1.0,TRAIL_STOP,7,0.0136,5.75,1,2020
TUPRS,2020-10-12,2020-10-13,10.5248,10.4196,-1.0,TRAIL_STOP,3,-0.0105,1.49,1,2020
TUPRS,2021-03-02,2021-03-04,9.5361,9.7884,2.6453,TRAIL_STOP,3,-0.001,0.79,2,2021
TUPRS,2021-11-19,2021-11-21,16.5958,17.7197,6.7723,TRAIL_STOP,4,-0.1575,1.68,2,2021
TUPRS,2021-12-10,2021-12-15,18.6656,18.479,-1.0,TRAIL_STOP,4,-0.1892,2.1,1,2021
TUPRS,2022-04-22,2022-04-25,25.9748,25.715,-1.0,TRAIL_STOP,3,-0.0868,1.12,1,2022
TUPRS,2022-07-29,2022-07-31,30.8168,32.4616,5.3373,TRAIL_STOP,6,-0.3544,1.53,2,2022
TUPRS,2022-11-11,2022-11-12,49.7411,49.2437,-1.0,TRAIL_STOP,3,-0.4578,1.36,1,2022
TUPRS,2023-01-18,2023-01-19,59.9148,59.3157,-1.0,TRAIL_STOP,3,-0.2933,1.0,1,2023
TUPRS,2023-03-18,2023-03-19,52.1344,51.613,-1.0,TRAIL_STOP,5,-0.4814,2.54,1,2023
TUPRS,2023-10-31,2023-11-01,115.9209,114.7617,-1.0,TRAIL_STOP,4,-1.2994,0.97,1,2023
TUPRS,2024-01-22,2024-01-25,125.9375,124.6782,-1.0,TRAIL_STOP,4,0.1087,1.03,1,2024
TUPRS,2024-02-08,2024-02-10,126.2425,131.6398,4.2754,TRAIL_STOP,4,-0.2533,1.37,2,2024
TUPRS,2024-04-11,2024-04-14,153.5756,152.0399,-1.0,TRAIL_STOP,7,-1.7101,2.57,1,2024
TUPRS,2024-05-31,2024-06-05,136.6841,141.1812,3.2901,TRAIL_STOP,3,-1.1592,1.11,3,2024
TUPRS,2024-07-06,2024-07-08,132.2949,132.9845,0.5213,TRAIL_STOP,3,-1.4464,0.89,2,2024
TUPRS,2024-08-13,2024-08-20,132.0547,136.1955,3.1357,TRAIL_STOP,7,-1.3797,1.2,5,2024
TUPRS,2024-09-05,2024-09-08,134.9469,133.5975,-1.0,TRAIL_STOP,4,-0.7892,0.73,1,2024
TUPRS,2025-04-21,2025-04-25,119.4785,120.2177,0.6187,TRAIL_STOP,5,-0.9462,2.25,2,2025
TUPRS,2025-06-14,2025-06-19,129.3657,134.9331,4.3036,TRAIL_STOP,3,0.1485,1.2,3,2025
TUPRS,2025-11-24,2025-11-26,191.2266,190.1696,-0.5528,TRAIL_STOP,5,-0.2431,0.89,2,2025
TUPRS,2026-03-01,2026-03-03,216.0188,226.3009,4.7598,TRAIL_STOP,4,-0.7227,1.99,2,2026
TUPRS,2026-04-22,2026-04-28,263.0,272.745,3.7053,TRAIL_STOP,3,-0.0937,1.05,3,2026
VAKBN,2015-04-16,2015-04-21,4.03,4.52,12.1588,TRAIL_STOP,3,-0.0159,0.88,2,2015
VAKBN,2015-11-20,2015-11-21,4.33,4.2867,-1.0,TRAIL_STOP,7,-0.099,2.28,1,2015
VAKBN,2016-02-08,2016-02-10,4.29,4.3659,1.7692,TRAIL_STOP,4,-0.0134,0.9,2,2016
VAKBN,2016-02-17,2016-02-19,4.25,4.27,0.4706,TRAIL_STOP,3,-0.0058,0.78,2,2016
VAKBN,2016-07-05,2016-07-07,4.27,4.257,-0.3044,TRAIL_STOP,3,-0.013,1.51,2,2016
VAKBN,2016-09-27,2016-09-28,5.31,5.2569,-1.0,TRAIL_STOP,6,0.0028,1.03,1,2016
VAKBN,2016-10-17,2016-10-19,5.29,5.346,1.0586,TRAIL_STOP,3,-0.0171,0.61,2,2016
VAKBN,2017-02-22,2017-02-26,6.98,7.0191,0.5602,TRAIL_STOP,3,-0.0133,0.98,2,2017
VAKBN,2017-05-24,2017-05-27,6.24,6.4944,4.0769,TRAIL_STOP,3,-0.0239,0.95,2,2017
VAKBN,2017-09-13,2017-09-17,7.01,7.1379,1.8245,TRAIL_STOP,5,-0.0468,0.76,2,2017
VAKBN,2017-11-19,2017-11-21,6.33,6.336,0.0948,TRAIL_STOP,7,-0.0422,1.5,2,2017
VAKBN,2018-03-16,2018-03-17,4.06,4.0194,-1.0,TRAIL_STOP,3,-0.0357,2.12,1,2018
VAKBN,2018-05-20,2018-05-22,3.54,3.5937,1.517,TRAIL_STOP,3,-0.0463,1.15,2,2018
VAKBN,2018-06-14,2018-06-15,3.67,3.6333,-1.0,TRAIL_STOP,7,-0.037,1.05,1,2018
VAKBN,2018-08-03,2018-08-04,3.91,3.85,-1.5345,TRAIL_STOP,3,-0.0178,1.04,1,2018
VAKBN,2019-06-18,2019-06-21,4.53,4.4847,-1.0,TRAIL_STOP,13,-0.1086,0.38,1,2019
VAKBN,2019-07-07,2019-07-13,4.47,4.62,3.3557,TRAIL_STOP,4,-0.0286,0.97,4,2019
VAKBN,2019-08-27,2019-08-29,5.16,5.148,-0.2326,TRAIL_STOP,4,0.0032,1.81,2,2019
VAKBN,2020-01-05,2020-01-07,4.59,4.58,-0.2179,TRAIL_STOP,3,-0.0157,1.35,2,2020
VAKBN,2020-02-27,2020-02-29,4.76,4.74,-0.4202,TRAIL_STOP,3,-0.0065,1.7,2,2020
VAKBN,2020-06-30,2020-07-01,4.13,4.0887,-1.0,TRAIL_STOP,3,-0.0003,1.53,1,2020
VAKBN,2020-07-23,2020-07-25,4.0,4.0,0.0,TRAIL_STOP,7,-0.0566,1.54,2,2020
VAKBN,2020-11-02,2020-11-03,4.55,4.5045,-1.0,TRAIL_STOP,3,-0.0159,2.45,1,2020
VAKBN,2021-02-04,2021-02-08,3.44,3.42,-0.5814,TRAIL_STOP,3,-0.0083,2.96,2,2021
VAKBN,2021-03-23,2021-03-25,3.65,3.65,0.0,TRAIL_STOP,4,-0.0173,0.99,2,2021
VAKBN,2021-09-12,2021-09-16,3.84,3.96,3.125,TRAIL_STOP,5,-0.006,1.02,2,2021
VAKBN,2021-11-21,2021-11-22,3.84,3.8016,-1.0,TRAIL_STOP,4,-0.0021,0.73,1,2021
VAKBN,2022-03-13,2022-03-14,4.18,4.1382,-1.0,TRAIL_STOP,9,-0.0485,2.82,1,2022
VAKBN,2023-04-01,2023-04-06,8.68,9.504,9.4931,TRAIL_STOP,4,-0.0429,1.35,3,2023
VAKBN,2023-05-01,2023-05-05,9.8,9.96,1.6327,TRAIL_STOP,4,-0.089,1.07,2,2023
VAKBN,2023-07-28,2023-07-31,14.35,13.9,-3.1359,TRAIL_STOP,3,-0.0876,2.03,1,2023
VAKBN,2023-08-07,2023-08-09,13.9,14.18,2.0144,TRAIL_STOP,5,-0.0975,0.98,2,2023
VAKBN,2023-09-18,2023-09-22,17.2,17.8992,4.0651,TRAIL_STOP,3,0.0101,1.37,2,2023
VAKBN,2024-09-29,2024-10-01,21.64,21.4236,-1.0,TRAIL_STOP,6,-0.2479,0.31,1,2024
VAKBN,2025-04-05,2025-04-06,21.64,21.4236,-1.0,TRAIL_STOP,16,-0.4273,0.83,1,2025
VAKBN,2025-05-18,2025-05-20,23.78,23.7,-0.3364,TRAIL_STOP,5,0.048,1.31,2,2025
VAKBN,2025-09-10,2025-09-11,28.0,27.72,-1.0,TRAIL_STOP,3,-0.0188,2.93,1,2025
VAKBN,2025-09-21,2025-09-22,26.98,26.7102,-1.0,TRAIL_STOP,6,-0.4219,1.99,1,2025
VAKBN,2025-12-10,2025-12-12,29.74,30.5514,2.7283,TRAIL_STOP,4,-0.0467,0.88,2,2025
VESTL,2015-01-11,2015-01-15,3.61,3.5739,-1.0,TRAIL_STOP,12,-0.0348,2.53,1,2015
VESTL,2015-01-19,2015-01-22,3.56,3.5244,-1.0,TRAIL_STOP,4,-0.0209,4.14,1,2015
VESTL,2015-03-22,2015-03-25,3.25,3.32,2.1538,TRAIL_STOP,6,-0.0099,3.26,3,2015
VESTL,2015-12-18,2015-12-20,5.06,5.0193,-0.8043,TRAIL_STOP,6,-0.0317,0.76,2,2015
VESTL,2016-03-09,2016-03-10,5.77,5.7123,-1.0,TRAIL_STOP,3,-0.0151,3.25,1,2016
VESTL,2016-03-25,2016-03-29,5.53,5.18,-6.3291,TRAIL_STOP,7,-0.0417,1.99,2,2016
VESTL,2016-04-08,2016-04-11,5.36,5.42,1.1194,TRAIL_STOP,6,-0.0375,2.98,3,2016
VESTL,2016-05-14,2016-05-15,5.15,4.98,-3.301,TRAIL_STOP,10,-0.0715,2.95,1,2016
VESTL,2016-07-19,2016-07-26,4.95,5.1678,4.4,TRAIL_STOP,4,-0.0068,1.78,5,2016
VESTL,2016-08-08,2016-08-11,5.15,5.14,-0.1942,TRAIL_STOP,3,-0.0209,0.68,2,2016
VESTL,2017-02-28,2017-03-01,5.66,5.6034,-1.0,TRAIL_STOP,7,-0.0162,9.02,1,2017
VESTL,2017-04-25,2017-04-26,6.14,6.0786,-1.0,TRAIL_STOP,13,-0.0535,2.33,1,2017
VESTL,2017-05-05,2017-05-09,6.02,5.9796,-0.6711,TRAIL_STOP,4,-0.0304,1.75,2,2017
VESTL,2017-10-14,2017-10-15,7.92,7.8408,-1.0,TRAIL_STOP,8,-0.0677,2.04,1,2017
VESTL,2018-01-30,2018-02-02,6.72,7.0785,5.3348,TRAIL_STOP,9,-0.053,1.09,3,2018
VESTL,2018-05-27,2018-05-28,6.34,6.2766,-1.0,TRAIL_STOP,9,-0.0836,2.98,1,2018
VESTL,2018-10-05,2018-10-06,5.1,5.049,-1.0,TRAIL_STOP,4,-0.005,2.38,1,2018
VESTL,2018-12-14,2018-12-16,10.16,10.55,3.8386,TRAIL_STOP,3,-0.1029,2.77,2,2018
VESTL,2019-07-29,2019-07-31,8.57,8.7219,1.7725,TRAIL_STOP,3,-0.0344,2.15,2,2019
VESTL,2019-09-07,2019-09-10,10.45,10.3455,-1.0,TRAIL_STOP,4,-0.0697,1.47,1,2019
VESTL,2019-10-09,2019-10-13,11.18,12.89,15.2952,TRAIL_STOP,5,-0.0199,2.09,4,2019
VESTL,2020-06-04,2020-06-07,13.73,13.5927,-1.0,TRAIL_STOP,8,-0.0883,1.82,1,2020
VESTL,2020-06-16,2020-06-19,13.68,13.5432,-1.0,TRAIL_STOP,7,-0.0335,2.62,1,2020
VESTL,2020-07-24,2020-07-30,14.09,15.82,12.2782,TRAIL_STOP,5,-0.1756,1.43,4,2020
VESTL,2021-03-09,2021-03-11,24.83,24.75,-0.3222,TRAIL_STOP,6,-0.0104,1.64,2,2021
VESTL,2021-05-27,2021-05-28,25.31,25.0569,-1.0,TRAIL_STOP,3,-0.0037,3.54,1,2021
VESTL,2022-04-10,2022-04-11,25.98,25.7202,-1.0,TRAIL_STOP,7,-0.1377,2.37,1,2022
VESTL,2022-05-10,2022-05-12,24.02,24.5,1.9983,TRAIL_STOP,3,-0.2025,1.58,2,2022
VESTL,2022-05-24,2022-05-25,26.06,25.7994,-1.0,TRAIL_STOP,3,0.2599,4.28,1,2022
VESTL,2022-11-25,2022-11-26,69.45,68.7,-1.0799,TRAIL_STOP,3,-0.5747,1.92,1,2022
VESTL,2022-12-22,2022-12-23,59.7,59.103,-1.0,TRAIL_STOP,3,-1.1597,2.05,1,2022
VESTL,2023-04-02,2023-04-07,40.12,45.98,14.6062,TRAIL_STOP,5,-0.4968,1.02,3,2023
VESTL,2023-04-30,2023-05-04,48.0,50.094,4.3625,TRAIL_STOP,3,-0.4947,1.82,2,2023
VESTL,2023-10-05,2023-10-06,61.8,61.182,-1.0,TRAIL_STOP,8,-0.2596,1.26,1,2023
VESTL,2024-02-11,2024-02-12,85.8,84.942,-1.0,TRAIL_STOP,4,0.388,6.34,1,2024
VESTL,2024-02-18,2024-02-19,85.0,84.15,-1.0,TRAIL_STOP,3,0.2037,0.93,1,2024
VESTL,2024-11-29,2024-12-01,67.95,67.85,-0.1472,TRAIL_STOP,5,-0.4912,0.73,2,2024
VESTL,2025-02-13,2025-02-18,57.85,61.1325,5.6742,TRAIL_STOP,13,-0.659,0.98,3,2025
VESTL,2025-08-02,2025-08-06,39.08,39.4,0.8188,TRAIL_STOP,3,-0.0461,2.04,2,2025
VESTL,2025-09-03,2025-09-05,39.0,39.4614,1.1831,TRAIL_STOP,9,-0.378,1.5,2,2025
VESTL,2025-10-14,2025-10-17,33.3,32.967,-1.0,TRAIL_STOP,21,-0.3379,1.6,1,2025
YKBNK,2015-02-28,2015-03-02,1.83,1.85,1.0929,TRAIL_STOP,10,-0.021,2.16,2,2015
YKBNK,2015-03-22,2015-03-25,1.88,1.94,3.1915,TRAIL_STOP,5,-0.0006,1.91,3,2015
YKBNK,2015-05-29,2015-05-30,1.88,1.8612,-1.0,TRAIL_STOP,4,-0.0136,1.49,1,2015
YKBNK,2016-02-26,2016-02-29,1.94,1.9206,-1.0,TRAIL_STOP,3,-0.0076,0.75,1,2016
YKBNK,2016-07-05,2016-07-11,1.84,1.8315,-0.462,TRAIL_STOP,3,-0.0027,1.48,3,2016
YKBNK,2017-02-22,2017-02-27,2.45,2.45,0.0,TRAIL_STOP,9,-0.0125,0.94,3,2017
YKBNK,2017-05-05,2017-05-09,2.34,2.376,1.5385,TRAIL_STOP,4,-0.0106,0.87,2,2017
YKBNK,2017-06-08,2017-06-09,2.45,2.4255,-1.0,TRAIL_STOP,5,-0.012,1.02,1,2017
YKBNK,2017-12-13,2017-12-14,2.23,2.2077,-1.0,TRAIL_STOP,3,-0.0244,0.81,1,2017
YKBNK,2017-12-25,2017-12-26,2.17,2.1483,-1.0,TRAIL_STOP,5,-0.0139,1.63,1,2017
YKBNK,2018-01-11,2018-01-12,2.2,2.17,-1.3636,TRAIL_STOP,5,-0.0341,2.02,1,2018
YKBNK,2018-06-14,2018-06-19,1.4,1.4553,3.95,TRAIL_STOP,8,-0.0106,0.88,3,2018
YKBNK,2019-05-26,2019-06-01,2.02,2.0196,-0.0198,TRAIL_STOP,8,-0.0156,1.92,2,2019
YKBNK,2019-08-08,2019-08-12,2.04,2.0592,0.9412,TRAIL_STOP,6,-0.0069,1.64,2,2019
YKBNK,2019-09-13,2019-09-18,2.11,2.32,9.9526,TRAIL_STOP,4,0.0047,2.06,3,2019
YKBNK,2020-03-27,2020-03-28,1.99,1.9701,-1.0,TRAIL_STOP,3,-0.0163,2.04,1,2020
YKBNK,2020-07-22,2020-07-24,1.83,1.9404,6.0328,TRAIL_STOP,5,-0.0117,0.92,2,2020
YKBNK,2020-08-30,2020-08-31,2.45,2.4255,-1.0,TRAIL_STOP,3,-0.0125,1.32,1,2020
YKBNK,2020-10-27,2020-10-28,2.52,2.4948,-1.0,TRAIL_STOP,10,-0.0338,0.96,1,2020
YKBNK,2020-11-26,2020-11-27,2.33,2.3067,-1.0,TRAIL_STOP,5,-0.0301,0.85,1,2020
YKBNK,2020-12-13,2020-12-14,2.3,2.277,-1.0,TRAIL_STOP,5,-0.007,2.2,1,2020
YKBNK,2021-02-04,2021-02-08,1.83,1.83,0.0,TRAIL_STOP,3,-0.0026,2.48,2,2021
YKBNK,2021-04-03,2021-04-04,1.88,1.8612,-1.0,TRAIL_STOP,3,-0.0101,0.67,1,2021
YKBNK,2021-07-26,2021-07-28,2.07,2.0889,0.913,TRAIL_STOP,4,-0.0064,1.04,2,2021
YKBNK,2021-09-10,2021-09-12,2.83,2.9106,2.8481,TRAIL_STOP,3,-0.0261,0.75,2,2021
YKBNK,2021-10-02,2021-10-03,3.07,3.0393,-1.0,TRAIL_STOP,4,-0.0444,0.78,1,2021
YKBNK,2021-12-03,2021-12-04,3.48,3.43,-1.4368,TRAIL_STOP,3,-0.0093,0.88,1,2021
YKBNK,2021-12-23,2021-12-24,3.21,3.1779,-1.0,TRAIL_STOP,11,-0.0287,1.2,1,2021
YKBNK,2022-05-09,2022-05-10,3.86,3.8214,-1.0,TRAIL_STOP,3,-0.0472,1.34,1,2022
YKBNK,2022-07-29,2022-07-31,6.83,6.91,1.1713,TRAIL_STOP,3,0.0236,0.95,2,2022
YKBNK,2022-10-07,2022-10-10,9.97,9.8703,-1.0,TRAIL_STOP,5,-0.0744,0.93,1,2022
YKBNK,2023-02-13,2023-02-16,9.56,10.0089,4.6956,TRAIL_STOP,3,-0.0347,1.03,3,2023
YKBNK,2023-03-15,2023-03-17,9.5,9.96,4.8421,TRAIL_STOP,8,-0.1066,1.77,2,2023
YKBNK,2023-06-04,2023-06-05,12.81,12.05,-5.9329,TRAIL_STOP,5,-0.0915,1.44,1,2023
YKBNK,2023-08-02,2023-08-03,15.82,15.6618,-1.0,TRAIL_STOP,7,-0.057,1.42,1,2023
YKBNK,2023-09-07,2023-09-08,17.94,17.7606,-1.0,TRAIL_STOP,4,-0.0961,1.96,1,2023
YKBNK,2023-12-19,2023-12-22,20.93,21.3147,1.838,TRAIL_STOP,4,-0.0575,0.82,2,2023
YKBNK,2024-02-09,2024-02-10,22.64,22.4136,-1.0,TRAIL_STOP,4,0.0421,1.37,1,2024
YKBNK,2024-05-07,2024-05-08,33.18,32.8482,-1.0,TRAIL_STOP,8,-0.3429,1.38,1,2024
YKBNK,2024-06-13,2024-06-14,32.56,32.2344,-1.0,TRAIL_STOP,6,-0.2331,1.04,1,2024
YKBNK,2024-06-30,2024-07-01,32.0,31.6,-1.25,TRAIL_STOP,8,-0.1621,1.86,1,2024
YKBNK,2024-11-29,2024-11-30,30.8,30.492,-1.0,TRAIL_STOP,7,-0.1567,1.29,1,2024
YKBNK,2024-12-22,2024-12-26,30.9,31.383,1.5631,TRAIL_STOP,4,-0.1548,1.48,2,2024
YKBNK,2025-06-08,2025-06-09,28.06,27.7794,-1.0,TRAIL_STOP,5,0.1096,1.33,1,2025
YKBNK,2025-08-07,2025-08-09,33.08,33.462,1.1548,TRAIL_STOP,6,-0.1815,1.39,2,2025
YKBNK,2025-08-20,2025-08-21,33.42,33.0858,-1.0,TRAIL_STOP,3,-0.0816,1.31,1,2025
YKBNK,2025-11-09,2025-11-11,32.44,33.6402,3.6998,TRAIL_STOP,5,-0.1162,1.24,2,2025
YKBNK,2025-12-24,2025-12-30,36.22,37.8972,4.6306,TRAIL_STOP,5,-0.0779,0.98,2,2025
YKBNK,2026-01-13,2026-01-14,37.5,37.125,-1.0,TRAIL_STOP,3,-0.2034,1.16,1,2026
YKBNK,2026-05-08,2026-05-10,37.76,38.3,1.4301,TRAIL_STOP,5,-0.2382,2.64,2,2026
