sembol,giris_tarihi,cikis_tarihi,giris_fiyat,cikis_fiyat,pnl_pct,sonuc,ardisik_alti,ema13_egim,hacim_oran,yil
AKBNK,2015-02-28,2015-03-01,4.0281,4.0281,0.0,DIGER,10,-0.0436,1.44,2015
AKBNK,2015-12-15,2015-12-18,4.9475,5.0233,1.5326,HEDEF,6,-0.0138,1.54,2015
AKBNK,2016-04-22,2016-04-23,5.175,5.2034,0.5494,HEDEF,4,0.0103,1.57,2016
AKBNK,2016-07-05,2016-07-06,4.8622,4.8622,0.0,DIGER,3,-0.0079,0.86,2016
AKBNK,2016-09-12,2016-09-13,5.5731,5.5731,0.0,DIGER,3,0.0057,1.18,2016
AKBNK,2016-09-27,2016-09-28,5.5636,5.592,0.5111,HEDEF,5,-0.0108,1.68,2016
AKBNK,2016-10-05,2016-10-08,5.5446,5.5257,-0.3419,DIGER,3,-0.0213,1.03,2016
AKBNK,2016-11-23,2016-11-24,5.9996,5.9806,-0.316,DIGER,3,-0.0042,1.2,2016
AKBNK,2016-11-30,2016-12-01,5.9522,5.9237,-0.4777,DIGER,3,-0.0192,1.12,2016
AKBNK,2017-03-04,2017-03-05,6.7051,6.7148,0.1445,DIGER,3,-0.0277,0.86,2017
AKBNK,2017-06-08,2017-06-09,6.3369,6.3078,-0.4587,DIGER,4,-0.0267,1.69,2017
AKBNK,2017-11-19,2017-11-20,6.3466,6.3466,0.0,DIGER,7,-0.0224,1.66,2017
AKBNK,2017-12-21,2017-12-24,5.6877,5.6393,-0.8518,DIGER,3,-0.0249,0.63,2017
AKBNK,2018-03-16,2018-03-17,4.6509,4.68,0.625,HEDEF,3,-0.0238,1.09,2018
AKBNK,2018-05-20,2018-05-21,4.273,4.3021,0.6803,HEDEF,3,-0.0821,1.23,2018
AKBNK,2018-06-14,2018-06-15,4.6509,4.68,0.625,HEDEF,5,-0.0047,1.13,2018
AKBNK,2018-10-08,2018-10-09,5.2323,5.242,0.1852,DIGER,6,-0.0168,1.12,2018
AKBNK,2018-11-01,2018-11-02,5.1451,5.1451,0.0,DIGER,5,-0.0556,1.54,2018
AKBNK,2018-11-17,2018-11-21,4.9126,4.9416,0.5917,HEDEF,5,-0.1508,0.81,2018
AKBNK,2018-12-06,2018-12-07,4.9029,4.9513,0.9881,HEDEF,4,-0.0172,0.96,2018
AKBNK,2018-12-14,2018-12-15,4.9319,4.9513,0.3929,DIGER,3,-0.0193,1.58,2018
AKBNK,2019-01-15,2019-01-18,4.4475,4.4765,0.6536,HEDEF,3,-0.0548,1.06,2019
AKBNK,2019-05-23,2019-05-24,5.9203,5.9009,-0.3273,DIGER,3,0.0159,0.81,2019
AKBNK,2019-06-18,2019-06-21,5.678,5.6393,-0.6826,DIGER,9,-0.0939,0.26,2019
AKBNK,2019-08-15,2019-08-16,6.1237,6.2303,1.7405,HEDEF,3,0.012,1.03,2019
AKBNK,2019-10-10,2019-10-11,6.7051,6.7148,0.1445,DIGER,6,-0.0388,1.0,2019
AKBNK,2020-06-10,2020-06-11,3.9145,4.0211,2.7228,HEDEF,8,-0.0076,4.47,2020
AKBNK,2020-07-23,2020-07-24,3.9145,3.9145,0.0,DIGER,7,-0.0568,2.2,2020
AKBNK,2020-08-30,2020-08-31,4.8253,4.8447,0.4016,DIGER,3,-0.0241,1.41,2020
AKBNK,2021-01-10,2021-01-11,3.9436,3.963,0.4914,HEDEF,6,-0.0326,1.34,2021
AKBNK,2021-03-23,2021-03-24,4.2827,4.3118,0.6787,HEDEF,3,-0.0177,0.69,2021
AKBNK,2021-04-03,2021-04-04,4.2924,4.3021,0.2257,DIGER,4,-0.0059,0.77,2021
AKBNK,2021-10-01,2021-10-02,6.0559,6.1722,1.92,HEDEF,3,-0.011,0.58,2021
AKBNK,2022-01-13,2022-01-14,6.0268,6.0365,0.1608,DIGER,3,0.0101,1.52,2022
AKBNK,2022-07-29,2022-07-30,10.2224,10.5906,3.6019,HEDEF,3,-0.1445,1.02,2022
AKBNK,2022-10-07,2022-10-10,13.7396,13.7396,0.0,DIGER,4,-0.1301,0.81,2022
AKBNK,2023-01-25,2023-01-26,15.0865,15.1349,0.3211,DIGER,4,-0.1221,0.8,2023
AKBNK,2023-03-15,2023-03-16,14.9799,14.8927,-0.5822,DIGER,8,-0.3279,1.31,2023
AKBNK,2023-07-05,2023-07-06,27.6343,28.3417,2.5596,HEDEF,4,-0.0989,2.6,2023
AKBNK,2023-08-02,2023-08-03,26.8882,27.1983,1.1532,HEDEF,6,-0.2476,1.23,2023
AKBNK,2023-09-07,2023-09-08,28.7583,28.7583,0.0,DIGER,7,-0.4366,2.02,2023
AKBNK,2023-09-21,2023-09-22,27.7603,27.7021,-0.2094,DIGER,5,-0.1478,0.89,2023
AKBNK,2023-10-01,2023-10-02,27.2274,27.1402,-0.3203,DIGER,6,-0.2135,1.04,2023
AKBNK,2023-12-21,2023-12-22,36.4033,36.3451,-0.1597,DIGER,3,-0.1159,1.12,2023
AKBNK,2024-01-28,2024-01-29,37.2075,37.2753,0.1823,DIGER,4,-0.4354,1.04,2024
AKBNK,2024-02-09,2024-02-10,38.4381,38.3315,-0.2773,DIGER,3,-0.1673,1.03,2024
AKBNK,2024-04-10,2024-04-11,56.0632,56.2473,0.3284,DIGER,4,-0.1353,1.02,2024
AKBNK,2024-05-31,2024-06-01,62.7877,62.7489,-0.0617,DIGER,3,-0.1553,1.35,2024
AKBNK,2024-08-17,2024-08-18,54.8326,54.7842,-0.0884,DIGER,7,-0.4397,0.96,2024
AKBNK,2024-11-29,2024-11-30,61.654,62.1772,0.8487,HEDEF,4,-0.1263,1.5,2024
AKBNK,2024-12-22,2024-12-23,60.8013,60.9467,0.239,DIGER,4,-0.3178,1.05,2024
AKBNK,2025-01-11,2025-01-12,62.2741,62.3613,0.14,DIGER,4,-0.4752,1.1,2025
AKBNK,2025-07-17,2025-07-19,65.4038,65.3554,-0.0741,DIGER,3,-0.0548,0.88,2025
AKBNK,2025-07-25,2025-07-26,66.4212,66.4212,0.0,DIGER,4,0.0761,1.43,2025
AKBNK,2025-08-07,2025-08-08,65.1131,65.5007,0.5952,HEDEF,4,-0.3478,1.54,2025
AKBNK,2025-09-21,2025-09-22,62.2547,62.1578,-0.1556,DIGER,5,-0.7361,1.24,2025
AKBNK,2025-10-10,2025-10-11,56.1504,56.1504,0.0,DIGER,12,-0.7054,1.68,2025
AKBNK,2025-12-27,2025-12-30,71.2175,71.6051,0.5442,HEDEF,6,0.4982,1.78,2025
AKSEN,2015-01-23,2015-01-24,1.3515,1.3321,-1.4388,STOP,9,-0.0072,0.78,2015
AKSEN,2015-01-30,2015-01-31,1.3418,1.3613,1.4493,HEDEF,4,-0.0065,1.8,2015
AKSEN,2015-04-06,2015-04-07,1.3127,1.3127,0.0,DIGER,5,-0.003,0.51,2015
AKSEN,2015-04-20,2015-04-21,1.2932,1.2932,0.0,DIGER,7,-0.0149,3.06,2015
AKSEN,2015-06-28,2015-06-29,1.1668,1.1668,0.0,DIGER,3,0.0012,1.02,2015
AKSEN,2015-08-04,2015-08-07,1.0987,1.0987,0.0,DIGER,4,-0.0061,0.39,2015
AKSEN,2015-09-23,2015-09-24,1.2154,1.2154,0.0,DIGER,3,-0.0005,6.39,2015
AKSEN,2015-11-20,2015-11-21,1.2057,1.2057,0.0,DIGER,8,-0.0147,2.33,2015
AKSEN,2016-02-26,2016-02-29,1.1474,1.1474,0.0,DIGER,3,-0.0022,1.92,2016
AKSEN,2016-04-18,2016-04-21,1.2543,1.2446,-0.7752,DIGER,3,-0.0099,0.97,2016
AKSEN,2016-05-22,2016-05-23,1.2835,1.2835,0.0,DIGER,3,-0.0021,1.27,2016
AKSEN,2016-06-19,2016-06-20,1.2543,1.264,0.7752,HEDEF,7,-0.0137,1.92,2016
AKSEN,2016-06-30,2016-07-03,1.264,1.264,0.0,DIGER,3,-0.0033,0.63,2016
AKSEN,2016-08-08,2016-08-09,1.3904,1.3904,0.0,DIGER,3,-0.0072,4.62,2016
AKSEN,2017-01-24,2017-01-27,1.8183,1.8377,1.0695,HEDEF,6,-0.0138,1.85,2017
AKSEN,2017-02-22,2017-02-25,1.87,1.87,0.0,DIGER,3,-0.005,0.45,2017
AKSEN,2017-03-30,2017-04-02,1.78,1.81,1.6854,HEDEF,12,-0.0114,3.68,2017
AKSEN,2017-05-23,2017-05-24,1.58,1.58,0.0,DIGER,3,-0.0014,0.68,2017
AKSEN,2017-06-17,2017-06-18,1.66,1.66,0.0,DIGER,5,-0.0176,2.75,2017
AKSEN,2017-10-06,2017-10-07,2.2,2.19,-0.4545,DIGER,3,-0.0079,1.37,2017
AKSEN,2017-11-07,2017-11-10,2.08,2.09,0.4808,HEDEF,4,-0.0091,2.18,2017
AKSEN,2017-12-31,2018-01-01,1.81,1.81,0.0,DIGER,3,-0.0161,2.02,2017
AKSEN,2018-01-16,2018-01-17,1.81,1.82,0.5525,HEDEF,7,-0.0089,2.42,2018
AKSEN,2018-02-21,2018-02-22,1.92,1.94,1.0417,HEDEF,3,-0.0171,0.29,2018
AKSEN,2018-04-06,2018-04-07,1.94,1.94,0.0,DIGER,5,-0.0005,0.95,2018
AKSEN,2018-04-24,2018-04-27,1.92,1.92,0.0,DIGER,4,-0.0144,2.05,2018
AKSEN,2018-06-18,2018-06-19,1.81,1.81,0.0,DIGER,4,-0.0083,1.21,2018
AKSEN,2018-08-24,2018-08-25,1.27,1.29,1.5748,HEDEF,8,-0.0087,4.5,2018
AKSEN,2018-10-05,2018-10-06,1.33,1.33,0.0,DIGER,8,-0.0166,4.92,2018
AKSEN,2018-11-03,2018-11-06,1.38,1.39,0.7246,HEDEF,6,-0.0073,2.47,2018
AKSEN,2019-05-24,2019-05-25,1.24,1.25,0.8065,HEDEF,4,-0.0051,0.86,2019
AKSEN,2019-09-13,2019-09-14,1.75,1.76,0.5714,HEDEF,4,-0.0228,1.06,2019
AKSEN,2019-10-23,2019-10-24,1.93,1.92,-0.5181,DIGER,5,-0.0025,1.33,2019
AKSEN,2020-04-29,2020-05-02,2.36,2.39,1.2712,HEDEF,13,-0.0418,3.58,2020
AKSEN,2020-05-12,2020-05-13,2.48,2.48,0.0,DIGER,3,-0.0088,0.44,2020
AKSEN,2020-07-23,2020-07-24,3.04,3.02,-0.6579,DIGER,7,-0.0388,7.69,2020
AKSEN,2020-08-16,2020-08-19,3.29,3.26,-0.9119,DIGER,4,-0.0055,1.2,2020
AKSEN,2020-09-13,2020-09-14,3.41,3.41,0.0,DIGER,6,0.0015,2.21,2020
AKSEN,2021-08-23,2021-08-24,6.82,6.83,0.1466,DIGER,4,0.0145,1.53,2021
AKSEN,2021-10-03,2021-10-06,9.21,9.3,0.9772,HEDEF,3,-0.0297,0.54,2021
AKSEN,2021-11-07,2021-11-08,10.57,10.62,0.473,HEDEF,3,0.0077,0.62,2021
AKSEN,2021-12-25,2021-12-28,11.56,11.59,0.2595,DIGER,7,-0.0628,0.92,2021
AKSEN,2022-10-10,2022-10-11,46.47,46.64,0.3658,DIGER,3,-0.4952,1.11,2022
AKSEN,2022-10-17,2022-10-18,47.02,47.15,0.2765,DIGER,3,-0.2603,1.82,2022
AKSEN,2023-01-11,2023-01-12,33.25,33.25,0.0,DIGER,5,-0.1361,1.2,2023
AKSEN,2023-05-01,2023-05-04,30.61,30.8,0.6207,HEDEF,8,-0.6294,0.94,2023
AKSEN,2023-09-25,2023-09-28,35.53,35.53,0.0,DIGER,3,-0.0642,3.41,2023
AKSEN,2023-10-05,2023-10-06,34.11,34.32,0.6157,HEDEF,5,-0.2281,1.08,2023
AKSEN,2023-10-12,2023-10-13,34.23,34.32,0.2629,DIGER,3,-0.1537,1.23,2023
AKSEN,2024-01-28,2024-01-29,37.84,37.84,0.0,DIGER,8,0.0003,0.87,2024
AKSEN,2024-02-27,2024-03-01,34.85,34.87,0.0574,DIGER,5,-0.1947,1.26,2024
AKSEN,2024-06-23,2024-06-26,43.6,43.22,-0.8716,DIGER,5,-0.1486,1.08,2024
AKSEN,2024-08-17,2024-08-18,37.66,37.38,-0.7435,DIGER,8,-0.2096,0.66,2024
AKSEN,2025-03-20,2025-03-21,34.14,34.02,-0.3515,DIGER,3,-0.2439,0.64,2025
AKSEN,2025-09-21,2025-09-22,38.62,38.72,0.2589,DIGER,3,-0.4681,1.24,2025
AKSEN,2025-11-18,2025-11-19,53.0,52.8,-0.3774,DIGER,3,-0.2833,1.13,2025
AKSEN,2026-04-24,2026-04-27,81.25,81.55,0.3692,DIGER,4,-0.0634,0.94,2026
ARCLK,2015-01-08,2015-01-09,12.26,12.34,0.6525,HEDEF,3,-0.0079,0.58,2015
ARCLK,2016-03-05,2016-03-08,18.48,18.48,0.0,DIGER,7,-0.0948,0.8,2016
ARCLK,2016-03-25,2016-03-26,18.45,18.43,-0.1084,DIGER,6,-0.0376,0.9,2016
ARCLK,2016-05-14,2016-05-15,17.48,16.91,-3.2609,STOP,13,-0.1292,0.81,2016
ARCLK,2016-09-12,2016-09-13,18.45,18.37,-0.4336,DIGER,3,-0.1237,1.57,2016
ARCLK,2016-09-27,2016-09-28,18.43,18.54,0.5969,HEDEF,6,-0.017,2.0,2016
ARCLK,2016-10-31,2016-11-01,19.28,19.39,0.5705,HEDEF,3,-0.0648,1.13,2016
ARCLK,2016-11-23,2016-11-24,20.12,20.04,-0.3976,DIGER,4,0.0313,1.55,2016
ARCLK,2017-05-05,2017-05-06,19.3,19.34,0.2073,DIGER,4,-0.1334,1.23,2017
ARCLK,2017-10-06,2017-10-07,16.17,16.17,0.0,DIGER,3,-0.0799,1.42,2017
ARCLK,2017-11-04,2017-11-05,15.99,16.04,0.3127,DIGER,4,-0.0332,1.96,2017
ARCLK,2017-11-28,2017-12-01,15.93,15.93,0.0,DIGER,3,-0.0024,3.42,2017
ARCLK,2017-12-31,2018-01-01,15.36,15.4,0.2604,DIGER,8,-0.05,1.02,2017
ARCLK,2018-04-23,2018-04-24,11.42,11.49,0.613,HEDEF,3,-0.1218,1.64,2018
ARCLK,2018-07-09,2018-07-10,13.93,13.93,0.0,DIGER,5,-0.0606,1.6,2018
ARCLK,2018-07-28,2018-07-29,13.85,13.85,0.0,DIGER,5,-0.02,1.1,2018
ARCLK,2018-12-07,2018-12-08,16.42,16.42,0.0,DIGER,4,0.0086,0.94,2018
ARCLK,2018-12-20,2018-12-24,16.23,16.19,-0.2465,DIGER,4,-0.1503,1.69,2018
ARCLK,2019-10-10,2019-10-11,19.22,19.22,0.0,DIGER,6,-0.0902,1.57,2019
ARCLK,2020-05-21,2020-05-24,19.47,19.6,0.6677,HEDEF,8,-0.1412,2.11,2020
ARCLK,2020-08-24,2020-08-25,25.47,25.36,-0.4319,DIGER,3,0.02,1.53,2020
ARCLK,2020-11-26,2020-11-27,30.25,30.42,0.562,HEDEF,3,-0.1737,0.49,2020
ARCLK,2020-12-19,2020-12-20,31.41,31.41,0.0,DIGER,4,-0.6165,0.92,2020
ARCLK,2021-03-12,2021-03-15,29.98,30.1,0.4003,DIGER,7,-0.133,1.83,2021
ARCLK,2021-10-03,2021-10-06,49.44,49.81,0.7484,HEDEF,3,-0.0547,0.7,2021
ARCLK,2022-04-17,2022-04-18,76.33,76.38,0.0655,DIGER,8,-0.2828,3.18,2022
ARCLK,2022-06-29,2022-06-30,70.78,72.15,1.9356,HEDEF,3,0.0006,2.29,2022
ARCLK,2022-07-10,2022-07-13,71.02,71.76,1.042,HEDEF,3,-0.1538,0.47,2022
ARCLK,2023-02-13,2023-02-14,119.04,119.53,0.4116,DIGER,3,-0.5911,1.27,2023
ARCLK,2023-03-18,2023-03-19,99.68,99.77,0.0903,DIGER,16,-1.4608,2.94,2023
ARCLK,2023-07-27,2023-07-28,159.05,159.05,0.0,DIGER,3,0.1152,1.23,2023
ARCLK,2023-08-03,2023-08-04,155.61,155.71,0.0643,DIGER,3,-0.9149,0.59,2023
ARCLK,2023-08-11,2023-08-16,163.0,165.5,1.5337,HEDEF,3,0.8221,3.36,2023
ARCLK,2023-08-31,2023-09-01,165.0,161.1,-2.3636,STOP,4,-0.3011,1.3,2023
ARCLK,2023-10-05,2023-10-06,143.2,145.0,1.257,HEDEF,3,-0.3145,1.29,2023
ARCLK,2023-11-07,2023-11-08,129.9,129.9,0.0,DIGER,3,-1.3891,1.32,2023
ARCLK,2023-11-15,2023-11-20,128.5,129.6,0.856,HEDEF,5,-0.6225,1.45,2023
ARCLK,2024-06-01,2024-06-02,175.0,175.0,0.0,DIGER,4,-1.1322,0.74,2024
ARCLK,2024-09-25,2024-09-26,141.3,139.7,-1.1323,STOP,3,-0.4581,0.72,2024
ARCLK,2024-10-10,2024-10-11,132.2,131.0,-0.9077,DIGER,8,-2.0598,1.53,2024
ARCLK,2025-01-11,2025-01-12,130.8,131.1,0.2294,DIGER,4,-0.8636,1.27,2025
ARCLK,2025-02-03,2025-02-04,126.7,126.0,-0.5525,DIGER,6,-1.0223,1.09,2025
ARCLK,2025-03-20,2025-03-21,137.4,136.5,-0.655,DIGER,7,-1.5497,1.46,2025
ARCLK,2025-07-16,2025-07-17,125.7,126.0,0.2387,DIGER,3,-1.1167,1.43,2025
ARCLK,2025-10-14,2025-10-17,111.4,110.6,-0.7181,DIGER,21,-1.442,1.78,2025
ARCLK,2025-11-24,2025-11-25,109.2,109.2,0.0,DIGER,4,0.1991,0.89,2025
ARCLK,2025-12-01,2025-12-02,108.3,108.4,0.0923,DIGER,3,-0.2271,0.76,2025
ARCLK,2025-12-17,2025-12-18,107.8,108.3,0.4638,HEDEF,3,-0.6303,1.24,2025
ASELS,2015-04-20,2015-04-21,1.7649,1.7649,0.0,DIGER,4,-0.011,3.19,2015
ASELS,2015-11-02,2015-11-05,2.3332,2.3432,0.4273,DIGER,4,-0.0289,0.74,2015
ASELS,2015-12-18,2015-12-19,2.2734,2.3033,1.3158,HEDEF,13,-0.0268,1.85,2015
ASELS,2016-01-26,2016-01-27,2.2335,2.2435,0.4464,DIGER,7,-0.0204,1.09,2016
ASELS,2016-02-15,2016-02-16,2.2734,2.2734,0.0,DIGER,3,0.0014,0.75,2016
ASELS,2016-08-31,2016-09-01,3.3403,3.3502,0.2985,DIGER,4,-0.0092,4.29,2016
ASELS,2017-01-06,2017-01-07,5.2746,5.3046,0.5671,HEDEF,3,-0.0027,1.74,2017
ASELS,2017-01-28,2017-01-29,5.2148,5.2348,0.3824,DIGER,7,-0.0151,1.55,2017
ASELS,2017-04-19,2017-04-20,6.332,6.3419,0.1577,DIGER,8,-0.0711,1.31,2017
ASELS,2017-06-24,2017-06-27,7.9998,8.1796,2.2472,HEDEF,10,-0.2665,1.89,2017
ASELS,2017-07-04,2017-07-07,8.0498,8.1796,1.6129,HEDEF,3,-0.0489,1.51,2017
ASELS,2017-09-12,2017-09-13,7.8201,7.86,0.5109,HEDEF,7,-0.0579,5.46,2017
ASELS,2017-10-12,2017-10-13,7.4306,7.4605,0.4032,DIGER,9,-0.0502,1.93,2017
ASELS,2017-11-28,2017-12-01,6.4418,6.4518,0.155,DIGER,5,-0.1326,5.29,2017
ASELS,2018-03-18,2018-03-19,6.4818,6.4019,-1.2327,STOP,3,-0.0193,1.78,2018
ASELS,2018-04-06,2018-04-07,6.4218,6.3719,-0.7776,DIGER,5,-0.04,1.13,2018
ASELS,2018-04-21,2018-04-22,6.292,6.322,0.4762,HEDEF,5,-0.0093,0.98,2018
ASELS,2018-06-14,2018-06-15,6.312,6.3419,0.4747,HEDEF,8,-0.0634,1.34,2018
ASELS,2018-08-26,2018-08-27,5.6928,5.7127,0.3509,DIGER,6,-0.0452,1.83,2018
ASELS,2018-09-28,2018-09-29,5.9025,5.9225,0.3384,DIGER,6,-0.0471,1.34,2018
ASELS,2018-12-14,2018-12-15,5.1634,5.1734,0.1934,DIGER,3,-0.0095,1.67,2018
ASELS,2019-02-16,2019-02-17,4.3744,4.3645,-0.2283,DIGER,3,-0.006,0.78,2019
ASELS,2019-03-13,2019-03-14,4.3545,4.3145,-0.9174,DIGER,8,-0.0449,2.2,2019
ASELS,2019-05-26,2019-05-29,4.744,4.7839,0.8421,HEDEF,6,-0.0004,2.15,2019
ASELS,2020-03-11,2020-03-12,7.8001,7.85,0.6402,HEDEF,3,-0.0219,1.55,2020
ASELS,2020-03-27,2020-03-28,7.86,7.85,-0.1271,DIGER,3,-0.0248,0.71,2020
ASELS,2020-06-10,2020-06-11,8.2795,8.3394,0.7238,HEDEF,7,-0.01,2.73,2020
ASELS,2020-10-14,2020-10-17,9.0185,9.0984,0.8859,HEDEF,5,-0.0482,1.28,2020
ASELS,2020-10-27,2020-10-28,8.7988,8.7988,0.0,DIGER,5,-0.0741,1.84,2020
ASELS,2020-11-12,2020-11-15,8.699,8.7489,0.5741,HEDEF,3,-0.046,1.57,2020
ASELS,2021-01-23,2021-01-24,7.6003,7.5304,-0.9198,DIGER,5,-0.0302,2.77,2021
ASELS,2021-02-04,2021-02-07,7.3806,7.4206,0.5413,HEDEF,3,-0.0187,2.5,2021
ASELS,2021-04-07,2021-04-08,7.3706,7.3507,-0.271,DIGER,8,-0.0378,1.2,2021
ASELS,2021-12-10,2021-12-15,11.016,11.1558,1.2693,HEDEF,6,-0.1488,1.89,2021
ASELS,2022-08-21,2022-08-22,16.4491,16.519,0.425,DIGER,3,0.0846,1.32,2022
ASELS,2023-01-25,2023-01-26,28.1642,28.1942,0.1064,DIGER,3,-0.2168,0.6,2023
ASELS,2023-04-02,2023-04-05,21.7624,22.9409,5.4153,HEDEF,4,-0.1555,2.42,2023
ASELS,2023-04-30,2023-05-01,25.5975,26.1768,2.263,HEDEF,3,-0.2542,1.35,2023
ASELS,2024-01-29,2024-02-01,58.3759,59.824,2.4808,HEDEF,5,-0.745,1.06,2024
ASELS,2024-02-05,2024-02-08,57.487,57.487,0.0,DIGER,4,-0.4127,0.73,2024
ASELS,2024-02-11,2024-02-12,57.7367,57.7866,0.0865,DIGER,3,-0.0997,3.0,2024
ASELS,2024-04-11,2024-04-14,61.2722,61.7715,0.815,HEDEF,3,-0.2352,1.19,2024
ASELS,2024-05-09,2024-05-10,59.9738,60.3234,0.5829,HEDEF,3,-0.4909,1.11,2024
ASELS,2024-06-30,2024-07-01,63.1198,62.171,-1.5032,STOP,3,-0.1261,1.33,2024
ASELS,2024-08-13,2024-08-16,58.1761,58.1262,-0.0858,DIGER,5,-0.2026,1.04,2024
ASELS,2024-09-05,2024-09-08,60.9726,61.422,0.7371,HEDEF,3,-0.1162,1.1,2024
ASELS,2024-11-22,2024-11-23,70.6603,70.0111,-0.9187,DIGER,5,-0.2394,2.24,2024
ASELS,2025-05-19,2025-05-20,134.5291,134.2295,-0.2227,DIGER,5,-1.5392,1.72,2025
ASELS,2025-08-07,2025-08-08,181.2698,182.1686,0.4959,HEDEF,7,-0.019,2.14,2025
ASELS,2025-08-23,2025-08-24,181.7691,181.869,0.0549,DIGER,3,-0.5369,0.93,2025
ASELS,2026-02-05,2026-02-06,298.25,298.0,-0.0838,DIGER,3,-2.1895,0.91,2026
ASELS,2026-04-02,2026-04-03,336.5,336.5,0.0,DIGER,4,-2.7918,1.35,2026
BIMAS,2015-11-02,2015-11-05,22.3451,22.3451,0.0,DIGER,4,-0.4061,2.34,2015
BIMAS,2015-11-26,2015-11-27,21.9911,22.3451,1.6101,HEDEF,3,-0.1253,0.3,2015
BIMAS,2015-12-26,2015-12-27,21.3116,21.3116,0.0,DIGER,4,-0.1206,1.25,2015
BIMAS,2016-02-12,2016-02-15,20.9097,21.1106,0.9611,HEDEF,3,-0.0903,0.79,2016
BIMAS,2016-04-15,2016-04-16,19.0149,19.0723,0.302,DIGER,3,-0.0342,0.73,2016
BIMAS,2016-05-13,2016-05-14,18.6417,18.6225,-0.1027,DIGER,6,-0.2437,1.49,2016
BIMAS,2016-07-05,2016-07-06,18.479,18.4503,-0.1553,DIGER,5,-0.0515,2.89,2016
BIMAS,2016-07-20,2016-07-21,18.6034,18.6512,0.2572,DIGER,3,-0.0236,1.36,2016
BIMAS,2016-08-25,2016-08-26,20.0197,20.0484,0.1434,DIGER,7,-0.0844,1.54,2016
BIMAS,2016-09-12,2016-09-13,19.9431,19.9431,0.0,DIGER,3,-0.0718,0.71,2016
BIMAS,2016-10-23,2016-10-24,21.3403,21.302,-0.1794,DIGER,6,-0.0054,0.79,2016
BIMAS,2016-11-03,2016-11-06,21.2829,21.4073,0.5845,HEDEF,5,-0.0541,1.04,2016
BIMAS,2017-03-05,2017-03-06,27.1281,27.1674,0.145,DIGER,5,0.0303,1.79,2017
BIMAS,2017-04-09,2017-04-10,28.9281,28.8986,-0.102,DIGER,4,-0.0933,1.14,2017
BIMAS,2017-05-04,2017-05-05,28.5445,28.8199,0.9648,HEDEF,6,-0.2015,1.72,2017
BIMAS,2018-01-11,2018-01-12,26.6658,26.5478,-0.4427,DIGER,6,-0.3304,1.27,2018
BIMAS,2018-02-22,2018-02-23,26.3805,26.3314,-0.1864,DIGER,5,-0.1108,0.55,2018
BIMAS,2018-03-16,2018-03-17,27.5117,27.2363,-1.0011,STOP,3,-0.0527,0.77,2018
BIMAS,2018-05-23,2018-05-24,31.6429,31.6429,0.0,DIGER,3,-0.097,1.18,2018
BIMAS,2018-06-25,2018-06-26,32.3609,32.1052,-0.7903,DIGER,10,-0.0322,3.37,2018
BIMAS,2018-09-22,2018-09-23,36.8462,36.8069,-0.1068,DIGER,4,0.0228,0.5,2018
BIMAS,2018-12-06,2018-12-07,31.5445,31.5642,0.0624,DIGER,6,-0.0954,0.69,2018
BIMAS,2019-02-20,2019-02-25,32.115,33.0593,2.9403,HEDEF,5,-0.0367,1.09,2019
BIMAS,2019-05-04,2019-05-05,38.2429,38.2921,0.1286,DIGER,6,-0.3253,0.87,2019
BIMAS,2019-07-06,2019-07-07,38.3708,38.4593,0.2307,DIGER,4,-0.0626,0.58,2019
BIMAS,2019-07-29,2019-07-30,37.0626,37.0626,0.0,DIGER,5,-0.2279,1.05,2019
BIMAS,2019-08-15,2019-08-16,37.2692,37.456,0.5015,HEDEF,7,-0.1495,1.13,2019
BIMAS,2019-12-10,2019-12-11,42.2856,42.2856,0.0,DIGER,3,-0.0755,0.79,2019
BIMAS,2019-12-19,2019-12-22,42.5807,42.62,0.0924,DIGER,5,0.0907,1.51,2019
BIMAS,2020-03-20,2020-03-21,58.0234,58.2693,0.4238,DIGER,3,0.1533,1.5,2020
BIMAS,2020-06-11,2020-06-14,57.6103,57.4333,-0.3073,DIGER,4,-0.0686,1.36,2020
BIMAS,2020-07-24,2020-07-25,57.4333,57.4333,0.0,DIGER,4,-0.3674,0.7,2020
BIMAS,2020-08-06,2020-08-07,58.23,58.7218,0.8446,HEDEF,5,0.0417,2.35,2020
BIMAS,2020-09-01,2020-09-04,58.3874,58.4365,0.0842,DIGER,3,-0.1798,1.14,2020
BIMAS,2020-10-18,2020-10-19,64.1022,64.1022,0.0,DIGER,3,-0.1181,1.49,2020
BIMAS,2021-02-25,2021-02-28,56.6365,55.9382,-1.2331,STOP,6,-0.254,2.38,2021
BIMAS,2021-03-10,2021-03-11,55.23,55.0923,-0.2493,DIGER,5,-0.1763,1.21,2021
BIMAS,2021-03-30,2021-03-31,55.8005,55.5841,-0.3878,DIGER,4,-0.2824,1.38,2021
BIMAS,2021-06-22,2021-06-25,61.3972,60.4333,-1.57,STOP,10,-0.3395,1.21,2021
BIMAS,2021-11-07,2021-11-08,65.3514,65.5382,0.286,DIGER,3,0.1304,1.31,2021
BIMAS,2021-12-16,2021-12-17,68.076,69.0792,1.4738,HEDEF,4,0.0776,0.7,2021
BIMAS,2022-01-23,2022-01-26,75.7186,75.7186,0.0,DIGER,4,-0.0672,0.91,2022
BIMAS,2022-02-21,2022-02-22,77.3514,76.9383,-0.5341,DIGER,4,-0.2754,1.35,2022
BIMAS,2022-03-05,2022-03-06,76.4859,75.8957,-0.7716,DIGER,4,-0.4127,1.75,2022
BIMAS,2022-03-14,2022-03-15,74.4399,74.4891,0.0661,DIGER,5,-0.8048,0.81,2022
BIMAS,2023-03-02,2023-03-03,148.1815,147.9061,-0.1859,DIGER,3,-1.0443,1.53,2023
BIMAS,2023-09-07,2023-09-08,285.6908,285.6908,0.0,DIGER,4,-3.7146,0.77,2023
BIMAS,2023-09-17,2023-09-18,274.3203,274.3203,0.0,DIGER,6,-3.5647,0.79,2023
BIMAS,2023-10-01,2023-10-02,285.6908,285.6908,0.0,DIGER,3,0.6291,1.08,2023
BIMAS,2024-01-28,2024-01-29,368.4325,371.0587,0.7128,HEDEF,4,-2.8325,1.12,2024
BIMAS,2024-03-19,2024-03-22,369.8686,372.7407,0.7765,HEDEF,5,-0.8226,1.08,2024
BIMAS,2024-08-10,2024-08-11,537.7421,537.2601,-0.0896,DIGER,3,-1.8341,1.16,2024
BIMAS,2024-10-09,2024-10-10,476.8662,477.594,0.1526,DIGER,4,0.7334,1.96,2024
BIMAS,2024-10-25,2024-10-28,453.3873,455.5611,0.4795,HEDEF,8,-4.791,1.24,2024
BIMAS,2024-11-29,2024-11-30,498.6237,501.0631,0.4892,HEDEF,5,-2.974,1.28,2024
BIMAS,2024-12-26,2024-12-27,507.8992,506.4336,-0.2886,DIGER,4,-3.074,1.13,2024
BIMAS,2025-01-03,2025-01-04,509.8468,509.8468,0.0,DIGER,3,-1.2671,1.48,2025
BIMAS,2025-04-05,2025-04-06,452.0299,454.4693,0.5396,HEDEF,5,-1.9844,1.39,2025
BIMAS,2025-05-09,2025-05-10,472.0366,472.2825,0.0521,DIGER,4,-0.3042,0.67,2025
BIMAS,2025-06-08,2025-06-09,480.9875,481.4793,0.1023,DIGER,4,-6.7734,1.62,2025
BIMAS,2025-06-14,2025-06-17,486.6433,487.1351,0.1011,DIGER,3,-1.8395,2.21,2025
BIMAS,2025-08-08,2025-08-09,520.3321,521.8075,0.2836,DIGER,4,-2.8462,1.66,2025
BIMAS,2025-09-03,2025-09-04,515.9058,516.8894,0.1907,DIGER,9,-2.5207,1.74,2025
BIMAS,2025-10-28,2025-10-29,546.6296,552.081,0.9973,HEDEF,5,-2.4845,1.32,2025
BIMAS,2025-11-10,2025-11-11,547.6207,552.081,0.8145,HEDEF,3,-0.83,0.98,2025
BIMAS,2025-11-17,2025-11-18,540.187,544.6472,0.8257,HEDEF,3,-3.2142,0.8,2025
BIMAS,2025-12-27,2025-12-30,543.0,543.5,0.0921,DIGER,4,-1.045,0.76,2025
BIMAS,2026-03-30,2026-04-01,683.0,694.0,1.6105,HEDEF,3,-2.0923,0.87,2026
DOHOL,2015-01-23,2015-01-24,0.4415,0.4317,-2.2222,STOP,5,-0.0027,0.56,2015
DOHOL,2015-05-22,2015-05-23,0.4023,0.3924,-2.439,STOP,7,-0.0029,1.56,2015
DOHOL,2015-08-09,2015-08-10,0.4219,0.4219,0.0,DIGER,7,-0.0007,1.1,2015
DOHOL,2015-08-15,2015-08-16,0.4219,0.4219,0.0,DIGER,3,-0.0002,0.75,2015
DOHOL,2015-08-26,2015-08-27,0.4219,0.4317,2.3256,HEDEF,5,0.0005,1.66,2015
DOHOL,2015-09-15,2015-09-16,0.4415,0.4317,-2.2222,STOP,3,-0.0017,1.53,2015
DOHOL,2015-09-23,2015-09-24,0.4317,0.4317,0.0,DIGER,3,-0.0021,0.97,2015
DOHOL,2015-12-01,2015-12-04,0.4023,0.4023,0.0,DIGER,10,-0.005,0.44,2015
DOHOL,2016-01-07,2016-01-10,0.3728,0.3728,0.0,DIGER,3,-0.0029,0.8,2016
DOHOL,2016-05-05,2016-05-07,0.6279,0.6279,0.0,DIGER,4,-0.0016,3.85,2016
DOHOL,2016-08-26,2016-08-27,0.6573,0.6475,-1.4925,STOP,4,-0.0032,0.2,2016
DOHOL,2016-10-19,2016-10-20,0.569,0.569,0.0,DIGER,6,0.0007,5.36,2016
DOHOL,2016-10-30,2016-10-31,0.5789,0.5789,0.0,DIGER,3,0.0018,5.28,2016
DOHOL,2016-11-23,2016-11-24,0.5985,0.5985,0.0,DIGER,4,0.0028,2.91,2016
DOHOL,2016-11-30,2016-12-01,0.5887,0.5887,0.0,DIGER,3,-0.002,1.15,2016
DOHOL,2017-01-24,2017-01-27,0.5887,0.5887,0.0,DIGER,6,-0.0015,0.2,2017
DOHOL,2017-03-18,2017-03-19,0.6692,0.6692,0.0,DIGER,9,-0.0035,1.48,2017
DOHOL,2017-05-13,2017-05-16,0.7381,0.7381,0.0,DIGER,3,-0.0002,1.04,2017
DOHOL,2017-06-08,2017-06-09,0.7381,0.7282,-1.3333,STOP,3,-0.0021,1.57,2017
DOHOL,2018-05-27,2018-05-28,0.8955,0.9152,2.1978,HEDEF,3,-0.0047,1.35,2018
DOHOL,2018-06-27,2018-06-28,0.9054,0.9054,0.0,DIGER,3,-0.0034,1.51,2018
DOHOL,2018-07-12,2018-07-13,0.9152,0.9152,0.0,DIGER,7,-0.0016,1.62,2018
DOHOL,2018-07-22,2018-07-25,0.9054,0.9054,0.0,DIGER,5,-0.0027,0.51,2018
DOHOL,2019-07-17,2019-07-20,1.4565,1.4663,0.6757,HEDEF,6,-0.0157,1.18,2019
DOHOL,2019-08-28,2019-08-29,1.6238,1.6238,0.0,DIGER,8,-0.0007,1.13,2019
DOHOL,2019-10-23,2019-10-24,1.7419,1.732,-0.565,DIGER,6,-0.0084,2.96,2019
DOHOL,2019-12-15,2019-12-16,1.3187,1.3384,1.4925,HEDEF,3,-0.0102,1.75,2019
DOHOL,2020-03-06,2020-03-07,1.7714,1.7714,0.0,DIGER,3,-0.0047,1.0,2020
DOHOL,2020-07-18,2020-07-22,2.165,2.1749,0.4545,HEDEF,3,-0.0132,0.76,2020
DOHOL,2020-08-22,2020-08-23,2.293,2.3028,0.4292,DIGER,5,-0.015,2.46,2020
DOHOL,2021-01-10,2021-01-11,2.8933,2.9031,0.3401,DIGER,3,-0.038,1.4,2021
DOHOL,2021-03-23,2021-03-24,2.6965,2.7063,0.365,DIGER,8,-0.0091,0.31,2021
DOHOL,2021-06-07,2021-06-08,2.4209,2.4209,0.0,DIGER,9,-0.0099,2.72,2021
DOHOL,2021-06-18,2021-06-19,2.3914,2.4012,0.4115,DIGER,4,-0.0069,1.72,2021
DOHOL,2021-11-08,2021-11-11,2.7161,2.7457,1.087,HEDEF,6,-0.02,1.16,2021
DOHOL,2021-11-21,2021-11-22,2.6768,2.6866,0.3676,DIGER,4,-0.0174,0.66,2021
DOHOL,2022-01-12,2022-01-13,3.031,3.0901,1.9481,HEDEF,3,-0.0036,0.75,2022
DOHOL,2022-07-29,2022-07-30,4.8221,4.832,0.2041,DIGER,5,-0.087,1.06,2022
DOHOL,2023-03-15,2023-03-16,8.5617,8.4436,-1.3793,STOP,8,-0.1194,2.22,2023
DOHOL,2023-04-30,2023-05-01,9.2506,9.4179,1.8085,HEDEF,4,-0.0635,1.44,2023
DOHOL,2023-09-06,2023-09-07,13.9054,14.1121,1.4862,HEDEF,3,-0.0088,1.14,2023
DOHOL,2024-01-22,2024-01-25,13.5315,13.6397,0.8,HEDEF,3,-0.0501,0.8,2024
DOHOL,2024-02-27,2024-03-01,13.2067,13.2658,0.4471,DIGER,3,-0.0092,1.2,2024
DOHOL,2024-05-03,2024-05-06,14.4959,14.4861,-0.0679,DIGER,7,-0.1245,1.39,2024
DOHOL,2024-06-01,2024-06-02,16.0114,16.0213,0.0615,DIGER,3,0.0186,0.88,2024
DOHOL,2024-10-09,2024-10-10,13.0394,12.9607,-0.6038,DIGER,4,-0.0376,2.19,2024
DOHOL,2024-12-09,2024-12-12,14.7714,14.8797,0.7328,HEDEF,3,-0.1266,1.61,2024
DOHOL,2025-05-18,2025-05-19,14.7616,14.6829,-0.5333,DIGER,7,-0.0858,0.9,2025
DOHOL,2025-06-08,2025-06-09,14.5845,14.6238,0.2699,DIGER,8,-0.0767,1.21,2025
DOHOL,2025-07-16,2025-07-17,15.7359,15.7949,0.3752,DIGER,3,-0.0155,0.75,2025
DOHOL,2025-09-21,2025-09-22,17.8,17.71,-0.5056,DIGER,3,-0.0411,0.89,2025
DOHOL,2025-11-10,2025-11-11,17.26,17.34,0.4635,HEDEF,3,-0.0029,1.15,2025
DOHOL,2025-12-30,2025-12-31,17.9,17.9,0.0,DIGER,4,-0.1853,0.86,2025
DOHOL,2026-04-08,2026-04-09,20.38,20.34,-0.1963,DIGER,4,-0.1845,1.03,2026
EKGYO,2015-04-16,2015-04-20,2.18,2.38,9.1743,HEDEF,3,-0.0009,1.41,2015
EKGYO,2015-08-09,2015-08-10,1.91,1.91,0.0,DIGER,7,-0.0267,0.79,2015
EKGYO,2015-12-18,2015-12-19,2.26,2.26,0.0,DIGER,5,0.0002,1.4,2015
EKGYO,2016-07-05,2016-07-06,2.39,2.39,0.0,DIGER,5,-0.0001,2.57,2016
EKGYO,2016-07-21,2016-07-22,2.43,2.43,0.0,DIGER,3,0.0069,2.61,2016
EKGYO,2016-08-08,2016-08-09,2.44,2.45,0.4098,DIGER,3,-0.0032,1.93,2016
EKGYO,2016-09-27,2016-09-28,2.5,2.51,0.4,DIGER,5,-0.0103,1.16,2016
EKGYO,2016-11-24,2016-11-25,2.32,2.33,0.431,DIGER,5,-0.0077,1.77,2016
EKGYO,2016-11-30,2016-12-01,2.32,2.32,0.0,DIGER,3,-0.0056,1.79,2016
EKGYO,2016-12-07,2016-12-08,2.32,2.33,0.431,DIGER,3,-0.0031,1.26,2016
EKGYO,2016-12-25,2016-12-28,2.4,2.41,0.4167,DIGER,3,-0.0024,0.83,2016
EKGYO,2017-01-08,2017-01-13,2.38,2.39,0.4202,DIGER,7,-0.0019,2.4,2017
EKGYO,2017-01-21,2017-01-22,2.36,2.36,0.0,DIGER,3,-0.0014,0.84,2017
EKGYO,2017-01-28,2017-01-29,2.38,2.39,0.4202,DIGER,4,-0.0015,2.25,2017
EKGYO,2017-05-11,2017-05-12,2.12,2.13,0.4717,HEDEF,4,-0.0106,1.91,2017
EKGYO,2017-10-27,2017-10-28,2.07,2.07,0.0,DIGER,8,-0.0028,3.59,2017
EKGYO,2017-12-05,2017-12-06,2.02,2.03,0.495,HEDEF,6,-0.0007,1.18,2017
EKGYO,2018-10-08,2018-10-09,1.26,1.26,0.0,DIGER,13,-0.0098,0.77,2018
EKGYO,2019-02-18,2019-02-19,1.02,1.02,0.0,DIGER,3,0.0008,0.39,2019
EKGYO,2019-07-06,2019-07-07,1.09,1.09,0.0,DIGER,4,-0.0043,0.58,2019
EKGYO,2019-09-13,2019-09-14,1.31,1.32,0.7634,HEDEF,4,-0.0079,2.62,2019
EKGYO,2020-05-04,2020-05-05,1.85,1.84,-0.5405,DIGER,4,-0.0255,1.86,2020
EKGYO,2020-09-05,2020-09-06,1.89,1.9,0.5291,HEDEF,6,-0.0054,2.6,2020
EKGYO,2020-10-25,2020-10-26,2.19,2.2,0.4566,HEDEF,3,-0.0117,0.44,2020
EKGYO,2021-01-01,2021-01-02,1.81,1.8,-0.5525,DIGER,4,-0.0207,2.5,2021
EKGYO,2021-06-04,2021-06-06,1.67,1.68,0.5988,HEDEF,3,-0.007,0.68,2021
EKGYO,2021-11-08,2021-11-11,2.14,2.17,1.4019,HEDEF,4,-0.0135,1.7,2021
EKGYO,2022-02-21,2022-02-22,2.55,2.53,-0.7843,DIGER,4,-0.0068,0.58,2022
EKGYO,2022-07-29,2022-07-30,3.99,4.01,0.5013,HEDEF,13,-0.0363,1.35,2022
EKGYO,2022-11-16,2022-11-17,8.09,8.08,-0.1236,DIGER,6,-0.1193,1.25,2022
EKGYO,2023-03-18,2023-03-19,5.77,5.78,0.1733,DIGER,13,-0.11,2.44,2023
EKGYO,2023-07-14,2023-07-17,8.61,8.66,0.5807,HEDEF,5,-0.0105,1.36,2023
EKGYO,2023-11-01,2023-11-04,7.21,7.16,-0.6935,DIGER,3,-0.0914,0.62,2023
EKGYO,2024-03-19,2024-03-22,9.42,9.47,0.5308,HEDEF,6,-0.1216,1.16,2024
EKGYO,2024-04-22,2024-04-23,9.04,9.16,1.3274,HEDEF,3,-0.0882,0.99,2024
EKGYO,2024-05-09,2024-05-10,8.84,8.88,0.4525,HEDEF,9,-0.026,1.3,2024
EKGYO,2024-08-19,2024-08-20,11.48,11.48,0.0,DIGER,8,-0.0522,1.26,2024
EKGYO,2024-11-28,2024-11-29,13.01,13.32,2.3828,HEDEF,3,-0.0548,0.78,2024
EKGYO,2025-08-06,2025-08-07,20.12,20.14,0.0994,DIGER,3,-0.0404,2.1,2025
EKGYO,2025-09-18,2025-09-21,19.87,19.91,0.2013,DIGER,3,-0.195,1.21,2025
EKGYO,2025-09-30,2025-10-03,19.82,19.5,-1.6145,STOP,5,-0.0586,1.03,2025
EKGYO,2026-05-08,2026-05-09,21.22,21.32,0.4713,HEDEF,6,-0.1339,1.5,2026
EREGL,2015-03-22,2015-03-23,0.9591,0.9591,0.0,DIGER,3,-0.0033,1.97,2015
EREGL,2015-07-13,2015-07-16,0.7585,0.7731,1.9355,HEDEF,6,-0.0095,0.88,2015
EREGL,2015-11-01,2015-11-02,1.1744,1.1744,0.0,DIGER,6,-0.0141,0.97,2015
EREGL,2015-12-18,2015-12-19,1.0961,1.0961,0.0,DIGER,7,-0.0086,0.83,2015
EREGL,2016-04-09,2016-04-10,1.1842,1.194,0.8264,HEDEF,7,-0.0043,1.24,2016
EREGL,2016-04-17,2016-04-18,1.1499,1.1597,0.8511,HEDEF,4,-0.0077,1.7,2016
EREGL,2016-07-19,2016-07-20,1.3456,1.331,-1.0909,STOP,5,-0.0115,1.02,2016
EREGL,2016-08-23,2016-08-24,1.5854,1.5756,-0.6173,DIGER,4,0.0039,0.7,2016
EREGL,2016-12-25,2016-12-28,1.8692,1.8741,0.2618,DIGER,3,-0.0051,0.85,2016
EREGL,2017-01-06,2017-01-07,1.8937,1.8986,0.2584,DIGER,3,-0.0018,1.42,2017
EREGL,2017-03-11,2017-03-12,2.34,2.35,0.4274,DIGER,4,0.0016,1.63,2017
EREGL,2017-04-17,2017-04-18,2.28,2.29,0.4386,DIGER,10,-0.0193,1.24,2017
EREGL,2017-06-30,2017-07-01,2.57,2.58,0.3891,DIGER,4,-0.0368,0.93,2017
EREGL,2017-09-11,2017-09-12,2.87,2.9,1.0453,HEDEF,6,-0.0139,1.4,2017
EREGL,2018-01-23,2018-01-24,3.39,3.37,-0.59,DIGER,6,-0.0257,1.01,2018
EREGL,2018-02-08,2018-02-09,3.28,3.31,0.9146,HEDEF,4,-0.0158,1.87,2018
EREGL,2018-02-22,2018-02-23,3.29,3.28,-0.304,DIGER,3,-0.0321,0.84,2018
EREGL,2018-10-30,2018-10-31,2.79,2.8,0.3584,DIGER,4,-0.0117,0.92,2018
EREGL,2019-05-26,2019-05-29,2.52,2.53,0.3968,DIGER,5,-0.0072,1.23,2019
EREGL,2019-06-10,2019-06-11,2.47,2.48,0.4049,DIGER,6,-0.0121,1.5,2019
EREGL,2019-10-10,2019-10-11,3.46,3.48,0.578,HEDEF,3,-0.0219,1.1,2019
EREGL,2020-01-31,2020-02-01,3.01,3.01,0.0,DIGER,3,0.0072,2.4,2020
EREGL,2020-03-04,2020-03-05,3.11,3.13,0.6431,HEDEF,5,-0.0034,1.5,2020
EREGL,2020-05-20,2020-05-21,3.3,3.28,-0.6061,DIGER,3,-0.0063,0.93,2020
EREGL,2020-07-22,2020-07-23,3.74,3.73,-0.2674,DIGER,3,-0.0212,1.35,2020
EREGL,2020-11-18,2020-11-19,5.61,5.53,-1.426,STOP,7,-0.0312,1.38,2020
EREGL,2020-12-19,2020-12-20,6.16,6.16,0.0,DIGER,3,-0.1084,0.77,2020
EREGL,2021-02-21,2021-02-22,8.26,8.29,0.3632,DIGER,3,-0.0842,1.05,2021
EREGL,2021-03-12,2021-03-15,8.24,8.25,0.1214,DIGER,3,0.0001,1.67,2021
EREGL,2021-07-14,2021-07-15,7.28,7.29,0.1374,DIGER,3,-0.0591,1.31,2021
EREGL,2021-10-03,2021-10-06,12.18,12.24,0.4926,HEDEF,3,-0.2353,0.94,2021
EREGL,2021-11-19,2021-11-20,12.34,12.32,-0.1621,DIGER,3,-0.0827,1.82,2021
EREGL,2022-06-10,2022-06-11,14.43,14.47,0.2772,DIGER,3,0.0804,4.98,2022
EREGL,2022-06-29,2022-06-30,15.16,15.69,3.496,HEDEF,3,0.0532,3.98,2022
EREGL,2022-07-29,2022-07-30,15.29,15.33,0.2616,DIGER,6,-0.0336,1.54,2022
EREGL,2022-08-12,2022-08-13,14.86,14.94,0.5384,HEDEF,4,-0.0729,1.84,2022
EREGL,2022-08-19,2022-08-20,14.91,14.97,0.4024,DIGER,3,0.0038,1.79,2022
EREGL,2022-08-29,2022-08-30,14.98,14.91,-0.4673,DIGER,3,-0.0005,1.52,2022
EREGL,2022-10-10,2022-10-11,20.3,20.33,0.1478,DIGER,3,-0.0161,0.79,2022
EREGL,2022-10-17,2022-10-18,20.31,20.33,0.0985,DIGER,3,-0.0154,0.88,2022
EREGL,2022-12-04,2022-12-07,19.21,18.85,-1.874,STOP,9,-0.2874,0.95,2022
EREGL,2023-04-02,2023-04-05,15.64,16.1,2.9412,HEDEF,5,-0.0172,1.33,2023
EREGL,2023-06-03,2023-06-04,18.57,18.63,0.3231,DIGER,4,-0.084,2.96,2023
EREGL,2023-09-07,2023-09-08,20.45,20.37,-0.3912,DIGER,9,-0.4869,1.96,2023
EREGL,2023-12-13,2023-12-14,20.95,20.94,-0.0477,DIGER,5,-0.0547,1.07,2023
EREGL,2024-03-12,2024-03-15,20.42,20.55,0.6366,HEDEF,3,-0.0614,1.54,2024
EREGL,2024-05-08,2024-05-09,23.68,23.86,0.7601,HEDEF,3,-0.2622,1.08,2024
EREGL,2024-06-30,2024-07-01,28.36,27.94,-1.481,STOP,4,0.0313,1.2,2024
EREGL,2024-12-30,2025-01-02,23.08,22.9,-0.7799,DIGER,14,-0.1826,1.36,2024
EREGL,2025-05-19,2025-05-20,23.52,23.44,-0.3401,DIGER,4,-0.1429,1.04,2025
EREGL,2025-09-03,2025-09-04,27.5,27.5,0.0,DIGER,9,-0.5132,1.24,2025
EREGL,2025-12-01,2025-12-02,24.16,24.26,0.4139,DIGER,4,-0.0988,1.28,2025
FROTO,2015-02-16,2015-02-17,1.5997,1.5793,-1.2732,STOP,14,-0.0105,1.7,2015
FROTO,2015-07-10,2015-07-11,1.6285,1.6047,-1.4591,STOP,3,-0.0079,0.8,2015
FROTO,2015-11-20,2015-11-21,1.9527,1.9637,0.565,HEDEF,3,-0.011,1.59,2015
FROTO,2015-12-01,2015-12-04,1.94,1.9416,0.0875,DIGER,3,-0.0021,1.03,2015
FROTO,2015-12-18,2015-12-19,1.8763,1.8814,0.2714,DIGER,7,-0.0274,0.9,2015
FROTO,2016-06-13,2016-06-14,1.6743,1.6743,0.0,DIGER,3,0.0023,1.77,2016
FROTO,2016-07-15,2016-07-18,1.6879,1.6837,-0.2514,DIGER,3,-0.0088,0.9,2016
FROTO,2016-10-16,2016-10-17,2.0715,2.0698,-0.0819,DIGER,8,-0.0109,1.28,2016
FROTO,2017-01-30,2017-01-31,2.4712,2.4712,0.0,DIGER,8,-0.0065,1.15,2017
FROTO,2017-04-09,2017-04-10,2.8126,2.8217,0.3226,DIGER,3,-0.0035,0.93,2017
FROTO,2017-10-26,2017-10-27,3.6926,3.7108,0.4914,HEDEF,3,-0.0132,1.25,2017
FROTO,2018-03-23,2018-03-24,3.6564,3.6654,0.2481,DIGER,3,-0.0071,2.26,2018
FROTO,2018-04-29,2018-04-30,3.8378,3.9013,1.6548,HEDEF,3,-0.0363,0.72,2018
FROTO,2018-08-23,2018-08-24,3.1755,3.1573,-0.5714,DIGER,6,-0.031,0.63,2018
FROTO,2019-01-06,2019-01-07,3.4477,3.4477,0.0,DIGER,5,-0.0242,0.8,2019
FROTO,2019-01-15,2019-01-18,3.3751,3.3842,0.2688,DIGER,3,-0.0349,1.41,2019
FROTO,2019-04-20,2019-04-23,3.9013,3.8106,-2.3256,STOP,3,-0.0236,0.88,2019
FROTO,2019-05-24,2019-05-25,3.9376,3.992,1.3825,HEDEF,5,-0.0175,1.31,2019
FROTO,2019-06-15,2019-06-16,4.0102,4.0102,0.0,DIGER,4,0.0046,0.85,2019
FROTO,2019-10-03,2019-10-04,5.1352,5.1352,0.0,DIGER,3,0.0099,0.74,2019
FROTO,2019-10-18,2019-10-19,5.1171,5.1443,0.5319,HEDEF,5,-0.0192,2.26,2019
FROTO,2020-01-22,2020-01-23,4.2007,4.2007,0.0,DIGER,4,-0.0765,0.81,2020
FROTO,2020-04-25,2020-04-26,5.9155,5.9518,0.6135,HEDEF,3,-0.0166,0.84,2020
FROTO,2020-06-27,2020-06-30,6.2149,6.2784,1.0219,HEDEF,6,-0.0634,1.5,2020
FROTO,2020-12-06,2020-12-07,12.956,13.0286,0.5602,HEDEF,5,-0.0786,1.32,2020
FROTO,2021-02-02,2021-02-03,13.1738,13.1284,-0.3444,DIGER,3,-0.1495,2.6,2021
FROTO,2021-06-04,2021-06-06,12.7927,12.8381,0.3546,DIGER,8,-0.0848,1.49,2021
FROTO,2021-07-05,2021-07-08,12.4389,12.4207,-0.1459,DIGER,12,-0.0395,2.07,2021
FROTO,2021-07-18,2021-07-19,12.0124,12.0034,-0.0755,DIGER,6,-0.1043,1.68,2021
FROTO,2022-02-26,2022-02-27,23.8434,23.9251,0.3425,DIGER,5,-0.1339,1.17,2022
FROTO,2022-07-16,2022-07-17,27.4816,27.527,0.1651,DIGER,3,-0.0146,1.12,2022
FROTO,2022-07-29,2022-07-30,27.1278,27.4,1.0033,HEDEF,6,-0.2361,1.53,2022
FROTO,2022-11-15,2022-11-16,39.6483,39.7844,0.3433,DIGER,5,-0.1791,0.86,2022
FROTO,2023-01-24,2023-01-25,48.4308,48.4217,-0.0187,DIGER,3,-0.1932,1.12,2023
FROTO,2023-03-18,2023-03-19,47.1152,47.2513,0.2889,DIGER,16,-0.1402,2.51,2023
FROTO,2023-07-14,2023-07-17,75.3953,75.5767,0.2407,DIGER,6,-0.3888,1.34,2023
FROTO,2023-07-27,2023-07-28,74.5969,74.6967,0.1338,DIGER,3,-0.1003,1.27,2023
FROTO,2023-10-01,2023-10-02,70.5232,70.6048,0.1158,DIGER,4,-0.0273,1.13,2023
FROTO,2023-10-13,2023-10-14,71.621,71.621,0.0,DIGER,3,0.0605,1.19,2023
FROTO,2024-03-23,2024-03-27,98.0229,99.3385,1.3421,HEDEF,8,-0.2084,1.78,2024
FROTO,2024-05-08,2024-05-09,93.7043,95.2013,1.5976,HEDEF,14,-1.5158,1.42,2024
FROTO,2024-07-27,2024-07-28,80.9479,80.9479,0.0,DIGER,3,-0.407,0.86,2024
FROTO,2024-08-13,2024-08-16,80.594,80.3309,-0.3265,DIGER,5,-1.083,1.1,2024
FROTO,2024-09-08,2024-09-09,80.467,80.1132,-0.4397,DIGER,5,-0.6947,1.54,2024
FROTO,2024-09-18,2024-09-19,85.1758,83.8965,-1.5019,STOP,3,0.4594,1.56,2024
FROTO,2024-11-07,2024-11-08,88.7505,89.1043,0.3987,DIGER,9,-0.6828,1.42,2024
FROTO,2024-12-09,2024-12-12,84.9127,85.0851,0.203,DIGER,3,-0.3827,1.31,2024
FROTO,2025-01-05,2025-01-06,83.9691,84.0145,0.054,DIGER,3,-0.0438,1.2,2025
FROTO,2025-04-21,2025-04-22,82.9257,82.4721,-0.547,DIGER,7,-1.045,1.5,2025
FROTO,2025-07-16,2025-07-17,86.6002,87.0539,0.5238,HEDEF,3,0.1002,1.69,2025
FROTO,2025-09-03,2025-09-04,95.537,96.7164,1.2346,HEDEF,10,-1.3744,1.75,2025
FROTO,2025-12-27,2025-12-30,92.4306,92.4306,0.0,DIGER,4,-0.1188,1.1,2025
GARAN,2015-01-11,2015-01-15,5.9228,5.9135,-0.1565,DIGER,9,-0.0292,1.26,2015
GARAN,2015-01-18,2015-01-19,5.8023,5.8116,0.1597,DIGER,3,-0.0264,0.98,2015
GARAN,2015-05-29,2015-05-30,5.4408,5.4037,-0.6814,DIGER,4,-0.0422,1.02,2015
GARAN,2015-08-09,2015-08-10,5.1905,5.1813,-0.1786,DIGER,7,-0.0255,0.98,2015
GARAN,2015-11-20,2015-11-21,5.654,5.6818,0.4918,HEDEF,14,-0.0518,1.74,2015
GARAN,2016-02-26,2016-02-29,5.7003,5.6633,-0.6504,DIGER,3,-0.0262,0.7,2016
GARAN,2016-03-05,2016-03-08,5.8116,5.8486,0.638,HEDEF,3,0.0079,1.57,2016
GARAN,2016-07-05,2016-07-06,5.6076,5.5984,-0.1653,DIGER,3,-0.0076,0.93,2016
GARAN,2016-09-12,2016-09-13,6.5345,6.5531,0.2837,DIGER,3,-0.0061,1.27,2016
GARAN,2016-11-30,2016-12-01,7.1277,7.1092,-0.2601,DIGER,3,-0.022,1.02,2016
GARAN,2017-06-08,2017-06-09,7.9968,7.9488,-0.601,DIGER,4,-0.0182,1.1,2017
GARAN,2017-09-10,2017-09-11,9.0157,9.0445,0.3198,DIGER,4,-0.0091,0.62,2017
GARAN,2017-10-12,2017-10-13,8.9292,8.9099,-0.2153,DIGER,8,-0.0114,1.07,2017
GARAN,2017-12-25,2017-12-26,7.2952,7.2471,-0.6588,DIGER,5,-0.02,1.61,2017
GARAN,2018-03-16,2018-03-17,5.5459,5.5459,0.0,DIGER,3,-0.0346,1.08,2018
GARAN,2018-04-23,2018-04-24,4.8635,4.9404,1.581,HEDEF,3,-0.0494,2.21,2018
GARAN,2018-06-14,2018-06-15,5.9207,5.9207,0.0,DIGER,7,-0.0031,1.21,2018
GARAN,2018-08-20,2018-08-23,6.3148,6.3917,1.2177,HEDEF,4,-0.0649,1.8,2018
GARAN,2018-09-28,2018-09-29,7.2471,7.276,0.3979,DIGER,3,0.0171,1.16,2018
GARAN,2018-10-12,2018-10-13,6.9492,6.9396,-0.1383,DIGER,8,-0.028,1.04,2018
GARAN,2018-10-31,2018-11-01,6.9588,6.9588,0.0,DIGER,4,-0.0329,0.67,2018
GARAN,2019-04-03,2019-04-04,7.6989,7.7469,0.6242,HEDEF,3,-0.014,1.08,2019
GARAN,2019-05-23,2019-05-24,7.6508,7.6028,-0.6281,DIGER,3,0.0127,0.87,2019
GARAN,2019-06-18,2019-06-21,7.3144,7.3144,0.0,DIGER,9,-0.1204,0.29,2019
GARAN,2019-07-06,2019-07-07,7.4778,7.4586,-0.2571,DIGER,3,-0.0025,0.89,2019
GARAN,2019-09-12,2019-09-13,8.7658,9.0061,2.7412,HEDEF,3,-0.0475,1.67,2019
GARAN,2019-10-04,2019-10-05,9.5539,9.4674,-0.9054,DIGER,3,-0.0007,1.02,2019
GARAN,2020-01-05,2020-01-06,6.5936,6.6224,0.4373,DIGER,3,-0.0138,1.35,2020
GARAN,2020-02-07,2020-02-08,6.1514,6.1418,-0.1563,DIGER,15,-0.0526,2.2,2020
GARAN,2020-03-11,2020-03-12,6.7377,6.7954,0.8559,HEDEF,3,0.0343,1.66,2020
GARAN,2020-06-10,2020-06-11,5.5363,5.6901,2.7778,HEDEF,9,-0.0055,8.21,2020
GARAN,2020-07-23,2020-07-24,5.4882,5.4786,-0.1751,DIGER,7,-0.0904,2.32,2020
GARAN,2020-12-13,2020-12-14,7.1414,7.1126,-0.4038,DIGER,5,-0.0558,2.45,2020
GARAN,2021-01-10,2021-01-11,5.642,5.6901,0.8518,HEDEF,4,-0.0607,1.46,2021
GARAN,2021-03-23,2021-03-24,6.7089,6.7473,0.5731,HEDEF,3,-0.0086,0.81,2021
GARAN,2021-05-01,2021-05-02,6.7281,6.6993,-0.4286,DIGER,7,-0.0409,2.04,2021
GARAN,2021-06-27,2021-06-28,7.6508,7.6989,0.6281,HEDEF,3,-0.0735,0.91,2021
GARAN,2021-09-10,2021-09-11,9.3905,9.4194,0.3071,DIGER,3,0.011,1.43,2021
GARAN,2021-10-01,2021-10-02,9.5828,9.7077,1.3039,HEDEF,3,-0.0689,0.98,2021
GARAN,2021-12-15,2021-12-16,9.3713,9.4098,0.4103,DIGER,12,-0.0983,2.42,2021
GARAN,2022-04-06,2022-04-09,12.4374,12.4374,0.0,DIGER,4,-0.0906,0.69,2022
GARAN,2022-05-26,2022-05-27,12.2259,12.3221,0.7862,HEDEF,4,-0.0164,0.99,2022
GARAN,2022-08-31,2022-09-03,19.4346,19.6845,1.2859,HEDEF,5,-0.0622,1.39,2022
GARAN,2022-10-06,2022-10-07,21.4339,21.3474,-0.4036,DIGER,4,-0.1662,1.39,2022
GARAN,2023-01-24,2023-01-25,21.5107,21.3954,-0.5362,DIGER,3,-0.0737,1.01,2023
GARAN,2023-03-15,2023-03-16,24.6826,24.5576,-0.5062,DIGER,3,-0.2298,1.23,2023
GARAN,2023-07-05,2023-07-06,48.2694,49.2018,1.9315,HEDEF,4,0.2326,2.07,2023
GARAN,2023-09-07,2023-09-08,44.0596,44.1653,0.24,DIGER,12,-0.7768,1.67,2023
GARAN,2023-11-15,2023-11-20,51.72,52.5658,1.6354,HEDEF,4,-0.7207,0.91,2023
GARAN,2024-02-09,2024-02-10,56.5546,56.3336,-0.3909,DIGER,3,-0.2027,1.09,2024
GARAN,2024-09-10,2024-09-11,111.3215,111.6002,0.2504,DIGER,5,-0.3746,0.8,2024
GARAN,2024-11-28,2024-11-29,117.2518,121.4233,3.5577,HEDEF,3,-0.0775,0.67,2024
GARAN,2024-12-21,2024-12-22,118.9147,120.491,1.3256,HEDEF,3,-0.1681,0.91,2024
GARAN,2025-05-18,2025-05-19,109.5722,109.2838,-0.2632,DIGER,3,-0.0643,2.2,2025
GARAN,2025-06-04,2025-06-07,110.8217,109.1877,-1.4744,STOP,3,-0.4777,0.79,2025
GARAN,2025-08-07,2025-08-08,140.2332,141.1943,0.6854,HEDEF,4,-0.5778,1.16,2025
GARAN,2025-08-20,2025-08-21,140.3293,140.906,0.411,DIGER,3,-0.3366,1.37,2025
GARAN,2025-08-29,2025-08-30,136.3885,136.3885,0.0,DIGER,6,-1.0779,0.83,2025
GARAN,2025-09-21,2025-09-22,140.3293,139.8487,-0.3425,DIGER,4,-0.8875,1.33,2025
GARAN,2025-11-10,2025-11-11,127.4498,128.2187,0.6033,HEDEF,7,-0.1132,1.58,2025
GARAN,2026-05-08,2026-05-09,136.6,138.0,1.0249,HEDEF,7,-1.528,3.12,2026
GUBRF,2015-07-09,2015-07-10,5.74,5.82,1.3937,HEDEF,12,-0.0183,10.76,2015
GUBRF,2015-07-31,2015-08-01,5.4,5.39,-0.1852,DIGER,5,-0.0171,2.98,2015
GUBRF,2015-09-18,2015-09-21,5.71,5.73,0.3503,DIGER,3,-0.0085,0.49,2015
GUBRF,2016-02-08,2016-02-09,5.42,5.41,-0.1845,DIGER,3,-0.0085,2.03,2016
GUBRF,2016-03-25,2016-03-26,5.16,5.16,0.0,DIGER,7,-0.0205,3.32,2016
GUBRF,2016-07-06,2016-07-07,4.39,4.4,0.2278,DIGER,3,0.0087,1.98,2016
GUBRF,2016-10-16,2016-10-17,4.63,4.64,0.216,DIGER,5,-0.0149,2.62,2016
GUBRF,2017-03-11,2017-03-12,5.13,5.15,0.3899,DIGER,4,-0.0251,0.78,2017
GUBRF,2017-05-23,2017-05-24,4.67,4.7,0.6424,HEDEF,5,-0.0186,1.53,2017
GUBRF,2017-12-31,2018-01-01,3.41,3.4,-0.2933,DIGER,3,-0.0317,1.09,2017
GUBRF,2018-06-27,2018-06-28,2.89,2.9,0.346,DIGER,4,-0.0388,2.08,2018
GUBRF,2018-08-05,2018-08-08,3.08,3.1,0.6494,HEDEF,7,0.0152,6.08,2018
GUBRF,2018-10-08,2018-10-09,3.25,3.27,0.6154,HEDEF,3,-0.0005,2.65,2018
GUBRF,2019-03-13,2019-03-14,2.75,2.76,0.3636,DIGER,3,0.0127,5.5,2019
GUBRF,2019-06-18,2019-06-21,5.34,5.39,0.9363,HEDEF,6,-0.0114,0.91,2019
GUBRF,2019-09-24,2019-09-25,8.59,8.59,0.0,DIGER,4,-0.0419,0.56,2019
GUBRF,2019-12-31,2020-01-02,14.8,14.95,1.0135,HEDEF,3,-0.0403,1.09,2019
GUBRF,2020-04-25,2020-04-26,29.16,29.3,0.4801,HEDEF,4,-0.1051,1.34,2020
GUBRF,2020-06-15,2020-06-16,29.2,29.5,1.0274,HEDEF,3,0.0019,2.46,2020
GUBRF,2020-07-24,2020-07-25,35.2,35.3,0.2841,DIGER,3,-0.0478,1.42,2020
GUBRF,2020-09-12,2020-09-13,51.65,56.8,9.971,HEDEF,4,0.3773,3.24,2020
GUBRF,2020-10-11,2020-10-12,71.9,73.3,1.9472,HEDEF,6,0.2656,2.13,2020
GUBRF,2020-10-20,2020-10-21,69.1,73.85,6.8741,HEDEF,5,-0.7422,2.19,2020
GUBRF,2020-12-19,2020-12-20,76.8,76.75,-0.0651,DIGER,7,-1.9992,1.62,2020
GUBRF,2021-03-25,2021-03-26,57.8,57.75,-0.0865,DIGER,8,-0.8144,2.65,2021
GUBRF,2021-07-04,2021-07-05,48.76,48.76,0.0,DIGER,4,-0.5276,3.46,2021
GUBRF,2021-10-15,2021-10-16,80.0,81.2,1.5,HEDEF,3,-0.678,1.58,2021
GUBRF,2021-10-25,2021-10-28,82.9,83.85,1.146,HEDEF,3,0.323,2.09,2021
GUBRF,2022-04-09,2022-04-10,75.4,76.0,0.7958,HEDEF,5,-0.2503,2.5,2022
GUBRF,2022-11-15,2022-11-16,292.7,296.4,1.2641,HEDEF,4,2.3379,0.87,2022
GUBRF,2023-05-01,2023-05-04,265.9,266.6,0.2633,DIGER,4,-1.7353,1.02,2023
GUBRF,2023-07-03,2023-07-04,317.8,319.8,0.6293,HEDEF,4,-0.5763,0.92,2023
GUBRF,2023-09-06,2023-09-07,362.6,361.2,-0.3861,DIGER,3,-5.3885,1.21,2023
GUBRF,2023-12-28,2023-12-29,158.0,161.4,2.1519,HEDEF,3,1.1925,3.41,2023
GUBRF,2024-04-11,2024-04-14,158.4,159.5,0.6944,HEDEF,6,-0.7789,6.63,2024
GUBRF,2024-09-25,2024-09-26,190.9,190.9,0.0,DIGER,3,-0.1444,0.71,2024
GUBRF,2024-12-22,2024-12-23,287.25,288.0,0.2611,DIGER,3,0.1604,0.57,2024
GUBRF,2024-12-29,2024-12-30,283.75,285.25,0.5286,HEDEF,3,-0.7797,0.91,2024
GUBRF,2025-01-31,2025-02-01,270.5,270.75,0.0924,DIGER,8,-2.5594,1.43,2025
GUBRF,2025-04-21,2025-04-22,284.0,283.25,-0.2641,DIGER,5,-2.9071,1.27,2025
GUBRF,2025-05-03,2025-05-04,280.5,280.5,0.0,DIGER,3,-1.5653,1.15,2025
GUBRF,2025-09-03,2025-09-04,274.0,274.5,0.1825,DIGER,7,-4.3526,1.56,2025
GUBRF,2025-09-28,2025-09-29,287.25,290.0,0.9574,HEDEF,7,-2.678,1.64,2025
GUBRF,2025-10-10,2025-10-11,282.0,281.75,-0.0887,DIGER,4,-3.6394,1.17,2025
GUBRF,2025-11-28,2025-12-01,315.5,318.0,0.7924,HEDEF,6,-2.8841,0.37,2025
GUBRF,2026-02-21,2026-02-22,528.0,533.0,0.947,HEDEF,3,0.193,1.14,2026
GUBRF,2026-03-05,2026-03-08,523.0,523.0,0.0,DIGER,3,-4.6867,1.34,2026
HALKB,2015-01-11,2015-01-15,11.41,11.36,-0.4382,DIGER,9,-0.0657,1.34,2015
HALKB,2015-04-16,2015-04-20,10.33,11.13,7.7444,HEDEF,3,-0.0599,0.99,2015
HALKB,2015-07-17,2015-07-18,9.43,9.44,0.106,DIGER,8,-0.0634,1.07,2015
HALKB,2015-08-09,2015-08-10,9.19,9.18,-0.1088,DIGER,7,-0.0746,1.02,2015
HALKB,2015-10-06,2015-10-07,10.03,10.07,0.3988,DIGER,4,-0.0205,1.88,2015
HALKB,2016-04-22,2016-04-23,8.77,8.83,0.6841,HEDEF,6,-0.0177,1.34,2016
HALKB,2016-05-23,2016-05-24,8.95,8.97,0.2235,DIGER,4,-0.0167,1.35,2016
HALKB,2016-09-02,2016-09-03,11.04,11.06,0.1812,DIGER,3,-0.0064,0.86,2016
HALKB,2016-09-12,2016-09-13,11.08,11.11,0.2708,DIGER,3,-0.0211,1.27,2016
HALKB,2016-10-23,2016-10-24,10.33,10.32,-0.0968,DIGER,8,-0.0827,2.52,2016
HALKB,2017-07-01,2017-07-02,9.23,9.33,1.0834,HEDEF,12,-0.1287,1.7,2017
HALKB,2017-07-23,2017-07-24,10.08,10.16,0.7937,HEDEF,3,-0.0027,0.67,2017
HALKB,2017-08-21,2017-08-22,9.97,10.02,0.5015,HEDEF,3,-0.038,1.65,2017
HALKB,2017-12-25,2017-12-26,7.69,7.64,-0.6502,DIGER,3,-0.0523,0.92,2017
HALKB,2018-03-16,2018-03-17,6.78,6.85,1.0324,HEDEF,3,-0.0193,2.17,2018
HALKB,2018-05-17,2018-05-20,6.28,6.2,-1.2739,STOP,3,-0.0801,0.87,2018
HALKB,2018-12-06,2018-12-07,6.36,6.44,1.2579,HEDEF,3,-0.0479,0.7,2018
HALKB,2019-07-07,2019-07-08,5.44,5.42,-0.3676,DIGER,5,-0.069,2.02,2019
HALKB,2019-08-27,2019-08-28,5.95,5.98,0.5042,HEDEF,7,0.0212,5.26,2019
HALKB,2019-12-15,2019-12-16,5.06,5.12,1.1858,HEDEF,3,-0.0348,1.21,2019
HALKB,2020-01-05,2020-01-06,5.25,5.26,0.1905,DIGER,3,0.0114,2.25,2020
HALKB,2020-01-17,2020-01-18,5.19,5.22,0.578,HEDEF,3,-0.0008,0.93,2020
HALKB,2020-02-06,2020-02-07,5.3,5.33,0.566,HEDEF,3,-0.0029,0.82,2020
HALKB,2020-05-19,2020-05-20,5.3,5.25,-0.9434,DIGER,3,-0.0279,3.86,2020
HALKB,2020-05-27,2020-05-28,5.17,5.19,0.3868,DIGER,5,-0.0101,3.47,2020
HALKB,2020-06-03,2020-06-04,5.12,5.13,0.1953,DIGER,4,-0.0081,0.58,2020
HALKB,2020-06-27,2020-06-30,5.09,5.1,0.1965,DIGER,3,-0.0077,0.82,2020
HALKB,2020-11-02,2020-11-03,5.43,5.45,0.3683,DIGER,3,-0.013,3.16,2020
HALKB,2020-11-10,2020-11-11,5.77,5.89,2.0797,HEDEF,3,0.0361,7.61,2020
HALKB,2021-02-04,2021-02-07,4.3,4.29,-0.2326,DIGER,3,-0.0079,1.91,2021
HALKB,2021-06-06,2021-06-07,4.78,4.78,0.0,DIGER,3,-0.0087,0.77,2021
HALKB,2021-11-13,2021-11-14,5.0,5.03,0.6,HEDEF,6,-0.0288,1.47,2021
HALKB,2022-02-21,2022-02-22,5.58,5.54,-0.7168,DIGER,4,-0.0386,0.6,2022
HALKB,2022-04-02,2022-04-03,5.73,5.78,0.8726,HEDEF,3,-0.0058,0.72,2022
HALKB,2022-04-10,2022-04-11,5.67,5.64,-0.5291,DIGER,4,-0.0095,1.15,2022
HALKB,2022-08-12,2022-08-13,7.95,8.29,4.2767,HEDEF,6,-0.0697,3.01,2022
HALKB,2022-11-15,2022-11-16,11.88,12.08,1.6835,HEDEF,8,-0.363,1.49,2022
HALKB,2023-02-02,2023-02-06,11.05,11.01,-0.362,DIGER,5,-0.1015,1.35,2023
HALKB,2023-10-25,2023-10-28,12.96,12.98,0.1543,DIGER,8,-0.1081,1.38,2023
HALKB,2023-12-11,2023-12-12,12.87,12.98,0.8547,HEDEF,3,0.0131,1.83,2023
HALKB,2024-02-26,2024-02-27,14.25,14.25,0.0,DIGER,3,0.0299,2.92,2024
HALKB,2024-04-29,2024-04-30,18.47,18.55,0.4331,DIGER,3,0.0153,1.25,2024
HALKB,2024-08-13,2024-08-16,16.24,16.24,0.0,DIGER,4,-0.1478,0.72,2024
HALKB,2024-11-29,2024-11-30,16.69,16.78,0.5392,HEDEF,3,-0.0562,0.89,2024
HALKB,2025-01-24,2025-01-25,19.39,19.39,0.0,DIGER,7,-0.0525,1.05,2025
HALKB,2025-04-11,2025-04-15,20.1,20.22,0.597,HEDEF,3,-0.055,0.97,2025
HALKB,2025-06-04,2025-06-07,20.8,20.52,-1.3461,STOP,5,-0.0556,0.52,2025
HALKB,2025-08-07,2025-08-08,27.36,27.62,0.9503,HEDEF,7,-0.1296,2.0,2025
HALKB,2025-09-03,2025-09-04,25.8,25.82,0.0775,DIGER,13,-0.3902,1.88,2025
HALKB,2025-10-10,2025-10-11,26.7,26.58,-0.4494,DIGER,7,-0.2742,1.06,2025
HALKB,2025-12-15,2025-12-16,36.14,36.14,0.0,DIGER,4,-0.0211,2.09,2025
HALKB,2026-03-08,2026-03-09,47.74,52.5,9.9707,HEDEF,4,-0.9035,1.56,2026
ISCTR,2015-04-20,2015-04-21,0.6899,0.6899,0.0,DIGER,3,0.005,2.58,2015
ISCTR,2015-06-28,2015-06-29,0.5954,0.5954,0.0,DIGER,4,-0.0045,1.75,2015
ISCTR,2015-08-09,2015-08-10,0.567,0.567,0.0,DIGER,8,-0.0037,1.2,2015
ISCTR,2015-10-06,2015-10-07,0.6237,0.6237,0.0,DIGER,6,0.0022,1.38,2015
ISCTR,2015-12-13,2015-12-14,0.5954,0.5859,-1.5873,STOP,3,-0.0032,0.7,2015
ISCTR,2016-05-15,2016-05-16,0.6521,0.6521,0.0,DIGER,6,-0.0009,0.89,2016
ISCTR,2016-06-03,2016-06-04,0.6521,0.6521,0.0,DIGER,5,-0.0014,1.98,2016
ISCTR,2016-06-13,2016-06-14,0.6521,0.6521,0.0,DIGER,4,-0.0007,1.03,2016
ISCTR,2017-09-10,2017-09-11,1.0453,1.0549,0.9174,HEDEF,5,-0.011,0.58,2017
ISCTR,2018-03-08,2018-03-10,0.7289,0.7385,1.3158,HEDEF,3,-0.0035,1.38,2018
ISCTR,2018-05-20,2018-05-21,0.6042,0.6138,1.5873,HEDEF,3,-0.0069,1.32,2018
ISCTR,2018-06-14,2018-06-15,0.6042,0.6138,1.5873,HEDEF,7,-0.0013,0.91,2018
ISCTR,2018-06-26,2018-06-27,0.5946,0.5946,0.0,DIGER,3,-0.0053,1.21,2018
ISCTR,2018-07-02,2018-07-03,0.5946,0.585,-1.6129,STOP,3,-0.0017,1.01,2018
ISCTR,2018-12-06,2018-12-07,0.8439,0.8535,1.1364,HEDEF,3,-0.0042,1.14,2018
ISCTR,2019-01-15,2019-01-18,0.7289,0.7289,0.0,DIGER,3,-0.0097,1.51,2019
ISCTR,2019-07-06,2019-07-07,0.8631,0.8631,0.0,DIGER,3,-0.0037,1.2,2019
ISCTR,2019-08-15,2019-08-16,0.8919,0.9015,1.0753,HEDEF,3,-0.0026,1.43,2019
ISCTR,2019-09-13,2019-09-14,0.959,0.959,0.0,DIGER,3,0.0038,2.9,2019
ISCTR,2020-01-05,2020-01-06,0.7193,0.7193,0.0,DIGER,3,-0.0006,1.57,2020
ISCTR,2020-03-27,2020-03-28,0.7768,0.7672,-1.2346,STOP,4,-0.0038,0.91,2020
ISCTR,2020-05-24,2020-05-25,0.7289,0.7289,0.0,DIGER,3,0.0011,0.64,2020
ISCTR,2020-06-09,2020-06-10,0.7193,0.7193,0.0,DIGER,5,-0.0046,1.01,2020
ISCTR,2020-07-23,2020-07-24,0.7768,0.7768,0.0,DIGER,6,-0.0067,0.99,2020
ISCTR,2020-08-30,2020-08-31,0.9494,0.9398,-1.0101,STOP,3,-0.0077,1.63,2020
ISCTR,2021-01-10,2021-01-11,0.748,0.748,0.0,DIGER,4,-0.0029,1.19,2021
ISCTR,2021-03-23,2021-03-24,0.7768,0.7864,1.2346,HEDEF,4,-0.0039,0.79,2021
ISCTR,2021-05-01,2021-05-02,0.7768,0.7672,-1.2346,STOP,5,-0.0031,1.28,2021
ISCTR,2021-09-10,2021-09-11,1.007,1.0166,0.9524,HEDEF,3,-0.0046,0.84,2021
ISCTR,2021-12-23,2021-12-24,1.2084,1.218,0.7937,HEDEF,3,-0.0115,1.06,2021
ISCTR,2022-04-06,2022-04-09,1.6687,1.6687,0.0,DIGER,3,-0.0025,0.59,2022
ISCTR,2022-07-29,2022-07-30,2.8291,2.925,3.3898,HEDEF,12,-0.078,0.82,2022
ISCTR,2022-09-03,2022-09-04,3.1648,3.1648,0.0,DIGER,3,-0.0351,1.16,2022
ISCTR,2023-02-22,2023-02-23,4.5266,4.4211,-2.3305,STOP,4,-0.0149,1.4,2023
ISCTR,2023-03-15,2023-03-16,4.3156,4.306,-0.2222,DIGER,10,-0.0448,2.02,2023
ISCTR,2023-09-07,2023-09-08,8.8423,8.871,0.3254,DIGER,8,-0.1736,1.91,2023
ISCTR,2023-09-21,2023-09-22,8.1038,8.0367,-0.8284,DIGER,8,-0.1385,0.91,2023
ISCTR,2023-11-15,2023-11-20,8.6025,8.7751,2.0067,HEDEF,4,-0.0457,0.99,2023
ISCTR,2024-02-09,2024-02-10,9.9164,9.9068,-0.0967,DIGER,4,-0.0678,1.01,2024
ISCTR,2024-05-31,2024-06-01,15.5171,15.4979,-0.1236,DIGER,3,-0.091,1.11,2024
ISCTR,2024-10-11,2024-10-14,11.1535,11.259,0.9458,HEDEF,4,-0.1166,1.46,2024
ISCTR,2024-11-29,2024-11-30,12.9469,13.014,0.5185,HEDEF,8,-0.0719,1.38,2024
ISCTR,2025-01-20,2025-01-21,13.3305,13.3497,0.1439,DIGER,9,-0.07,1.86,2025
ISCTR,2025-08-07,2025-08-08,14.0594,14.2704,1.5007,HEDEF,6,-0.07,1.96,2025
ISCTR,2025-09-21,2025-09-22,13.9443,13.9539,0.0688,DIGER,4,-0.093,1.15,2025
ISCTR,2025-11-10,2025-11-11,12.1221,12.1989,0.6329,HEDEF,7,-0.0482,1.62,2025
ISCTR,2025-12-24,2025-12-27,13.5127,13.5703,0.4258,DIGER,6,-0.0178,1.21,2025
ISCTR,2026-04-30,2026-05-06,14.34,14.34,0.0,DIGER,3,-0.106,0.94,2026
KCHOL,2015-01-11,2015-01-15,9.1085,9.1085,0.0,DIGER,6,-0.0336,1.61,2015
KCHOL,2015-01-23,2015-01-24,9.1085,8.9979,-1.2134,STOP,6,-0.0115,1.69,2015
KCHOL,2015-08-07,2015-08-08,8.6388,8.7585,1.3859,HEDEF,5,-0.0152,1.18,2015
KCHOL,2015-10-06,2015-10-07,10.6004,10.6188,0.1738,DIGER,3,-0.0022,1.81,2015
KCHOL,2015-11-20,2015-11-21,10.1307,10.1492,0.1818,DIGER,17,-0.0949,2.01,2015
KCHOL,2015-12-01,2015-12-04,9.9742,10.0478,0.7387,HEDEF,3,-0.0683,2.06,2015
KCHOL,2015-12-15,2015-12-18,9.8268,9.9373,1.1246,HEDEF,3,-0.0668,1.63,2015
KCHOL,2016-05-24,2016-05-27,9.5413,9.6058,0.6757,HEDEF,7,-0.0422,0.65,2016
KCHOL,2016-06-13,2016-06-14,9.5966,9.5689,-0.2879,DIGER,5,-0.0206,2.28,2016
KCHOL,2016-07-15,2016-07-18,10.0755,9.9834,-0.9141,DIGER,3,-0.0228,0.6,2016
KCHOL,2017-12-21,2017-12-24,10.912,10.8927,-0.1767,DIGER,3,-0.0998,1.46,2017
KCHOL,2018-01-23,2018-01-24,11.2012,11.1626,-0.3442,DIGER,3,-0.0247,1.11,2018
KCHOL,2018-03-16,2018-03-17,10.6807,10.6807,0.0,DIGER,3,-0.0081,0.89,2018
KCHOL,2018-05-21,2018-05-22,13.0134,13.0327,0.1482,DIGER,4,-0.1096,0.94,2018
KCHOL,2018-06-18,2018-06-19,12.4447,12.4158,-0.2324,DIGER,11,-0.1115,0.75,2018
KCHOL,2018-08-24,2018-08-25,11.153,11.153,0.0,DIGER,3,-0.0963,0.96,2018
KCHOL,2018-11-01,2018-11-02,14.3244,14.2666,-0.4038,DIGER,3,-0.0504,0.74,2018
KCHOL,2018-12-07,2018-12-08,13.7557,13.7557,0.0,DIGER,5,-0.0475,1.31,2018
KCHOL,2019-04-20,2019-04-23,14.4594,14.3051,-1.0667,STOP,4,-0.1235,0.77,2019
KCHOL,2019-05-01,2019-05-02,14.3726,14.363,-0.0671,DIGER,3,-0.0644,1.03,2019
KCHOL,2019-05-23,2019-05-24,14.9895,14.9895,0.0,DIGER,4,-0.0044,2.33,2019
KCHOL,2019-07-30,2019-07-31,16.2909,16.3102,0.1183,DIGER,3,-0.068,0.31,2019
KCHOL,2019-08-09,2019-08-12,16.2812,16.2427,-0.2368,DIGER,3,-0.0449,0.51,2019
KCHOL,2019-08-15,2019-08-16,16.3776,16.4451,0.412,DIGER,3,-0.0398,1.35,2019
KCHOL,2019-08-26,2019-08-27,16.2427,16.3776,0.8309,HEDEF,4,-0.0507,0.6,2019
KCHOL,2019-09-13,2019-09-14,16.5126,16.609,0.5838,HEDEF,3,0.0029,2.98,2019
KCHOL,2020-01-18,2020-01-21,12.2905,12.329,0.3137,DIGER,3,-0.0245,0.92,2020
KCHOL,2020-07-23,2020-07-24,12.0688,12.088,0.1597,DIGER,6,-0.1253,1.58,2020
KCHOL,2020-10-27,2020-10-28,17.6019,17.5633,-0.2191,DIGER,7,-0.1134,1.42,2020
KCHOL,2021-03-02,2021-03-03,16.0113,15.8667,-0.9031,DIGER,6,-0.0174,0.91,2021
KCHOL,2021-03-23,2021-03-24,16.0595,16.127,0.4202,DIGER,5,-0.1012,1.37,2021
KCHOL,2021-07-29,2021-08-01,18.9225,18.8068,-0.6113,DIGER,10,-0.0614,1.79,2021
KCHOL,2021-11-07,2021-11-08,26.8751,27.0294,0.5739,HEDEF,5,-0.0897,0.85,2021
KCHOL,2022-04-10,2022-04-11,34.5193,34.2591,-0.754,DIGER,3,-0.1798,1.0,2022
KCHOL,2022-07-15,2022-07-16,42.5202,42.5202,0.0,DIGER,3,-0.3102,1.07,2022
KCHOL,2022-07-29,2022-07-30,42.8479,43.1757,0.7649,HEDEF,6,-0.3923,1.31,2022
KCHOL,2022-12-04,2022-12-07,67.0529,65.4431,-2.4008,STOP,4,-1.4068,0.83,2022
KCHOL,2023-02-27,2023-02-28,71.034,70.8605,-0.2443,DIGER,4,0.0355,1.39,2023
KCHOL,2023-08-03,2023-08-04,123.0974,123.5408,0.3602,DIGER,6,-1.1325,1.17,2023
KCHOL,2023-10-31,2023-11-01,128.1485,128.2449,0.0752,DIGER,4,-0.5624,1.48,2023
KCHOL,2023-11-14,2023-11-15,125.3145,125.6712,0.2846,DIGER,4,-1.111,1.08,2023
KCHOL,2024-09-16,2024-09-17,166.2345,165.8682,-0.2204,DIGER,3,-1.4056,1.81,2024
KCHOL,2024-10-11,2024-10-14,157.8577,158.5035,0.4091,DIGER,14,-0.9989,1.62,2024
KCHOL,2025-03-05,2025-03-06,156.9323,155.0911,-1.1732,STOP,4,-2.9348,0.89,2025
KCHOL,2025-04-02,2025-04-03,145.0756,146.0396,0.6645,HEDEF,16,-1.0965,1.71,2025
KCHOL,2025-05-18,2025-05-19,145.3648,144.5936,-0.5305,DIGER,7,-0.4094,1.53,2025
KCHOL,2025-06-14,2025-06-17,148.4495,148.1603,-0.1948,DIGER,3,0.3021,2.82,2025
KCHOL,2025-09-03,2025-09-04,173.416,173.6088,0.1112,DIGER,9,-0.5644,2.35,2025
KCHOL,2025-09-21,2025-09-22,169.6565,170.0421,0.2273,DIGER,3,-1.2054,1.67,2025
KCHOL,2025-11-08,2025-11-09,161.7521,160.8845,-0.5364,DIGER,5,-0.7611,1.26,2025
KCHOL,2025-11-18,2025-11-19,163.4872,163.1016,-0.2359,DIGER,3,0.0204,0.95,2025
KCHOL,2025-12-17,2025-12-18,166.6683,167.2466,0.347,DIGER,3,-1.2801,1.66,2025
KCHOL,2025-12-27,2025-12-30,168.4998,169.6565,0.6865,HEDEF,5,0.0166,1.65,2025
KRDMD,2015-04-20,2015-04-21,1.16,1.16,0.0,DIGER,5,0.0108,5.07,2015
KRDMD,2015-05-04,2015-05-05,1.09,1.09,0.0,DIGER,5,-0.0018,0.62,2015
KRDMD,2015-07-10,2015-07-11,0.89,0.89,0.0,DIGER,3,-0.0022,0.68,2015
KRDMD,2015-07-16,2015-07-17,0.88,0.87,-1.1364,STOP,3,-0.0056,0.72,2015
KRDMD,2016-03-25,2016-03-26,1.13,1.13,0.0,DIGER,8,-0.0083,2.48,2016
KRDMD,2016-07-21,2016-07-22,0.96,0.96,0.0,DIGER,3,-0.0004,3.63,2016
KRDMD,2016-11-02,2016-11-03,1.01,1.03,1.9802,HEDEF,5,-0.0041,1.38,2016
KRDMD,2017-01-13,2017-01-14,1.44,1.44,0.0,DIGER,6,0.0124,3.12,2017
KRDMD,2017-02-22,2017-02-25,1.67,1.73,3.5928,HEDEF,3,-0.0014,1.26,2017
KRDMD,2017-05-26,2017-05-27,2.23,2.24,0.4484,DIGER,3,-0.0084,1.83,2017
KRDMD,2018-04-06,2018-04-07,3.58,3.57,-0.2793,DIGER,7,-0.0598,1.16,2018
KRDMD,2018-09-02,2018-09-03,1.85,1.87,1.0811,HEDEF,4,-0.0049,1.33,2018
KRDMD,2018-11-21,2018-11-22,2.09,2.07,-0.9569,DIGER,6,-0.0235,1.18,2018
KRDMD,2019-05-26,2019-05-29,1.96,1.98,1.0204,HEDEF,6,0.0054,1.95,2019
KRDMD,2019-06-18,2019-06-21,1.87,1.88,0.5348,HEDEF,4,-0.0091,1.0,2019
KRDMD,2019-10-10,2019-10-11,2.71,2.72,0.369,DIGER,5,-0.0178,0.85,2019
KRDMD,2019-11-10,2019-11-11,2.59,2.57,-0.7722,DIGER,3,-0.0482,0.59,2019
KRDMD,2020-04-05,2020-04-06,2.89,2.91,0.692,HEDEF,3,-0.0084,2.34,2020
KRDMD,2020-07-22,2020-07-23,3.16,3.2,1.2658,HEDEF,6,-0.083,2.66,2020
KRDMD,2020-11-26,2020-11-27,6.4,6.35,-0.7813,DIGER,5,-0.0336,0.99,2020
KRDMD,2021-08-16,2021-08-17,6.82,6.84,0.2933,DIGER,3,-0.0229,1.26,2021
KRDMD,2021-11-19,2021-11-20,11.06,11.07,0.0904,DIGER,3,-0.1315,1.6,2021
KRDMD,2022-02-21,2022-02-22,14.53,14.35,-1.2388,STOP,6,-0.0891,0.64,2022
KRDMD,2022-07-16,2022-07-17,12.7,12.7,0.0,DIGER,3,-0.0937,0.86,2022
KRDMD,2022-07-29,2022-07-30,12.4,12.49,0.7258,HEDEF,6,-0.1469,1.17,2022
KRDMD,2022-08-12,2022-08-13,12.19,12.32,1.0664,HEDEF,3,-0.0914,1.96,2022
KRDMD,2022-08-29,2022-08-30,11.86,11.81,-0.4216,DIGER,4,-0.1161,1.53,2022
KRDMD,2023-04-30,2023-05-01,20.67,21.31,3.0963,HEDEF,3,-0.0782,1.55,2023
KRDMD,2023-06-03,2023-06-04,22.76,22.78,0.0879,DIGER,4,-0.0901,2.3,2023
KRDMD,2023-11-01,2023-11-04,23.64,23.4,-1.0152,STOP,10,-0.4067,2.35,2023
KRDMD,2024-02-27,2024-03-01,23.8,23.8,0.0,DIGER,4,-0.3262,1.69,2024
KRDMD,2024-05-09,2024-05-10,29.3,29.5,0.6826,HEDEF,4,-0.2403,1.35,2024
KRDMD,2025-06-04,2025-06-07,22.86,22.64,-0.9624,DIGER,6,-0.2583,1.06,2025
KRDMD,2025-09-03,2025-09-04,27.14,27.28,0.5158,HEDEF,11,-0.4384,2.59,2025
KRDMD,2025-11-10,2025-11-11,25.42,25.48,0.236,DIGER,8,-0.3649,1.55,2025
KRDMD,2026-03-09,2026-03-10,31.44,31.64,0.6361,HEDEF,5,-0.2733,1.07,2026
KRDMD,2026-03-16,2026-03-17,31.22,31.28,0.1922,DIGER,3,-0.1438,1.28,2026
KRDMD,2026-03-30,2026-04-01,30.9,31.52,2.0065,HEDEF,5,-0.0131,2.56,2026
MGROS,2015-04-20,2015-04-21,17.8448,17.8927,0.2685,DIGER,4,0.0414,4.4,2015
MGROS,2015-11-20,2015-11-21,16.3498,16.4168,0.4103,DIGER,14,-0.262,3.41,2015
MGROS,2016-07-15,2016-07-18,16.6277,16.5702,-0.3458,DIGER,3,-0.0452,1.53,2016
MGROS,2016-07-21,2016-07-22,16.7427,16.781,0.229,DIGER,3,-0.0328,3.09,2016
MGROS,2016-09-18,2016-09-19,19.2249,19.2249,0.0,DIGER,3,0.0301,2.16,2016
MGROS,2017-01-28,2017-01-29,25.6172,25.6363,0.0748,DIGER,4,-0.0859,1.01,2017
MGROS,2017-04-02,2017-04-03,27.3799,27.1912,-0.6889,DIGER,8,-0.1624,0.68,2017
MGROS,2017-05-06,2017-05-09,24.074,24.2626,0.7835,HEDEF,7,-0.2548,1.33,2017
MGROS,2017-12-31,2018-01-01,19.1798,19.1798,0.0,DIGER,19,-0.1549,1.55,2017
MGROS,2018-01-24,2018-01-25,18.2466,18.2466,0.0,DIGER,7,-0.1267,1.25,2018
MGROS,2018-03-17,2018-03-18,18.0977,17.7701,-1.8102,STOP,6,-0.1621,1.95,2018
MGROS,2018-06-14,2018-06-15,14.7125,14.7224,0.0675,DIGER,7,0.011,2.08,2018
MGROS,2018-08-03,2018-08-04,14.1565,13.9778,-1.2623,STOP,5,-0.0895,1.63,2018
MGROS,2018-10-24,2018-10-25,14.9408,14.911,-0.1993,DIGER,3,-0.0626,1.21,2018
MGROS,2018-11-06,2018-11-07,14.7522,14.8117,0.4038,DIGER,6,-0.094,1.09,2018
MGROS,2018-12-20,2018-12-24,13.0049,13.0049,0.0,DIGER,7,-0.0567,1.25,2018
MGROS,2019-06-18,2019-06-21,19.1302,19.2195,0.4671,HEDEF,8,-0.1021,1.44,2019
MGROS,2019-09-12,2019-09-13,22.5849,23.2203,2.8132,HEDEF,3,-0.2038,0.99,2019
MGROS,2019-10-02,2019-10-03,24.2825,24.4711,0.7768,HEDEF,3,-0.119,1.73,2019
MGROS,2019-10-10,2019-10-11,24.6597,24.7689,0.4428,DIGER,4,0.0392,1.32,2019
MGROS,2019-11-18,2019-11-19,21.6914,21.7113,0.0915,DIGER,3,-0.6076,6.5,2019
MGROS,2020-04-25,2020-04-26,39.5211,39.7991,0.7033,HEDEF,3,-0.88,1.33,2020
MGROS,2020-09-01,2020-09-04,38.4192,38.5581,0.3618,DIGER,5,-0.1226,1.06,2020
MGROS,2020-10-27,2020-10-28,42.8964,42.956,0.1389,DIGER,7,-0.2433,0.75,2020
MGROS,2022-03-14,2022-03-15,40.8613,40.8613,0.0,DIGER,4,-0.3544,1.81,2022
MGROS,2022-04-03,2022-04-04,43.7502,43.7998,0.1135,DIGER,4,0.0497,4.26,2022
MGROS,2023-03-15,2023-03-16,167.9423,168.131,0.1123,DIGER,7,-0.6026,0.88,2023
MGROS,2023-08-16,2023-08-17,365.1408,371.3653,1.7047,HEDEF,3,-0.8528,1.22,2023
MGROS,2024-11-29,2024-11-30,500.7793,503.2214,0.4877,HEDEF,4,-3.1631,0.74,2024
MGROS,2025-06-08,2025-06-09,477.013,477.013,0.0,DIGER,7,-4.3246,1.94,2025
MGROS,2025-09-21,2025-09-22,460.1364,460.1364,0.0,DIGER,4,0.6284,1.54,2025
MGROS,2025-12-02,2025-12-03,520.0,522.0,0.3846,DIGER,4,-1.1182,0.97,2025
MGROS,2025-12-27,2025-12-30,530.5,531.0,0.0943,DIGER,5,-0.7513,0.64,2025
MGROS,2026-04-30,2026-05-06,641.5,645.0,0.5456,HEDEF,4,-5.4094,1.02,2026
OYAKC,2015-02-28,2015-03-01,0.6202,0.6297,1.5385,HEDEF,16,-0.0011,2.42,2015
OYAKC,2015-05-18,2015-05-21,0.7251,0.7251,0.0,DIGER,3,-0.0029,0.18,2015
OYAKC,2015-07-18,2015-07-19,0.5629,0.5629,0.0,DIGER,14,-0.0029,1.53,2015
OYAKC,2015-11-23,2015-11-26,0.6965,0.6965,0.0,DIGER,21,-0.0026,1.11,2015
OYAKC,2015-12-18,2015-12-19,0.6965,0.6965,0.0,DIGER,6,-0.0028,1.5,2015
OYAKC,2016-01-10,2016-01-11,0.7442,0.7442,0.0,DIGER,3,0.0052,14.62,2016
OYAKC,2016-11-02,2016-11-03,0.7824,0.7824,0.0,DIGER,5,-0.0005,3.13,2016
OYAKC,2017-01-07,2017-01-08,0.7919,0.7919,0.0,DIGER,4,-0.0009,0.71,2017
OYAKC,2017-05-19,2017-05-20,0.7538,0.7538,0.0,DIGER,3,0.0002,1.59,2017
OYAKC,2017-06-16,2017-06-17,0.8015,0.8015,0.0,DIGER,4,-0.0021,3.93,2017
OYAKC,2017-06-27,2017-06-30,0.8015,0.8015,0.0,DIGER,5,-0.0019,3.13,2017
OYAKC,2017-10-20,2017-10-21,0.811,0.811,0.0,DIGER,14,0.0012,0.55,2017
OYAKC,2017-11-17,2017-11-18,0.8492,0.8492,0.0,DIGER,4,-0.002,0.66,2017
OYAKC,2018-09-03,2018-09-06,0.7251,0.7347,1.3158,HEDEF,5,0.0019,3.46,2018
OYAKC,2018-10-31,2018-11-01,0.7251,0.7251,0.0,DIGER,9,-0.0041,0.22,2018
OYAKC,2019-01-21,2019-01-22,0.6774,0.6774,0.0,DIGER,11,-0.0061,3.77,2019
OYAKC,2019-02-25,2019-02-26,0.6583,0.6583,0.0,DIGER,13,-0.0021,1.71,2019
OYAKC,2019-04-03,2019-04-04,0.687,0.687,0.0,DIGER,4,-0.0025,5.89,2019
OYAKC,2019-05-01,2019-05-02,0.6679,0.6679,0.0,DIGER,11,-0.0045,2.1,2019
OYAKC,2019-10-10,2019-10-11,1.3644,1.3835,1.3986,HEDEF,3,-0.0036,0.92,2019
OYAKC,2019-10-27,2019-10-30,1.3358,1.3453,0.7143,HEDEF,3,-0.0117,13.26,2019
OYAKC,2020-06-16,2020-06-19,1.9369,1.956,0.9852,HEDEF,7,-0.0031,1.94,2020
OYAKC,2020-08-31,2020-09-01,1.975,1.9655,-0.4831,DIGER,5,-0.0029,1.01,2020
OYAKC,2020-09-08,2020-09-11,1.9846,1.9846,0.0,DIGER,3,-0.0015,3.42,2020
OYAKC,2020-10-11,2020-10-12,2.1659,2.1754,0.4405,DIGER,3,-0.0061,1.35,2020
OYAKC,2020-10-17,2020-10-18,2.1849,2.1754,-0.4367,DIGER,3,0.0051,2.31,2020
OYAKC,2020-12-11,2020-12-12,1.9846,1.9941,0.4808,HEDEF,3,-0.0004,1.43,2020
OYAKC,2021-01-10,2021-01-11,1.7747,1.7747,0.0,DIGER,4,-0.0163,1.29,2021
OYAKC,2021-01-31,2021-02-01,1.7461,1.7461,0.0,DIGER,4,-0.0028,2.9,2021
OYAKC,2021-02-28,2021-03-02,1.7842,1.7842,0.0,DIGER,4,0.0022,1.48,2021
OYAKC,2021-05-28,2021-05-29,1.6888,1.6888,0.0,DIGER,3,-0.0026,1.27,2021
OYAKC,2021-06-04,2021-06-06,1.6697,1.6697,0.0,DIGER,3,-0.0099,2.09,2021
OYAKC,2021-07-18,2021-07-19,1.622,1.6029,-1.1765,STOP,7,-0.0027,2.28,2021
OYAKC,2021-07-26,2021-07-27,1.6125,1.6125,0.0,DIGER,5,-0.0044,1.42,2021
OYAKC,2022-01-20,2022-01-21,2.4235,2.433,0.3937,DIGER,3,0.0023,2.72,2022
OYAKC,2022-04-13,2022-04-16,3.0818,3.0055,-2.4768,STOP,4,-0.0197,2.42,2022
OYAKC,2022-05-27,2022-05-28,3.1104,3.12,0.3067,DIGER,6,-0.016,0.99,2022
OYAKC,2022-10-07,2022-10-10,4.7802,4.847,1.3972,HEDEF,4,-0.0391,0.8,2022
OYAKC,2022-11-01,2022-11-02,5.3717,5.4194,0.8881,HEDEF,3,0.0166,1.01,2022
OYAKC,2022-12-07,2022-12-08,5.5435,5.8583,5.6799,HEDEF,5,-0.0815,1.19,2022
OYAKC,2023-07-09,2023-07-10,15.266,15.266,0.0,DIGER,3,-0.151,0.91,2023
OYAKC,2024-01-28,2024-01-29,17.0121,16.6018,-2.4117,STOP,3,-0.0645,0.62,2024
OYAKC,2024-05-09,2024-05-10,14.7508,14.7985,0.3234,DIGER,4,-0.1647,2.31,2024
OYAKC,2024-09-05,2024-09-08,15.7335,15.7717,0.2426,DIGER,3,-0.1072,0.78,2024
OYAKC,2025-01-11,2025-01-12,23.8913,23.9486,0.2396,DIGER,4,-0.1898,0.86,2025
OYAKC,2025-02-15,2025-02-18,26.3148,26.2957,-0.0725,DIGER,4,-0.0806,1.14,2025
OYAKC,2025-03-22,2025-03-23,28.1467,28.0513,-0.339,DIGER,6,-0.4172,1.71,2025
OYAKC,2025-07-17,2025-07-19,22.8227,22.8036,-0.0836,DIGER,4,-0.1253,1.34,2025
OYAKC,2025-07-26,2025-07-29,22.9944,23.5669,2.4896,HEDEF,3,-0.0051,1.82,2025
OYAKC,2025-10-12,2025-10-13,20.1702,20.1702,0.0,DIGER,4,-0.0995,0.69,2025
OYAKC,2025-12-27,2025-12-30,23.54,23.58,0.1699,DIGER,4,-0.2095,1.18,2025
PETKM,2015-01-19,2015-01-22,1.3,1.3,0.0,DIGER,3,0.0002,0.88,2015
PETKM,2015-02-28,2015-03-01,1.27,1.27,0.0,DIGER,7,0.0021,2.15,2015
PETKM,2015-03-22,2015-03-23,1.3,1.3,0.0,DIGER,3,0.0015,1.75,2015
PETKM,2015-06-26,2015-06-27,1.46,1.45,-0.6849,DIGER,3,-0.0058,1.71,2015
PETKM,2015-09-08,2015-09-09,1.67,1.67,0.0,DIGER,3,0.001,1.82,2015
PETKM,2015-10-20,2015-10-21,1.92,1.92,0.0,DIGER,3,-0.0028,1.38,2015
PETKM,2016-04-09,2016-04-10,2.42,2.42,0.0,DIGER,5,0.001,1.08,2016
PETKM,2016-06-13,2016-06-14,1.9,1.91,0.5263,HEDEF,5,-0.0175,0.71,2016
PETKM,2017-03-11,2017-03-12,3.55,3.56,0.2817,DIGER,4,-0.0127,0.99,2017
PETKM,2017-10-09,2017-10-12,4.48,4.5,0.4464,DIGER,4,-0.0102,0.85,2017
PETKM,2018-01-23,2018-01-24,2.69,2.68,-0.3717,DIGER,3,-0.0405,2.26,2018
PETKM,2018-02-22,2018-02-23,2.87,2.88,0.3484,DIGER,4,-0.0066,1.0,2018
PETKM,2018-05-21,2018-05-22,3.5,3.52,0.5714,HEDEF,12,-0.0398,3.2,2018
PETKM,2018-06-06,2018-06-07,3.52,3.52,0.0,DIGER,4,-0.0349,0.8,2018
PETKM,2018-06-27,2018-06-28,3.31,3.31,0.0,DIGER,6,-0.0467,0.95,2018
PETKM,2018-08-24,2018-08-25,3.26,3.27,0.3067,DIGER,11,-0.0246,1.79,2018
PETKM,2019-07-06,2019-07-07,2.93,2.93,0.0,DIGER,3,-0.009,2.17,2019
PETKM,2019-09-13,2019-09-14,3.26,3.27,0.3067,DIGER,3,0.0153,1.7,2019
PETKM,2019-12-10,2019-12-11,2.78,3.05,9.7122,HEDEF,3,0.0056,2.22,2019
PETKM,2020-02-06,2020-02-07,2.95,2.96,0.339,DIGER,6,-0.0115,1.58,2020
PETKM,2020-04-10,2020-04-11,3.54,3.54,0.0,DIGER,4,-0.0012,0.67,2020
PETKM,2020-05-24,2020-05-25,3.34,3.36,0.5988,HEDEF,6,-0.0198,1.1,2020
PETKM,2020-10-25,2020-10-26,5.08,5.13,0.9843,HEDEF,4,-0.0195,0.54,2020
PETKM,2020-11-08,2020-11-09,5.13,5.14,0.1949,DIGER,3,-0.0221,0.98,2020
PETKM,2021-03-03,2021-03-04,6.38,6.41,0.4702,HEDEF,4,-0.0351,2.24,2021
PETKM,2022-10-10,2022-10-11,17.67,18.1,2.4335,HEDEF,3,-0.0565,0.78,2022
PETKM,2023-01-11,2023-01-12,16.48,16.45,-0.182,DIGER,5,-0.0591,1.43,2023
PETKM,2023-02-13,2023-02-14,14.88,14.98,0.672,HEDEF,3,-0.0595,1.19,2023
PETKM,2023-08-03,2023-08-04,19.69,19.7,0.0508,DIGER,8,-0.2122,0.92,2023
PETKM,2023-08-16,2023-08-17,20.62,20.96,1.6489,HEDEF,3,0.0978,1.88,2023
PETKM,2023-09-21,2023-09-22,20.3,20.32,0.0985,DIGER,4,-0.2668,1.27,2023
PETKM,2023-12-12,2023-12-13,20.04,20.18,0.6986,HEDEF,3,-0.0044,0.97,2023
PETKM,2024-01-28,2024-01-29,23.76,23.76,0.0,DIGER,7,-0.3293,1.2,2024
PETKM,2024-02-15,2024-02-16,23.66,22.22,-6.0862,STOP,7,-0.1005,1.67,2024
PETKM,2024-04-29,2024-04-30,21.34,21.32,-0.0937,DIGER,3,-0.0666,1.3,2024
PETKM,2024-08-13,2024-08-16,23.2,23.16,-0.1724,DIGER,3,-0.1885,0.54,2024
PETKM,2024-10-25,2024-10-28,18.35,18.38,0.1635,DIGER,4,-0.1872,2.14,2024
PETKM,2025-03-05,2025-03-06,17.12,16.85,-1.5771,STOP,4,-0.3607,1.04,2025
PETKM,2025-03-26,2025-03-27,16.85,16.9,0.2967,DIGER,3,-0.0937,1.24,2025
PETKM,2025-07-19,2025-07-22,17.27,17.35,0.4632,HEDEF,5,-0.0493,1.27,2025
PETKM,2025-09-26,2025-09-27,18.9,18.92,0.1058,DIGER,5,0.05,1.72,2025
PETKM,2025-11-19,2025-11-24,17.0,17.0,0.0,DIGER,3,-0.0239,0.89,2025
PETKM,2026-03-11,2026-03-12,18.9,18.88,-0.1058,DIGER,3,-0.0251,1.17,2026
PETKM,2026-03-29,2026-03-30,20.5,20.38,-0.5854,DIGER,3,0.1407,0.82,2026
PGSUS,2015-03-22,2015-03-23,3.72,3.71,-0.2688,DIGER,5,-0.0031,1.62,2015
PGSUS,2015-09-10,2015-09-11,3.47,3.47,0.0,DIGER,7,-0.0113,0.94,2015
PGSUS,2015-09-22,2015-09-23,3.48,3.51,0.8621,HEDEF,5,-0.0081,1.52,2015
PGSUS,2016-02-08,2016-02-09,2.42,2.44,0.8264,HEDEF,3,-0.0231,2.73,2016
PGSUS,2016-06-22,2016-06-23,2.57,2.58,0.3891,DIGER,4,-0.0092,2.4,2016
PGSUS,2017-01-13,2017-01-14,3.86,3.87,0.2591,DIGER,4,-0.0002,1.1,2017
PGSUS,2017-08-26,2017-08-27,6.94,6.95,0.1441,DIGER,3,-0.0603,1.63,2017
PGSUS,2017-09-17,2017-09-18,7.1,7.1,0.0,DIGER,4,-0.0171,0.83,2017
PGSUS,2017-10-29,2017-10-30,7.32,7.32,0.0,DIGER,5,-0.0522,1.02,2017
PGSUS,2017-12-31,2018-01-01,5.56,5.57,0.1799,DIGER,5,-0.1225,1.07,2017
PGSUS,2018-06-15,2018-06-18,4.56,4.57,0.2193,DIGER,4,-0.1009,1.43,2018
PGSUS,2018-10-08,2018-10-09,5.9,5.94,0.678,HEDEF,4,-0.0296,1.08,2018
PGSUS,2018-11-02,2018-11-03,5.98,6.0,0.3344,DIGER,3,-0.0546,0.75,2018
PGSUS,2018-11-21,2018-11-22,5.78,5.73,-0.8651,DIGER,7,-0.097,0.9,2018
PGSUS,2019-01-04,2019-01-05,6.06,6.1,0.6601,HEDEF,4,-0.0639,2.72,2019
PGSUS,2019-01-15,2019-01-18,6.06,6.13,1.1551,HEDEF,3,-0.042,0.88,2019
PGSUS,2019-06-04,2019-06-07,12.5,12.51,0.08,DIGER,4,-0.0603,0.73,2019
PGSUS,2019-06-11,2019-06-14,12.61,12.55,-0.4758,DIGER,3,-0.0275,0.59,2019
PGSUS,2019-06-17,2019-06-18,12.51,12.89,3.0376,HEDEF,3,-0.0308,1.48,2019
PGSUS,2019-07-10,2019-07-13,13.3,13.34,0.3008,DIGER,5,-0.0291,1.28,2019
PGSUS,2019-09-17,2019-09-18,17.08,17.1,0.1171,DIGER,6,-0.0971,2.14,2019
PGSUS,2019-10-18,2019-10-19,14.65,14.66,0.0683,DIGER,4,-0.2314,0.82,2019
PGSUS,2020-01-25,2020-01-28,10.41,10.67,2.4976,HEDEF,5,-0.1129,1.95,2020
PGSUS,2020-03-12,2020-03-15,11.37,11.4,0.2638,DIGER,11,-0.1103,2.79,2020
PGSUS,2020-04-26,2020-04-27,9.97,10.57,6.018,HEDEF,8,-0.2086,0.93,2020
PGSUS,2020-05-24,2020-05-25,9.45,9.6,1.5873,HEDEF,6,-0.0969,1.3,2020
PGSUS,2020-06-16,2020-06-19,9.45,9.49,0.4233,DIGER,7,-0.0237,0.58,2020
PGSUS,2021-01-22,2021-01-23,13.93,13.89,-0.2871,DIGER,11,-0.3798,2.42,2021
PGSUS,2021-05-27,2021-05-28,14.45,14.53,0.5536,HEDEF,3,-0.0384,1.27,2021
PGSUS,2021-06-22,2021-06-25,14.42,14.42,0.0,DIGER,8,-0.0852,2.49,2021
PGSUS,2022-03-05,2022-03-06,26.6,26.6,0.0,DIGER,4,-0.0427,0.87,2022
PGSUS,2022-07-29,2022-07-30,51.93,52.48,1.0591,HEDEF,3,0.111,1.82,2022
PGSUS,2022-09-19,2022-09-20,74.99,76.11,1.4935,HEDEF,3,-0.6551,1.46,2022
PGSUS,2022-11-12,2022-11-15,95.59,96.12,0.5545,HEDEF,4,-1.9057,1.06,2022
PGSUS,2022-12-04,2022-12-07,107.52,102.3,-4.8549,STOP,4,-0.8223,0.91,2022
PGSUS,2023-01-19,2023-01-22,102.81,102.3,-0.4961,DIGER,3,-0.0949,1.2,2023
PGSUS,2023-02-07,2023-02-08,97.84,99.23,1.4207,HEDEF,11,-1.0105,1.26,2023
PGSUS,2023-04-02,2023-04-05,88.49,90.82,2.6331,HEDEF,5,-1.0988,1.7,2023
PGSUS,2023-07-09,2023-07-10,182.5,182.65,0.0822,DIGER,3,-2.441,0.94,2023
PGSUS,2023-10-13,2023-10-14,149.36,149.87,0.3415,DIGER,3,-0.0314,0.86,2023
PGSUS,2023-11-07,2023-11-08,140.36,140.76,0.285,DIGER,3,-1.5022,1.12,2023
PGSUS,2023-11-20,2023-11-21,136.98,137.39,0.2993,DIGER,6,-0.7927,1.46,2023
PGSUS,2024-02-18,2024-02-19,167.06,167.46,0.2394,DIGER,3,-0.176,1.04,2024
PGSUS,2024-04-29,2024-04-30,210.4,212.0,0.7605,HEDEF,4,-1.1049,1.37,2024
PGSUS,2024-05-07,2024-05-08,210.0,209.6,-0.1905,DIGER,3,-1.1932,2.59,2024
PGSUS,2024-07-26,2024-07-27,221.0,221.0,0.0,DIGER,9,-3.43,1.73,2024
PGSUS,2024-09-16,2024-09-17,233.5,233.1,-0.1713,DIGER,3,-1.8673,1.39,2024
PGSUS,2024-12-09,2024-12-12,223.7,224.1,0.1788,DIGER,3,-0.5948,2.36,2024
PGSUS,2025-02-03,2025-02-04,238.7,237.9,-0.3352,DIGER,3,-1.6594,1.34,2025
PGSUS,2025-06-08,2025-06-09,235.9,237.6,0.7206,HEDEF,7,-5.9347,2.02,2025
PGSUS,2025-08-07,2025-08-08,258.75,260.5,0.6763,HEDEF,5,-0.5014,0.9,2025
PGSUS,2025-09-03,2025-09-04,233.8,234.4,0.2566,DIGER,14,-3.3215,1.67,2025
PGSUS,2025-12-01,2025-12-02,203.3,203.5,0.0984,DIGER,3,-1.8926,1.57,2025
PGSUS,2026-01-23,2026-01-24,201.7,202.0,0.1487,DIGER,3,-0.7951,1.72,2026
PGSUS,2026-04-01,2026-04-02,179.4,176.8,-1.4493,STOP,4,-1.2061,1.33,2026
PGSUS,2026-05-08,2026-05-09,184.3,185.4,0.5968,HEDEF,6,-1.4305,2.71,2026
SAHOL,2015-04-16,2015-04-20,6.4591,6.9369,7.3969,HEDEF,4,-0.0243,1.79,2015
SAHOL,2015-11-20,2015-11-21,6.5969,6.6061,0.1393,DIGER,15,-0.0452,1.13,2015
SAHOL,2015-12-01,2015-12-04,6.5969,6.6337,0.5571,HEDEF,3,-0.0039,1.51,2015
SAHOL,2016-04-11,2016-04-14,6.7348,6.7531,0.2729,DIGER,6,-0.0088,0.73,2016
SAHOL,2016-06-13,2016-06-14,6.2478,6.2478,0.0,DIGER,4,-0.031,1.49,2016
SAHOL,2016-12-17,2016-12-18,7.773,7.7271,-0.591,DIGER,5,-0.0057,0.28,2016
SAHOL,2016-12-25,2016-12-28,7.8281,7.8189,-0.1174,DIGER,4,0.0054,0.99,2016
SAHOL,2017-03-04,2017-03-05,7.7554,7.7652,0.1269,DIGER,3,-0.0595,1.35,2017
SAHOL,2017-04-02,2017-04-03,7.5881,7.657,0.9079,HEDEF,4,-0.032,1.48,2017
SAHOL,2017-05-03,2017-05-04,7.3519,7.342,-0.1339,DIGER,3,-0.051,1.75,2017
SAHOL,2017-07-01,2017-07-02,7.6176,7.6176,0.0,DIGER,8,-0.0421,1.89,2017
SAHOL,2017-10-08,2017-10-09,7.7357,7.7455,0.1272,DIGER,3,0.0018,0.84,2017
SAHOL,2017-11-19,2017-11-20,7.6963,7.6963,0.0,DIGER,6,-0.0059,1.89,2017
SAHOL,2018-06-06,2018-06-07,5.6,5.6197,0.3515,DIGER,3,-0.0641,0.85,2018
SAHOL,2018-06-14,2018-06-15,5.5114,5.5606,0.8929,HEDEF,3,-0.0491,0.77,2018
SAHOL,2018-08-02,2018-08-03,5.6,5.6,0.0,DIGER,10,-0.0402,1.61,2018
SAHOL,2018-08-15,2018-08-18,5.5902,5.5705,-0.3521,DIGER,4,-0.0192,1.01,2018
SAHOL,2018-08-24,2018-08-25,5.5213,5.5016,-0.3565,DIGER,4,-0.0256,1.45,2018
SAHOL,2018-10-12,2018-10-13,6.8598,6.8598,0.0,DIGER,3,0.0087,1.08,2018
SAHOL,2018-11-06,2018-11-07,6.5448,6.5448,0.0,DIGER,8,-0.0389,0.89,2018
SAHOL,2018-12-06,2018-12-07,6.1413,6.1413,0.0,DIGER,3,-0.0411,1.3,2018
SAHOL,2019-05-23,2019-05-24,7.1058,7.096,-0.1385,DIGER,3,-0.0267,1.01,2019
SAHOL,2019-06-07,2019-06-08,7.1452,7.0763,-0.9642,DIGER,3,-0.0244,2.14,2019
SAHOL,2019-07-09,2019-07-10,6.6629,6.6728,0.1477,DIGER,6,-0.02,1.99,2019
SAHOL,2019-08-27,2019-08-28,7.3125,7.3519,0.5384,HEDEF,3,-0.0033,0.93,2019
SAHOL,2019-10-10,2019-10-11,7.9227,7.9424,0.2484,DIGER,6,-0.0514,2.66,2019
SAHOL,2020-06-10,2020-06-11,6.3578,6.4366,1.2384,HEDEF,6,-0.0654,2.0,2020
SAHOL,2020-07-22,2020-07-23,6.8302,6.8696,0.5764,HEDEF,5,-0.042,1.22,2020
SAHOL,2020-10-12,2020-10-13,9.2316,9.2612,0.3198,DIGER,3,-0.0289,0.86,2020
SAHOL,2020-11-15,2020-11-16,9.1234,9.1234,0.0,DIGER,4,-0.0176,1.58,2020
SAHOL,2020-11-30,2020-12-03,8.8281,8.8478,0.223,DIGER,7,-0.0656,1.15,2020
SAHOL,2021-03-22,2021-03-23,7.7947,7.7947,0.0,DIGER,3,-0.0329,0.98,2021
SAHOL,2021-04-04,2021-04-07,7.6865,7.6865,0.0,DIGER,5,-0.0632,1.27,2021
SAHOL,2021-04-28,2021-04-29,7.6176,7.6274,0.1292,DIGER,7,-0.0206,2.69,2021
SAHOL,2021-09-10,2021-09-11,11.1508,11.2197,0.6178,HEDEF,3,-0.0389,0.96,2021
SAHOL,2021-12-23,2021-12-24,13.1487,13.2078,0.4491,DIGER,3,-0.0525,1.2,2021
SAHOL,2022-07-16,2022-07-17,23.9354,24.27,1.398,HEDEF,5,-0.0277,1.1,2022
SAHOL,2022-07-29,2022-07-30,24.6538,24.831,0.7186,HEDEF,3,-0.0596,1.01,2022
SAHOL,2022-10-17,2022-10-18,36.5132,36.5132,0.0,DIGER,3,0.1222,0.99,2022
SAHOL,2022-12-04,2022-12-07,35.4405,34.6039,-2.3604,STOP,7,-0.6565,1.05,2022
SAHOL,2023-02-07,2023-02-08,36.405,36.3459,-0.1622,DIGER,3,-0.3915,0.87,2023
SAHOL,2023-03-15,2023-03-16,36.0211,35.6275,-1.0929,STOP,6,-0.4108,1.32,2023
SAHOL,2023-07-06,2023-07-09,54.6714,56.0493,2.5203,HEDEF,3,-0.1056,0.91,2023
SAHOL,2023-10-31,2023-11-01,59.1199,59.2577,0.2331,DIGER,3,0.3425,1.64,2023
SAHOL,2023-11-26,2023-11-27,57.1516,57.3287,0.31,DIGER,10,-0.244,1.46,2023
SAHOL,2024-01-28,2024-01-29,72.5836,72.8099,0.3119,DIGER,6,-0.5927,1.09,2024
SAHOL,2024-04-29,2024-04-30,95.4757,95.6627,0.1958,DIGER,3,-0.3755,1.38,2024
SAHOL,2024-05-24,2024-05-29,91.5882,92.2476,0.72,HEDEF,4,-0.3828,2.33,2024
SAHOL,2024-08-17,2024-08-18,88.8325,88.5471,-0.3213,DIGER,4,0.2037,0.54,2024
SAHOL,2024-11-29,2024-11-30,93.9109,93.9109,0.0,DIGER,4,-0.0793,0.96,2024
SAHOL,2024-12-23,2024-12-26,94.5309,95.3773,0.8954,HEDEF,4,-0.4679,0.72,2024
SAHOL,2025-04-05,2025-04-06,77.2585,77.5045,0.3185,DIGER,3,-0.5696,1.35,2025
SAHOL,2025-06-08,2025-06-09,81.3428,81.3428,0.0,DIGER,4,0.1198,1.18,2025
SAHOL,2025-11-10,2025-11-11,76.5203,77.6029,1.4148,HEDEF,8,-0.4644,1.62,2025
SAHOL,2026-04-01,2026-04-02,90.55,88.9,-1.8222,STOP,9,-0.8833,1.14,2026
SAHOL,2026-05-08,2026-05-09,100.7,100.5,-0.1986,DIGER,7,-0.2908,1.92,2026
SASA,2015-04-27,2015-04-28,0.0113,0.0113,0.0,DIGER,22,0.0002,1.59,2015
SASA,2015-06-13,2015-06-14,0.01,0.01,0.0,DIGER,32,0.0,6.96,2015
SASA,2016-03-10,2016-03-11,0.0175,0.0175,0.0,DIGER,24,0.0,33.94,2016
SASA,2016-03-26,2016-03-29,0.0162,0.015,-7.6923,STOP,3,-0.0002,0.92,2016
SASA,2016-05-09,2016-05-10,0.015,0.015,0.0,DIGER,28,-0.0003,0.54,2016
SASA,2016-05-16,2016-05-17,0.015,0.015,0.0,DIGER,4,-0.0001,3.56,2016
SASA,2016-06-13,2016-06-14,0.0162,0.0162,0.0,DIGER,4,0.0,0.64,2016
SASA,2016-09-27,2016-09-28,0.0262,0.0262,0.0,DIGER,6,-0.0001,3.71,2016
SASA,2016-12-21,2016-12-22,0.0737,0.0763,3.3898,HEDEF,3,0.0006,1.34,2016
SASA,2017-01-08,2017-01-13,0.07,0.07,0.0,DIGER,7,-0.0009,1.15,2017
SASA,2017-01-29,2017-01-30,0.07,0.07,0.0,DIGER,6,-0.0001,2.97,2017
SASA,2017-03-13,2017-03-14,0.08,0.08,0.0,DIGER,6,-0.0002,1.93,2017
SASA,2017-04-03,2017-04-04,0.08,0.08,0.0,DIGER,4,-0.0007,2.52,2017
SASA,2017-05-03,2017-05-04,0.07,0.07,0.0,DIGER,18,-0.0014,1.02,2017
SASA,2017-05-10,2017-05-11,0.07,0.07,0.0,DIGER,4,-0.001,2.61,2017
SASA,2017-06-15,2017-06-16,0.06,0.06,0.0,DIGER,13,-0.0018,1.62,2017
SASA,2017-09-10,2017-09-11,0.11,0.11,0.0,DIGER,8,-0.0036,2.32,2017
SASA,2017-10-13,2017-10-14,0.11,0.11,0.0,DIGER,17,0.0011,8.26,2017
SASA,2018-01-29,2018-01-30,0.13,0.13,0.0,DIGER,3,-0.0026,1.18,2018
SASA,2018-02-21,2018-02-22,0.13,0.13,0.0,DIGER,3,-0.0016,1.52,2018
SASA,2018-04-05,2018-04-06,0.14,0.14,0.0,DIGER,16,-0.0008,2.12,2018
SASA,2018-05-05,2018-05-06,0.15,0.15,0.0,DIGER,3,0.0012,3.22,2018
SASA,2018-05-20,2018-05-21,0.14,0.14,0.0,DIGER,8,-0.0025,0.64,2018
SASA,2018-06-15,2018-06-18,0.13,0.13,0.0,DIGER,6,-0.0031,1.27,2018
SASA,2018-07-04,2018-07-05,0.13,0.13,0.0,DIGER,11,0.0006,2.33,2018
SASA,2018-08-03,2018-08-04,0.12,0.12,0.0,DIGER,7,-0.0035,3.74,2018
SASA,2018-08-27,2018-08-30,0.12,0.11,-8.3333,STOP,7,0.0002,1.03,2018
SASA,2018-11-21,2018-11-22,0.12,0.12,0.0,DIGER,42,-0.0013,1.0,2018
SASA,2019-01-11,2019-01-12,0.11,0.11,0.0,DIGER,9,-0.002,4.45,2019
SASA,2019-01-15,2019-01-18,0.12,0.12,0.0,DIGER,3,0.0006,8.44,2019
SASA,2019-03-13,2019-03-14,0.13,0.13,0.0,DIGER,5,-0.0035,0.59,2019
SASA,2019-04-20,2019-04-23,0.12,0.12,0.0,DIGER,15,-0.0016,1.41,2019
SASA,2019-05-26,2019-05-29,0.13,0.13,0.0,DIGER,11,0.0012,2.01,2019
SASA,2019-06-21,2019-06-22,0.13,0.13,0.0,DIGER,9,0.0007,1.5,2019
SASA,2019-07-14,2019-07-15,0.13,0.13,0.0,DIGER,6,-0.0014,0.84,2019
SASA,2019-09-03,2019-09-06,0.16,0.16,0.0,DIGER,3,0.001,1.83,2019
SASA,2019-10-10,2019-10-11,0.17,0.17,0.0,DIGER,7,0.0013,0.74,2019
SASA,2020-02-21,2020-02-22,0.21,0.21,0.0,DIGER,3,0.0002,2.1,2020
SASA,2020-04-25,2020-04-26,0.27,0.27,0.0,DIGER,4,-0.004,1.89,2020
SASA,2020-05-03,2020-05-04,0.27,0.27,0.0,DIGER,3,0.0009,1.55,2020
SASA,2020-07-11,2020-07-14,0.34,0.34,0.0,DIGER,7,-0.0013,2.79,2020
SASA,2020-07-25,2020-07-26,0.33,0.33,0.0,DIGER,7,-0.0037,1.69,2020
SASA,2021-01-10,2021-01-11,0.94,0.97,3.1915,HEDEF,5,-0.0078,1.92,2021
SASA,2021-01-17,2021-01-18,0.9,0.89,-1.1111,STOP,3,-0.0052,0.7,2021
SASA,2021-03-02,2021-03-03,0.92,0.91,-1.087,STOP,9,-0.0106,1.56,2021
SASA,2021-05-09,2021-05-10,0.81,0.82,1.2346,HEDEF,4,0.0011,1.39,2021
SASA,2021-07-27,2021-07-28,0.74,0.74,0.0,DIGER,4,0.0001,1.32,2021
SASA,2022-02-13,2022-02-21,1.74,1.79,2.8736,HEDEF,4,-0.0116,0.97,2022
SASA,2022-12-03,2022-12-04,5.84,5.79,-0.8562,DIGER,3,-0.1165,1.66,2022
SASA,2022-12-29,2023-01-03,5.98,6.07,1.505,HEDEF,4,-0.0148,0.71,2022
SASA,2023-02-27,2023-02-28,5.81,5.82,0.1721,DIGER,3,-0.0257,0.92,2023
SASA,2023-08-08,2023-08-09,6.31,6.36,0.7924,HEDEF,12,-0.0715,3.87,2023
SASA,2023-09-06,2023-09-07,5.68,5.68,0.0,DIGER,14,-0.0987,1.76,2023
SASA,2023-09-30,2023-10-01,5.55,5.53,-0.3604,DIGER,5,-0.0315,1.93,2023
SASA,2023-12-06,2023-12-07,4.5,4.54,0.8889,HEDEF,7,-0.0755,3.54,2023
SASA,2024-02-10,2024-02-11,4.84,4.88,0.8264,HEDEF,6,-0.0334,1.42,2024
SASA,2024-02-27,2024-03-01,4.96,4.98,0.4032,DIGER,3,-0.0568,0.9,2024
SASA,2024-03-15,2024-03-17,5.0,5.04,0.8,HEDEF,3,-0.0255,0.85,2024
SASA,2024-06-01,2024-06-02,5.51,5.51,0.0,DIGER,6,-0.0716,0.91,2024
SASA,2024-07-07,2024-07-08,5.74,5.63,-1.9164,STOP,3,-0.0478,1.14,2024
SASA,2024-12-09,2024-12-12,4.27,4.29,0.4684,HEDEF,3,-0.0001,3.65,2024
SASA,2025-02-04,2025-02-11,3.53,3.62,2.5496,HEDEF,5,-0.0124,0.62,2025
SASA,2025-03-07,2025-03-08,3.7,3.72,0.5405,HEDEF,6,-0.0304,1.2,2025
SASA,2025-07-22,2025-07-23,3.18,3.19,0.3145,DIGER,6,-0.0013,1.07,2025
SASA,2025-11-10,2025-11-11,2.97,2.98,0.3367,DIGER,4,-0.0168,1.01,2025
SASA,2025-11-24,2025-11-25,2.97,2.98,0.3367,DIGER,4,-0.0155,0.64,2025
SASA,2025-12-08,2025-12-09,2.92,2.92,0.0,DIGER,4,-0.0138,0.99,2025
SASA,2026-04-01,2026-04-02,2.42,2.38,-1.6529,STOP,6,-0.0054,1.18,2026
SISE,2015-01-11,2015-01-15,2.0611,2.0515,-0.4695,DIGER,6,-0.0128,1.26,2015
SISE,2015-02-08,2015-02-09,1.8966,1.887,-0.5102,DIGER,6,-0.0226,0.79,2015
SISE,2015-05-29,2015-05-30,1.9837,1.9837,0.0,DIGER,3,-0.0189,1.18,2015
SISE,2015-11-07,2015-11-08,2.4385,2.4385,0.0,DIGER,6,-0.0143,1.16,2015
SISE,2016-03-25,2016-03-26,2.5256,2.5256,0.0,DIGER,7,-0.0138,1.2,2016
SISE,2016-05-28,2016-05-29,2.3805,2.3998,0.813,HEDEF,5,-0.0037,0.93,2016
SISE,2017-07-16,2017-07-17,3.64,3.66,0.5495,HEDEF,3,0.0008,1.35,2017
SISE,2017-11-06,2017-11-07,4.28,4.24,-0.9346,DIGER,3,-0.0008,0.95,2017
SISE,2017-12-31,2018-01-01,3.61,3.61,0.0,DIGER,3,-0.0448,0.9,2017
SISE,2018-01-26,2018-01-29,3.56,3.64,2.2472,HEDEF,6,-0.0199,1.2,2018
SISE,2018-05-28,2018-05-29,4.79,4.8,0.2088,DIGER,4,-0.0652,1.51,2018
SISE,2018-07-13,2018-07-18,4.32,4.33,0.2315,DIGER,5,-0.0102,1.12,2018
SISE,2018-08-10,2018-08-11,4.5,4.55,1.1111,HEDEF,3,-0.0312,0.51,2018
SISE,2018-10-25,2018-10-26,5.71,5.74,0.5254,HEDEF,3,-0.0149,0.72,2018
SISE,2018-11-07,2018-11-08,5.65,5.65,0.0,DIGER,4,-0.0138,1.05,2018
SISE,2018-12-09,2018-12-12,5.12,5.07,-0.9766,DIGER,4,-0.0089,0.82,2018
SISE,2018-12-19,2018-12-20,5.17,5.14,-0.5803,DIGER,3,-0.0266,1.84,2018
SISE,2019-02-10,2019-02-11,4.58,4.58,0.0,DIGER,3,-0.0171,1.29,2019
SISE,2019-02-17,2019-02-18,4.57,4.57,0.0,DIGER,4,-0.0085,0.9,2019
SISE,2019-07-06,2019-07-07,3.94,3.95,0.2538,DIGER,3,-0.0076,1.09,2019
SISE,2019-07-15,2019-07-16,4.05,4.04,-0.2469,DIGER,3,0.0115,1.97,2019
SISE,2019-09-13,2019-09-14,4.68,4.71,0.641,HEDEF,3,-0.0194,1.14,2019
SISE,2019-10-05,2019-10-09,4.94,5.01,1.417,HEDEF,7,-0.0087,13.89,2019
SISE,2020-01-22,2020-01-23,4.32,4.32,0.0,DIGER,8,-0.0093,1.21,2020
SISE,2020-04-20,2020-04-21,5.71,5.65,-1.0508,STOP,4,-0.0696,5.32,2020
SISE,2020-05-04,2020-05-05,5.73,5.7,-0.5236,DIGER,4,0.0018,2.7,2020
SISE,2020-06-27,2020-06-30,6.32,6.35,0.4747,HEDEF,3,-0.0398,0.92,2020
SISE,2020-10-26,2020-10-27,6.91,6.95,0.5789,HEDEF,6,-0.0709,1.02,2020
SISE,2020-11-26,2020-11-27,6.94,6.93,-0.1441,DIGER,9,-0.0532,2.97,2020
SISE,2021-01-10,2021-01-11,6.72,6.74,0.2976,DIGER,3,-0.0451,1.52,2021
SISE,2021-05-01,2021-05-02,7.15,7.11,-0.5594,DIGER,10,-0.0267,2.01,2021
SISE,2021-12-22,2021-12-23,12.05,12.23,1.4938,HEDEF,17,-0.0816,2.79,2021
SISE,2022-05-10,2022-05-11,20.16,20.47,1.5377,HEDEF,3,-0.2027,1.56,2022
SISE,2022-07-29,2022-07-30,25.84,26.08,0.9288,HEDEF,3,-0.1331,1.45,2022
SISE,2022-11-15,2022-11-16,39.6,39.7,0.2525,DIGER,5,-0.443,0.88,2022
SISE,2022-12-04,2022-12-07,40.97,39.03,-4.7352,STOP,8,-0.3536,1.26,2022
SISE,2023-01-18,2023-01-19,45.18,45.27,0.1992,DIGER,3,-0.1669,1.08,2023
SISE,2023-02-07,2023-02-08,42.86,42.84,-0.0467,DIGER,7,-0.3346,1.24,2023
SISE,2023-04-02,2023-04-05,35.6,36.25,1.8258,HEDEF,5,-0.5798,1.37,2023
SISE,2023-04-30,2023-05-01,41.78,42.13,0.8377,HEDEF,6,-0.3067,1.96,2023
SISE,2023-06-28,2023-06-29,49.88,50.03,0.3007,DIGER,3,-0.0921,1.2,2023
SISE,2023-07-06,2023-07-09,49.64,51.29,3.3239,HEDEF,3,-0.2556,1.01,2023
SISE,2023-11-07,2023-11-08,46.12,46.06,-0.1301,DIGER,3,-0.1464,0.99,2023
SISE,2024-03-12,2024-03-15,45.67,45.87,0.4379,DIGER,3,-0.16,1.14,2024
SISE,2024-10-09,2024-10-10,38.82,38.82,0.0,DIGER,4,-0.2187,1.34,2024
SISE,2024-11-23,2024-11-24,41.45,41.57,0.2895,DIGER,3,-0.0318,1.59,2024
SISE,2025-02-13,2025-02-14,35.9,36.18,0.7799,HEDEF,3,-0.2203,1.72,2025
SISE,2025-03-05,2025-03-06,37.37,36.78,-1.5788,STOP,4,-0.8283,0.52,2025
SISE,2025-06-08,2025-06-09,33.5,33.6,0.2985,DIGER,8,-0.1324,1.59,2025
SISE,2025-09-03,2025-09-04,38.8,38.82,0.0515,DIGER,13,-0.4584,1.69,2025
SISE,2025-12-18,2025-12-19,39.68,39.62,-0.1512,DIGER,4,-0.0384,1.22,2025
SISE,2025-12-27,2025-12-30,39.14,39.18,0.1022,DIGER,4,-0.0816,0.83,2025
SISE,2026-01-10,2026-01-13,39.66,40.1,1.1094,HEDEF,3,-0.1086,1.22,2026
SISE,2026-02-18,2026-02-19,47.0,46.88,-0.2553,DIGER,3,-0.4088,0.58,2026
SOKM,2018-06-18,2018-06-19,9.62,9.6,-0.2079,DIGER,4,-0.0122,1.11,2018
SOKM,2018-09-09,2018-09-10,10.57,10.59,0.1892,DIGER,8,-0.0186,1.62,2018
SOKM,2018-12-16,2018-12-19,9.03,9.03,0.0,DIGER,4,-0.0253,1.64,2018
SOKM,2019-05-03,2019-05-04,10.63,10.71,0.7526,HEDEF,8,-0.0341,2.23,2019
SOKM,2019-09-13,2019-09-14,10.12,10.16,0.3953,DIGER,4,-0.0008,1.71,2019
SOKM,2019-11-18,2019-11-19,8.66,8.78,1.3857,HEDEF,3,-0.1588,4.42,2019
SOKM,2020-01-17,2020-01-18,10.75,11.15,3.7209,HEDEF,3,-0.0033,1.74,2020
SOKM,2020-06-19,2020-06-20,12.06,12.06,0.0,DIGER,8,-0.0435,4.08,2020
SOKM,2020-07-01,2020-07-02,11.84,11.88,0.3378,DIGER,4,-0.0158,0.95,2020
SOKM,2022-01-23,2022-01-26,12.1,12.13,0.2479,DIGER,3,-0.0296,1.01,2022
SOKM,2022-02-21,2022-02-22,13.07,12.95,-0.9181,DIGER,4,-0.0306,1.06,2022
SOKM,2022-03-05,2022-03-06,13.04,13.02,-0.1534,DIGER,4,-0.0566,1.68,2022
SOKM,2022-10-10,2022-10-11,22.39,22.46,0.3126,DIGER,3,-0.0542,1.02,2022
SOKM,2023-02-13,2023-02-14,27.75,28.11,1.2973,HEDEF,3,-0.05,0.76,2023
SOKM,2023-08-09,2023-08-10,59.24,60.24,1.688,HEDEF,5,-0.0706,1.1,2023
SOKM,2023-10-21,2023-10-22,57.18,57.18,0.0,DIGER,10,-0.3953,0.93,2023
SOKM,2024-01-28,2024-01-29,63.83,63.83,0.0,DIGER,8,-1.1053,1.26,2024
SOKM,2024-10-09,2024-10-10,41.3,41.32,0.0484,DIGER,17,-0.2713,2.72,2024
SOKM,2024-10-21,2024-10-22,40.4,40.56,0.396,DIGER,5,-0.2028,2.34,2024
SOKM,2025-03-20,2025-03-21,37.12,36.86,-0.7004,DIGER,4,-0.3573,1.92,2025
SOKM,2025-11-17,2025-11-18,46.5,47.0,1.0753,HEDEF,6,0.0273,1.37,2025
TAVHL,2015-01-01,2015-01-02,16.39,16.32,-0.4271,DIGER,3,-0.0646,1.02,2015
TAVHL,2015-02-02,2015-02-05,16.54,16.13,-2.4788,STOP,4,-0.0363,0.75,2015
TAVHL,2015-02-23,2015-02-24,16.83,16.79,-0.2377,DIGER,3,-0.0156,1.66,2015
TAVHL,2015-04-20,2015-04-21,17.45,17.45,0.0,DIGER,4,-0.002,2.1,2015
TAVHL,2015-12-26,2015-12-27,10.99,10.55,-4.0036,STOP,4,-0.0829,2.45,2015
TAVHL,2016-02-08,2016-02-09,8.98,9.0,0.2227,DIGER,7,-0.0608,2.15,2016
TAVHL,2016-03-11,2016-03-12,9.02,9.03,0.1109,DIGER,10,-0.0963,1.93,2016
TAVHL,2016-03-25,2016-03-26,9.17,9.19,0.2181,DIGER,4,-0.0025,2.93,2016
TAVHL,2016-05-14,2016-05-15,10.04,9.65,-3.8845,STOP,4,-0.1455,1.37,2016
TAVHL,2016-05-27,2016-05-28,10.03,10.04,0.0997,DIGER,5,-0.0304,1.23,2016
TAVHL,2016-09-25,2016-09-26,11.9,11.96,0.5042,HEDEF,5,-0.1186,0.98,2016
TAVHL,2016-10-19,2016-10-20,12.01,11.92,-0.7494,DIGER,6,-0.0321,2.83,2016
TAVHL,2017-03-11,2017-03-12,17.12,17.17,0.2921,DIGER,4,-0.1439,1.15,2017
TAVHL,2018-02-02,2018-02-07,19.21,19.19,-0.1041,DIGER,3,-0.1204,1.31,2018
TAVHL,2018-02-10,2018-02-11,19.22,19.26,0.2081,DIGER,3,-0.0491,1.33,2018
TAVHL,2018-03-16,2018-03-17,23.6,23.79,0.8051,HEDEF,4,-0.1626,1.17,2018
TAVHL,2018-03-29,2018-04-05,23.24,23.36,0.5164,HEDEF,5,-0.4099,0.19,2018
TAVHL,2018-07-20,2018-07-21,20.2,20.2,0.0,DIGER,10,-0.2563,0.9,2018
TAVHL,2018-08-24,2018-08-25,20.45,20.47,0.0978,DIGER,3,-0.0042,2.05,2018
TAVHL,2018-11-21,2018-11-22,22.99,23.12,0.5655,HEDEF,3,-0.0704,0.63,2018
TAVHL,2018-12-16,2018-12-19,22.68,22.68,0.0,DIGER,3,-0.1074,1.52,2018
TAVHL,2019-05-16,2019-05-17,21.95,22.01,0.2733,DIGER,3,-0.0559,0.84,2019
TAVHL,2019-05-29,2019-06-01,21.97,22.08,0.5007,HEDEF,7,-0.0729,1.88,2019
TAVHL,2019-06-18,2019-06-21,22.66,22.81,0.662,HEDEF,3,-0.0395,1.15,2019
TAVHL,2019-08-06,2019-08-07,25.64,25.66,0.078,DIGER,4,-0.0857,1.02,2019
TAVHL,2019-08-15,2019-08-16,25.81,26.07,1.0074,HEDEF,3,0.0084,1.48,2019
TAVHL,2020-01-28,2020-01-30,18.23,18.5,1.4811,HEDEF,15,-0.067,3.53,2020
TAVHL,2020-03-04,2020-03-05,19.56,19.75,0.9714,HEDEF,7,-0.0478,0.96,2020
TAVHL,2020-03-12,2020-03-15,19.37,19.5,0.6711,HEDEF,4,-0.0584,2.59,2020
TAVHL,2020-04-06,2020-04-07,17.71,17.61,-0.5646,DIGER,4,-0.2231,2.18,2020
TAVHL,2020-04-19,2020-04-20,17.48,17.7,1.2586,HEDEF,3,-0.2817,2.55,2020
TAVHL,2020-04-26,2020-04-27,18.13,18.2,0.3861,DIGER,3,0.0082,2.31,2020
TAVHL,2020-10-28,2020-10-29,22.1,22.4,1.3575,HEDEF,7,-0.1395,0.87,2020
TAVHL,2021-05-27,2021-05-28,23.68,23.78,0.4223,DIGER,3,0.064,0.99,2021
TAVHL,2021-06-22,2021-06-25,23.26,23.1,-0.6879,DIGER,8,-0.1867,2.18,2021
TAVHL,2021-07-20,2021-07-21,25.28,25.28,0.0,DIGER,3,-0.056,1.46,2021
TAVHL,2021-09-10,2021-09-11,29.54,30.1,1.8957,HEDEF,3,-0.1948,1.94,2021
TAVHL,2022-07-29,2022-07-30,69.2,70.0,1.1561,HEDEF,5,-0.6371,1.52,2022
TAVHL,2022-12-28,2022-12-29,75.45,75.4,-0.0663,DIGER,7,-1.0996,1.77,2022
TAVHL,2023-04-02,2023-04-05,69.05,71.0,2.824,HEDEF,5,-0.5285,1.53,2023
TAVHL,2023-07-09,2023-07-10,128.7,128.7,0.0,DIGER,3,0.0068,0.97,2023
TAVHL,2023-08-02,2023-08-03,120.0,119.2,-0.6667,DIGER,7,-2.8172,2.51,2023
TAVHL,2023-08-31,2023-09-01,130.4,127.1,-2.5307,STOP,3,-0.7537,1.25,2023
TAVHL,2023-10-01,2023-10-02,118.4,118.6,0.1689,DIGER,4,-0.2522,1.45,2023
TAVHL,2024-08-19,2024-08-20,259.25,259.75,0.1929,DIGER,4,0.1396,0.89,2024
TAVHL,2024-10-01,2024-10-02,228.7,228.9,0.0874,DIGER,3,-0.7775,0.88,2024
TAVHL,2024-11-30,2024-12-01,287.25,288.25,0.3481,DIGER,3,0.2237,2.03,2024
TAVHL,2024-12-22,2024-12-23,276.75,278.0,0.4517,HEDEF,3,-1.6979,0.57,2024
TAVHL,2025-01-14,2025-01-17,274.75,275.0,0.091,DIGER,6,-1.7196,1.55,2025
TAVHL,2025-03-05,2025-03-06,257.0,256.5,-0.1946,DIGER,4,-2.226,1.06,2025
TAVHL,2025-04-22,2025-04-25,233.6,237.3,1.5839,HEDEF,3,-2.1472,1.84,2025
TAVHL,2025-05-18,2025-05-19,226.3,226.0,-0.1326,DIGER,12,-2.1939,1.76,2025
TAVHL,2025-08-06,2025-08-07,260.25,261.25,0.3842,DIGER,4,-0.2029,2.52,2025
TAVHL,2025-10-10,2025-10-11,231.0,231.8,0.3463,DIGER,5,-2.2795,1.25,2025
TAVHL,2025-11-10,2025-11-11,261.75,261.75,0.0,DIGER,3,-0.9897,0.99,2025
TAVHL,2026-03-22,2026-03-23,299.0,296.25,-0.9197,DIGER,6,-3.2533,3.15,2026
TAVHL,2026-03-30,2026-04-01,307.75,314.25,2.1121,HEDEF,3,0.1975,1.63,2026
TCELL,2015-01-08,2015-01-09,8.0084,8.0363,0.3492,DIGER,3,-0.0468,1.32,2015
TCELL,2015-03-22,2015-03-23,7.0108,7.0108,0.0,DIGER,5,-0.0497,1.0,2015
TCELL,2015-07-16,2015-07-17,6.4235,6.4142,-0.1451,DIGER,6,-0.0539,1.22,2015
TCELL,2015-09-24,2015-09-26,7.6541,7.6448,-0.1218,DIGER,5,-0.0552,1.28,2015
TCELL,2016-01-24,2016-01-25,6.871,6.9083,0.5427,HEDEF,4,-0.0658,1.01,2016
TCELL,2016-02-08,2016-02-09,6.7032,6.6286,-1.1127,STOP,7,-0.0464,0.93,2016
TCELL,2016-04-10,2016-04-11,6.3955,6.4048,0.1458,DIGER,8,-0.0088,1.61,2016
TCELL,2016-04-23,2016-04-24,6.4328,6.4421,0.1449,DIGER,4,-0.0063,1.12,2016
TCELL,2016-10-09,2016-10-10,7.8499,7.8219,-0.3563,DIGER,4,-0.0135,0.67,2016
TCELL,2016-11-02,2016-11-03,7.8499,7.8685,0.2375,DIGER,4,-0.0088,2.03,2016
TCELL,2017-01-07,2017-01-08,7.7473,7.766,0.2407,DIGER,5,-0.0036,1.15,2017
TCELL,2017-04-19,2017-04-20,8.6869,8.7654,0.904,HEDEF,11,-0.015,1.23,2017
TCELL,2017-06-08,2017-06-09,9.8451,9.8353,-0.0997,DIGER,4,-0.0364,0.63,2017
TCELL,2017-08-14,2017-08-15,10.7874,10.8169,0.273,DIGER,6,-0.0697,1.86,2017
TCELL,2017-09-06,2017-09-07,11.18,11.0426,-1.2292,STOP,6,-0.092,1.49,2017
TCELL,2018-07-27,2018-07-28,9.531,9.5801,0.5149,HEDEF,4,-0.0116,2.26,2018
TCELL,2018-08-23,2018-08-24,9.5997,9.6488,0.5113,HEDEF,3,-0.002,1.55,2018
TCELL,2019-01-20,2019-01-21,8.9323,8.9617,0.3297,DIGER,3,-0.039,0.78,2019
TCELL,2019-03-06,2019-03-07,10.1396,10.1985,0.5808,HEDEF,3,-0.005,0.92,2019
TCELL,2019-05-23,2019-05-24,10.012,10.0022,-0.098,DIGER,5,-0.0394,1.1,2019
TCELL,2019-11-10,2019-11-11,11.4549,11.3371,-1.0283,STOP,4,-0.1155,0.86,2019
TCELL,2020-05-04,2020-05-05,12.2107,12.1812,-0.2412,DIGER,3,-0.0701,0.54,2020
TCELL,2020-08-15,2020-08-16,12.6917,12.7407,0.3867,DIGER,3,-0.0321,0.81,2020
TCELL,2021-01-18,2021-01-22,12.299,12.299,0.0,DIGER,3,-0.0735,1.06,2021
TCELL,2021-10-08,2021-10-09,17.3541,17.4817,0.7353,HEDEF,6,-0.2703,0.64,2021
TCELL,2021-11-05,2021-11-06,16.7259,16.824,0.5868,HEDEF,5,-0.294,1.11,2021
TCELL,2022-05-24,2022-05-25,15.7836,15.8228,0.2488,DIGER,3,-0.0213,1.38,2022
TCELL,2022-06-10,2022-06-11,16.4903,16.7357,1.4881,HEDEF,3,0.0083,1.92,2022
TCELL,2022-07-29,2022-07-30,19.8865,20.1221,1.1846,HEDEF,10,-0.4098,1.19,2022
TCELL,2022-10-10,2022-10-11,32.5684,32.8923,0.9946,HEDEF,3,0.095,1.84,2022
TCELL,2023-03-17,2023-03-18,30.8212,30.8114,-0.0319,DIGER,10,-0.3335,1.76,2023
TCELL,2023-04-02,2023-04-05,29.9476,31.2825,4.4576,HEDEF,5,-0.3959,1.15,2023
TCELL,2023-11-07,2023-11-08,52.1604,52.1604,0.0,DIGER,3,-0.2335,1.16,2023
TCELL,2023-11-14,2023-11-15,52.396,52.6316,0.4496,DIGER,3,-0.074,1.02,2023
TCELL,2024-01-12,2024-01-15,63.7233,64.0472,0.5083,HEDEF,5,-0.356,1.14,2024
TCELL,2024-06-30,2024-07-01,100.2179,98.9124,-1.3026,STOP,6,-0.6187,0.92,2024
TCELL,2024-07-06,2024-07-07,98.7259,98.0781,-0.6562,DIGER,3,-1.2013,1.04,2024
TCELL,2024-07-14,2024-07-15,97.8916,98.7259,0.8523,HEDEF,4,-0.3075,1.07,2024
TCELL,2024-08-11,2024-08-12,91.5507,92.9445,1.5225,HEDEF,3,-0.5483,1.22,2024
TCELL,2024-11-07,2024-11-08,87.5459,87.6833,0.157,DIGER,3,-0.1269,1.25,2024
TCELL,2024-11-29,2024-11-30,90.1372,90.471,0.3702,DIGER,4,-0.4537,0.8,2024
TCELL,2025-01-27,2025-01-28,102.6816,103.1626,0.4684,HEDEF,4,-0.172,0.84,2025
TCELL,2025-02-13,2025-02-14,100.375,101.435,1.0561,HEDEF,3,-0.9449,0.99,2025
TCELL,2025-03-29,2025-03-30,88.1152,88.5962,0.5458,HEDEF,3,-0.6775,2.01,2025
TCELL,2025-04-21,2025-04-22,86.9079,86.9569,0.0565,DIGER,8,-0.6398,1.12,2025
TCELL,2025-05-19,2025-05-20,94.3678,94.2696,-0.104,DIGER,5,-0.4682,1.06,2025
TCELL,2025-07-03,2025-07-04,92.3654,92.3654,0.0,DIGER,4,-0.5182,0.67,2025
TCELL,2025-07-16,2025-07-17,91.8255,92.0218,0.2138,DIGER,4,-0.5824,1.76,2025
TCELL,2025-08-06,2025-08-07,93.4451,93.6414,0.2101,DIGER,3,-0.1746,1.0,2025
TCELL,2025-10-10,2025-10-11,95.0156,95.0156,0.0,DIGER,5,-0.5829,0.49,2025
TCELL,2025-10-28,2025-10-29,100.1198,96.6843,-3.4314,STOP,3,0.2123,1.79,2025
TCELL,2026-05-07,2026-05-08,115.2,116.8,1.3889,HEDEF,4,-0.5261,1.24,2026
THYAO,2015-03-19,2015-03-22,7.8926,7.9609,0.8663,HEDEF,4,-0.0159,1.8,2015
THYAO,2015-04-16,2015-04-20,8.4103,8.8889,5.6911,HEDEF,3,-0.0155,1.47,2015
THYAO,2015-07-17,2015-07-18,7.1209,7.1111,-0.1372,DIGER,4,-0.0051,1.79,2015
THYAO,2015-09-23,2015-09-24,7.5898,7.5995,0.1287,DIGER,6,0.0113,1.23,2015
THYAO,2015-10-06,2015-10-07,7.5409,7.5507,0.1295,DIGER,3,-0.0364,1.1,2015
THYAO,2015-12-19,2015-12-20,5.7827,5.812,0.5068,HEDEF,10,-0.0605,1.7,2015
THYAO,2016-01-10,2016-01-11,5.6752,5.685,0.1721,DIGER,5,-0.0388,1.32,2016
THYAO,2016-02-08,2016-02-09,5.3333,5.3627,0.5494,HEDEF,3,0.0137,2.76,2016
THYAO,2016-03-12,2016-03-19,5.1575,5.2064,0.947,HEDEF,3,-0.0079,3.38,2016
THYAO,2016-04-09,2016-04-10,5.2259,5.2552,0.5608,HEDEF,7,0.014,3.1,2016
THYAO,2016-05-27,2016-05-28,5.138,5.138,0.0,DIGER,7,-0.0317,2.18,2016
THYAO,2016-07-14,2016-07-15,4.8449,4.8254,-0.4032,DIGER,3,-0.0309,2.55,2016
THYAO,2016-07-21,2016-07-22,4.8547,4.8547,0.0,DIGER,3,-0.0196,1.96,2016
THYAO,2016-09-12,2016-09-13,5.5482,5.5678,0.3521,DIGER,3,-0.0374,1.44,2016
THYAO,2017-02-22,2017-02-25,8.66,8.7491,1.0286,HEDEF,3,0.0156,1.24,2017
THYAO,2017-11-17,2017-11-18,18.7056,18.8541,0.7937,HEDEF,3,-0.1522,0.81,2017
THYAO,2017-12-24,2017-12-25,16.5085,16.6074,0.5995,HEDEF,3,-0.094,1.38,2017
THYAO,2018-09-28,2018-09-29,14.8853,14.9249,0.266,DIGER,6,-0.0076,1.11,2018
THYAO,2018-11-06,2018-11-07,13.6482,13.6482,0.0,DIGER,7,-0.0612,1.66,2018
THYAO,2018-11-23,2018-11-24,13.094,13.0643,-0.2268,DIGER,6,-0.0788,0.79,2018
THYAO,2019-02-20,2019-02-25,12.5892,12.9653,2.9874,HEDEF,3,-0.0461,1.1,2019
THYAO,2019-09-13,2019-09-14,13.9154,13.9451,0.2134,DIGER,3,-0.0923,1.18,2019
THYAO,2019-10-10,2019-10-11,14.054,14.0639,0.0704,DIGER,8,-0.1152,0.85,2019
THYAO,2021-02-28,2021-03-02,13.0148,12.995,-0.1521,DIGER,4,0.0134,1.32,2021
THYAO,2021-04-07,2021-04-08,13.7967,13.8065,0.0717,DIGER,6,-0.0704,1.02,2021
THYAO,2021-05-27,2021-05-28,12.2032,12.2626,0.4866,HEDEF,4,-0.0819,1.3,2021
THYAO,2021-09-10,2021-09-11,17.9832,17.9832,0.0,DIGER,3,-0.013,1.33,2021
THYAO,2021-10-03,2021-10-06,20.6257,20.5564,-0.3359,DIGER,3,-0.5576,0.72,2021
THYAO,2022-04-22,2022-04-25,48.1596,48.5258,0.7604,HEDEF,3,-0.5669,1.02,2022
THYAO,2022-12-04,2022-12-07,139.3917,136.1652,-2.3147,STOP,4,-3.317,1.06,2022
THYAO,2022-12-28,2022-12-29,140.0746,140.3715,0.212,DIGER,4,-0.2555,2.05,2022
THYAO,2023-02-07,2023-02-08,125.1299,125.1299,0.0,DIGER,6,-1.5491,1.67,2023
THYAO,2023-03-15,2023-03-16,129.7222,128.9403,-0.6027,DIGER,7,-0.6598,0.92,2023
THYAO,2023-07-09,2023-07-10,250.0618,250.0618,0.0,DIGER,3,-3.2526,1.08,2023
THYAO,2023-10-31,2023-11-01,246.3999,246.8849,0.1968,DIGER,4,-2.2425,1.12,2023
THYAO,2023-11-20,2023-11-21,230.9207,230.4259,-0.2143,DIGER,10,-2.4186,1.19,2023
THYAO,2024-02-09,2024-02-10,271.796,271.5486,-0.091,DIGER,4,-0.7795,1.23,2024
THYAO,2024-03-12,2024-03-15,295.4799,300.8541,1.8188,HEDEF,3,0.3296,1.19,2024
THYAO,2024-04-11,2024-04-14,315.9968,314.532,-0.4635,DIGER,5,-1.7263,1.35,2024
THYAO,2024-05-24,2024-05-29,301.5865,302.8138,0.4069,DIGER,3,-1.4263,1.42,2024
THYAO,2024-07-06,2024-07-07,291.0856,291.0856,0.0,DIGER,3,-4.8445,1.57,2024
THYAO,2024-07-26,2024-07-27,290.8481,290.8481,0.0,DIGER,3,-0.6909,0.9,2024
THYAO,2024-08-13,2024-08-16,285.4739,284.9791,-0.1733,DIGER,6,-2.9756,0.89,2024
THYAO,2024-10-28,2024-10-29,289.3734,289.1359,-0.0821,DIGER,4,1.8285,2.41,2024
THYAO,2025-02-03,2025-02-04,308.4254,305.7433,-0.8696,DIGER,5,-1.6641,1.78,2025
THYAO,2025-03-19,2025-03-20,302.8138,306.7132,1.2877,HEDEF,3,-1.8858,2.16,2025
THYAO,2025-05-18,2025-05-19,277.1702,276.6753,-0.1785,DIGER,12,-2.3463,0.95,2025
THYAO,2025-06-08,2025-06-09,271.6773,272.667,0.3643,DIGER,8,-2.352,2.83,2025
THYAO,2025-07-22,2025-07-23,291.4716,293.2036,0.5942,HEDEF,5,0.423,1.63,2025
THYAO,2025-09-10,2025-09-11,326.0,323.0,-0.9202,DIGER,3,-0.5285,1.09,2025
THYAO,2026-03-09,2026-03-10,297.0,296.0,-0.3367,DIGER,14,-6.2555,1.34,2026
TKFEN,2015-02-28,2015-03-01,2.8068,2.8068,0.0,DIGER,10,-0.0091,2.71,2015
TKFEN,2015-08-03,2015-08-04,2.6575,2.6575,0.0,DIGER,3,-0.0131,0.57,2015
TKFEN,2015-11-01,2015-11-02,4.1206,4.1405,0.4831,HEDEF,3,-0.0343,1.84,2015
TKFEN,2016-01-13,2016-01-14,5.7329,5.7429,0.1736,DIGER,5,0.0361,3.51,2016
TKFEN,2016-02-23,2016-02-24,5.5538,5.5438,-0.1792,DIGER,5,-0.0156,22.06,2016
TKFEN,2016-07-18,2016-07-19,4.658,4.658,0.0,DIGER,4,-0.0121,2.57,2016
TKFEN,2016-10-11,2016-10-12,6.3102,6.3102,0.0,DIGER,5,-0.0662,1.13,2016
TKFEN,2016-12-08,2016-12-09,7.2657,7.3055,0.5479,HEDEF,3,-0.0097,1.38,2016
TKFEN,2017-01-20,2017-01-21,6.6387,6.6486,0.1499,DIGER,3,-0.0216,2.53,2017
TKFEN,2017-11-03,2017-11-04,12.9588,12.9887,0.2304,DIGER,5,-0.0922,0.58,2017
TKFEN,2018-01-05,2018-01-08,12.0332,12.0531,0.1654,DIGER,3,-0.0121,0.87,2018
TKFEN,2019-07-07,2019-07-08,14.2826,14.2925,0.0697,DIGER,4,-0.16,1.65,2019
TKFEN,2019-08-26,2019-08-27,15.2082,15.2679,0.3927,DIGER,3,-0.0048,1.38,2019
TKFEN,2019-09-13,2019-09-14,15.8452,15.8651,0.1256,DIGER,4,0.0171,1.3,2019
TKFEN,2020-05-21,2020-05-24,12.7697,12.8693,0.7794,HEDEF,5,-0.0671,1.14,2020
TKFEN,2020-06-19,2020-06-20,12.9986,12.9787,-0.1531,DIGER,3,-0.0472,0.89,2020
TKFEN,2020-10-26,2020-10-27,16.2135,16.2433,0.1842,DIGER,4,-0.0128,0.65,2020
TKFEN,2020-11-08,2020-11-09,15.9049,16.0343,0.8135,HEDEF,7,-0.0851,1.31,2020
TKFEN,2021-01-10,2021-01-11,13.5262,13.566,0.2943,DIGER,3,-0.0829,0.65,2021
TKFEN,2021-03-08,2021-03-09,13.6755,13.6257,-0.3639,DIGER,3,-0.0609,1.19,2021
TKFEN,2021-03-19,2021-03-22,13.4664,13.4067,-0.4435,DIGER,5,-0.0736,0.89,2021
TKFEN,2021-07-25,2021-07-26,12.3716,12.3318,-0.3218,DIGER,3,-0.0164,1.29,2021
TKFEN,2022-05-04,2022-05-05,20.344,20.4435,0.4892,HEDEF,4,0.0444,1.27,2022
TKFEN,2022-07-29,2022-07-30,28.5154,28.6249,0.3839,DIGER,3,-0.4134,1.03,2022
TKFEN,2022-08-26,2022-08-28,29.9586,30.1776,0.7309,HEDEF,3,-0.0353,1.6,2022
TKFEN,2023-04-30,2023-05-01,36.0698,36.6271,1.5453,HEDEF,3,0.2139,1.66,2023
TKFEN,2024-05-09,2024-05-10,52.9998,52.9998,0.0,DIGER,11,-0.4366,1.81,2024
TKFEN,2024-06-21,2024-06-22,57.8768,57.5782,-0.5159,DIGER,5,0.092,1.66,2024
TKFEN,2024-08-13,2024-08-16,53.8458,53.8458,0.0,DIGER,3,-0.4647,0.54,2024
TKFEN,2024-11-01,2024-11-06,81.6148,81.6148,0.0,DIGER,4,0.295,1.6,2024
TKFEN,2025-10-13,2025-10-14,81.2167,81.6148,0.4902,HEDEF,7,-0.9258,0.84,2025
TKFEN,2025-12-27,2025-12-30,72.85,72.95,0.1373,DIGER,3,0.0233,0.67,2025
TKFEN,2026-01-16,2026-01-17,71.85,72.0,0.2088,DIGER,8,-0.393,1.77,2026
TOASO,2015-01-11,2015-01-15,8.433,8.4492,0.1919,DIGER,6,-0.0609,1.46,2015
TOASO,2015-02-07,2015-02-08,8.2954,8.3116,0.1951,DIGER,4,-0.134,2.2,2015
TOASO,2015-03-15,2015-03-18,8.3358,8.3358,0.0,DIGER,3,-0.028,1.29,2015
TOASO,2015-05-21,2015-05-22,9.307,9.307,0.0,DIGER,5,-0.0075,0.77,2015
TOASO,2015-07-10,2015-07-11,8.9266,8.87,-0.6346,DIGER,3,-0.0587,1.17,2015
TOASO,2015-10-06,2015-10-07,10.699,10.3915,-2.8744,STOP,3,-0.0024,0.36,2015
TOASO,2016-02-08,2016-02-09,11.3707,11.4598,0.7829,HEDEF,4,-0.035,1.72,2016
TOASO,2016-07-15,2016-07-18,11.4355,11.395,-0.3539,DIGER,3,-0.0822,0.83,2016
TOASO,2016-10-02,2016-10-03,13.2483,13.1674,-0.6109,DIGER,3,0.0102,1.53,2016
TOASO,2016-11-30,2016-12-01,14.4704,14.4056,-0.4474,DIGER,3,-0.0612,0.97,2016
TOASO,2017-01-21,2017-01-22,14.4785,14.4542,-0.1677,DIGER,4,-0.0595,0.87,2017
TOASO,2017-01-27,2017-01-28,14.4542,14.4542,0.0,DIGER,3,-0.0452,0.95,2017
TOASO,2017-02-22,2017-02-25,15.4737,15.5579,0.5441,HEDEF,3,0.0346,1.19,2017
TOASO,2017-04-20,2017-04-25,15.2305,15.1556,-0.4914,DIGER,5,-0.1358,0.91,2017
TOASO,2017-07-23,2017-07-24,15.8573,15.8573,0.0,DIGER,7,-0.0421,1.02,2017
TOASO,2017-08-14,2017-08-15,16.2783,16.4092,0.8046,HEDEF,4,-0.0097,0.95,2017
TOASO,2017-08-26,2017-08-27,15.9976,16.007,0.0585,DIGER,4,-0.0871,0.69,2017
TOASO,2018-01-11,2018-01-12,12.77,12.7139,-0.4396,DIGER,3,-0.0901,1.29,2018
TOASO,2018-01-24,2018-01-25,12.6765,12.7045,0.2214,DIGER,5,-0.044,1.37,2018
TOASO,2018-03-04,2018-03-07,11.6754,11.6754,0.0,DIGER,3,-0.0546,1.65,2018
TOASO,2018-03-19,2018-03-22,11.5164,11.2357,-2.437,STOP,6,-0.0761,2.62,2018
TOASO,2018-04-22,2018-04-23,11.8158,11.8158,0.0,DIGER,3,-0.0583,1.71,2018
TOASO,2018-05-04,2018-05-05,11.7877,11.928,1.1905,HEDEF,3,-0.0235,1.49,2018
TOASO,2018-08-23,2018-08-24,8.5695,8.5508,-0.2183,DIGER,3,-0.1299,1.39,2018
TOASO,2018-11-03,2018-11-06,11.0019,11.0019,0.0,DIGER,5,-0.0404,5.63,2018
TOASO,2018-12-20,2018-12-24,10.216,10.2347,0.1831,DIGER,10,-0.1647,1.66,2018
TOASO,2019-11-10,2019-11-11,15.7169,15.7169,0.0,DIGER,3,0.0328,0.96,2019
TOASO,2020-01-23,2020-01-24,13.1817,13.1817,0.0,DIGER,5,-0.1575,1.18,2020
TOASO,2020-10-25,2020-10-26,24.6981,24.8571,0.6439,HEDEF,3,-0.1022,2.39,2020
TOASO,2020-11-04,2020-11-05,24.5203,24.4922,-0.1145,DIGER,4,-0.1181,1.26,2020
TOASO,2020-11-10,2020-11-11,24.4922,24.5671,0.3056,DIGER,3,-0.1145,3.06,2020
TOASO,2020-11-26,2020-11-27,24.1648,24.1648,0.0,DIGER,4,-0.3173,0.43,2020
TOASO,2020-12-19,2020-12-20,24.5577,24.5671,0.0381,DIGER,4,-0.4789,0.3,2020
TOASO,2020-12-25,2020-12-26,24.539,24.5577,0.0763,DIGER,3,-0.2705,2.04,2020
TOASO,2021-02-07,2021-02-08,21.5266,21.1992,-1.5211,STOP,6,-0.2367,1.01,2021
TOASO,2021-03-23,2021-03-24,22.3218,22.247,-0.3353,DIGER,4,-0.1067,2.04,2021
TOASO,2021-04-18,2021-04-21,22.1908,22.1441,-0.2108,DIGER,3,-0.0446,5.0,2021
TOASO,2021-12-28,2021-12-29,55.6548,56.2349,1.0422,HEDEF,9,-0.4959,2.75,2021
TOASO,2022-02-21,2022-02-22,63.5601,63.1671,-0.6182,DIGER,6,-0.6247,0.77,2022
TOASO,2023-01-24,2023-01-25,149.3203,148.9087,-0.2757,DIGER,3,0.019,0.93,2023
TOASO,2023-03-18,2023-03-19,157.3285,160.4064,1.9564,HEDEF,10,-3.4116,1.77,2023
TOASO,2023-04-30,2023-05-01,180.5578,183.7105,1.7461,HEDEF,3,0.0545,2.08,2023
TOASO,2023-08-07,2023-08-08,237.1294,239.9547,1.1915,HEDEF,3,-0.0163,1.38,2023
TOASO,2023-10-05,2023-10-06,205.1623,206.1727,0.4925,HEDEF,6,-1.9569,1.23,2023
TOASO,2023-10-14,2023-10-15,202.7299,201.9253,-0.3969,DIGER,5,-1.1535,1.68,2023
TOASO,2023-11-20,2023-11-21,177.3957,177.2366,-0.0897,DIGER,10,-1.2341,1.52,2023
TOASO,2024-02-18,2024-02-19,220.7389,221.347,0.2755,DIGER,3,-0.9648,0.79,2024
TOASO,2024-07-28,2024-08-02,212.9553,212.871,-0.0395,DIGER,4,-2.3797,1.22,2024
TOASO,2024-08-26,2024-08-27,193.5804,193.6739,0.0483,DIGER,4,-0.5508,0.95,2024
TOASO,2024-11-08,2024-11-09,183.7199,185.4693,0.9522,HEDEF,3,1.0201,4.29,2024
TOASO,2024-12-23,2024-12-26,179.9684,180.2303,0.1456,DIGER,3,-1.4257,0.55,2024
TOASO,2025-02-13,2025-02-14,176.825,178.0505,0.6931,HEDEF,4,-0.9363,1.53,2025
TOASO,2025-06-08,2025-06-09,171.8573,175.8801,2.3408,HEDEF,7,-1.3291,1.47,2025
TOASO,2025-08-28,2025-08-29,221.7212,221.7212,0.0,DIGER,5,-3.6108,3.05,2025
TOASO,2025-10-12,2025-10-13,243.7062,243.2384,-0.1919,DIGER,7,-1.8752,0.76,2025
TOASO,2026-04-08,2026-04-09,271.25,269.75,-0.553,DIGER,7,-4.564,2.22,2026
TSKB,2015-01-18,2015-01-19,0.935,0.935,0.0,DIGER,3,-0.0023,0.68,2015
TSKB,2015-07-13,2015-07-16,0.7632,0.7728,1.25,HEDEF,14,-0.0066,1.45,2015
TSKB,2015-09-18,2015-09-21,0.9063,0.9063,0.0,DIGER,3,-0.0023,0.24,2015
TSKB,2015-10-03,2015-10-06,0.9063,0.9063,0.0,DIGER,3,-0.0035,1.2,2015
TSKB,2015-12-04,2015-12-05,0.8968,0.8968,0.0,DIGER,4,0.0037,2.36,2015
TSKB,2015-12-28,2015-12-31,0.8682,0.8682,0.0,DIGER,4,-0.0015,0.65,2015
TSKB,2016-01-28,2016-02-01,0.8491,0.8682,2.2472,HEDEF,3,-0.0087,0.72,2016
TSKB,2016-03-24,2016-03-25,0.8873,0.9063,2.1505,HEDEF,7,-0.0045,1.3,2016
TSKB,2016-08-31,2016-09-01,0.9636,0.9636,0.0,DIGER,4,-0.0038,1.27,2016
TSKB,2016-10-17,2016-10-18,0.9445,0.9445,0.0,DIGER,9,-0.0022,1.19,2016
TSKB,2016-10-31,2016-11-01,0.9636,0.9636,0.0,DIGER,3,0.0027,2.12,2016
TSKB,2016-11-29,2016-11-30,0.9922,0.9922,0.0,DIGER,7,-0.0031,0.55,2016
TSKB,2016-12-07,2016-12-08,1.0017,1.0017,0.0,DIGER,4,-0.0012,1.99,2016
TSKB,2017-02-25,2017-02-26,1.183,1.183,0.0,DIGER,3,-0.007,1.07,2017
TSKB,2017-04-05,2017-04-06,1.1544,1.1449,-0.8264,DIGER,6,-0.0016,0.69,2017
TSKB,2017-05-06,2017-05-09,1.0876,1.0876,0.0,DIGER,4,-0.0034,1.34,2017
TSKB,2017-06-08,2017-06-09,1.1162,1.1162,0.0,DIGER,3,0.0036,1.18,2017
TSKB,2017-12-31,2018-01-01,1.0208,1.0208,0.0,DIGER,22,-0.0109,0.91,2017
TSKB,2018-05-20,2018-05-21,0.7728,0.7823,1.2346,HEDEF,3,-0.0036,2.84,2018
TSKB,2018-06-27,2018-06-28,0.7155,0.7155,0.0,DIGER,4,-0.0063,1.18,2018
TSKB,2018-10-08,2018-10-09,0.7823,0.7823,0.0,DIGER,3,-0.003,0.43,2018
TSKB,2018-11-03,2018-11-06,0.8109,0.8109,0.0,DIGER,3,-0.0001,0.31,2018
TSKB,2019-04-17,2019-04-18,0.8014,0.8014,0.0,DIGER,3,0.0012,2.0,2019
TSKB,2019-05-01,2019-05-02,0.7919,0.8014,1.2048,HEDEF,3,0.0005,1.21,2019
TSKB,2019-09-13,2019-09-14,1.1353,1.1449,0.8403,HEDEF,3,0.0055,1.41,2019
TSKB,2020-03-28,2020-03-30,1.1926,1.2021,0.8,HEDEF,3,-0.0111,1.5,2020
TSKB,2020-06-09,2020-06-10,1.0208,1.0017,-1.8692,STOP,7,-0.0091,1.55,2020
TSKB,2020-11-15,2020-11-16,1.6696,1.6887,1.1429,HEDEF,10,-0.0142,1.89,2020
TSKB,2021-01-25,2021-01-26,1.2212,1.2212,0.0,DIGER,8,-0.0204,1.06,2021
TSKB,2021-02-04,2021-02-07,1.2307,1.2403,0.7752,HEDEF,3,-0.0025,6.4,2021
TSKB,2021-07-26,2021-07-27,1.1639,1.1639,0.0,DIGER,4,0.0007,0.78,2021
TSKB,2021-11-13,2021-11-14,1.4883,1.4978,0.641,HEDEF,6,-0.0015,0.88,2021
TSKB,2022-02-25,2022-02-26,1.8031,1.8127,0.5291,HEDEF,3,-0.0014,0.7,2022
TSKB,2022-03-08,2022-03-11,1.8413,1.8413,0.0,DIGER,6,-0.0027,2.0,2022
TSKB,2022-04-06,2022-04-09,2.1752,2.1943,0.8772,HEDEF,3,-0.0174,0.85,2022
TSKB,2022-11-01,2022-11-02,4.36,4.4649,2.407,HEDEF,4,-0.026,1.09,2022
TSKB,2022-11-15,2022-11-16,3.9402,3.9402,0.0,DIGER,9,-0.0894,0.82,2022
TSKB,2023-02-22,2023-02-23,4.131,4.0928,-0.9238,DIGER,3,0.0044,0.97,2023
TSKB,2023-03-15,2023-03-16,4.0165,4.007,-0.2375,DIGER,10,-0.0212,2.63,2023
TSKB,2023-05-01,2023-05-04,4.2169,4.3504,3.1674,HEDEF,4,0.0054,1.29,2023
TSKB,2023-10-01,2023-10-02,6.6115,6.6306,0.2886,DIGER,6,-0.0365,0.94,2023
TSKB,2023-10-22,2023-10-23,7.0981,7.0981,0.0,DIGER,4,0.0189,1.12,2023
TSKB,2024-01-28,2024-01-29,7.9472,7.9567,0.1201,DIGER,4,-0.06,1.24,2024
TSKB,2024-05-08,2024-05-09,10.628,10.7902,1.526,HEDEF,3,-0.0371,0.67,2024
TSKB,2024-05-31,2024-06-01,11.1242,11.1242,0.0,DIGER,3,-0.1353,1.0,2024
TSKB,2024-08-26,2024-08-27,11.4771,11.563,0.7481,HEDEF,3,-0.0029,1.14,2024
TSKB,2024-11-29,2024-11-30,11.8683,11.8874,0.1608,DIGER,4,-0.1329,0.97,2024
TSKB,2025-04-05,2025-04-06,10.3037,10.4277,1.2037,HEDEF,5,-0.1043,1.16,2025
TSKB,2025-06-08,2025-06-09,10.7139,10.7139,0.0,DIGER,7,-0.0498,1.64,2025
TSKB,2025-09-21,2025-09-22,13.1849,13.1467,-0.2894,DIGER,4,-0.0472,1.13,2025
TSKB,2025-11-10,2025-11-11,11.7347,11.7824,0.4065,DIGER,8,-0.0753,1.05,2025
TSKB,2025-12-27,2025-12-30,12.2499,12.3644,0.9346,HEDEF,8,-0.0819,1.51,2025
TSKB,2026-05-08,2026-05-09,11.95,12.16,1.7573,HEDEF,5,-0.0928,1.95,2026
TTKOM,2015-03-01,2015-03-02,4.55,4.6,1.0989,HEDEF,3,-0.0281,1.02,2015
TTKOM,2015-04-16,2015-04-20,4.85,5.2,7.2165,HEDEF,6,-0.0469,1.65,2015
TTKOM,2015-05-07,2015-05-08,4.8,4.79,-0.2083,DIGER,4,-0.0255,1.05,2015
TTKOM,2015-07-03,2015-07-04,4.13,4.13,0.0,DIGER,7,-0.0474,1.23,2015
TTKOM,2015-10-23,2015-10-24,5.17,5.16,-0.1934,DIGER,5,-0.0172,0.72,2015
TTKOM,2015-12-18,2015-12-19,4.86,4.87,0.2058,DIGER,6,-0.0108,0.84,2015
TTKOM,2016-05-14,2016-05-15,4.68,4.57,-2.3504,STOP,6,-0.0146,1.51,2016
TTKOM,2016-05-21,2016-05-22,4.51,4.52,0.2217,DIGER,3,-0.0603,1.33,2016
TTKOM,2016-06-04,2016-06-05,4.49,4.5,0.2227,DIGER,4,-0.0133,1.42,2016
TTKOM,2016-07-21,2016-07-22,4.34,4.34,0.0,DIGER,4,0.0027,2.04,2016
TTKOM,2016-10-26,2016-10-27,4.75,4.76,0.2105,DIGER,5,0.0003,0.93,2016
TTKOM,2017-01-28,2017-01-29,4.98,4.97,-0.2008,DIGER,7,-0.0218,0.97,2017
TTKOM,2017-04-19,2017-04-20,5.35,5.35,0.0,DIGER,14,-0.0526,2.32,2017
TTKOM,2017-06-24,2017-06-27,4.56,4.56,0.0,DIGER,19,-0.1053,2.41,2017
TTKOM,2017-09-05,2017-09-06,5.13,5.18,0.9747,HEDEF,6,-0.029,7.64,2017
TTKOM,2017-11-19,2017-11-20,5.09,5.09,0.0,DIGER,9,-0.0487,0.99,2017
TTKOM,2018-02-09,2018-02-10,4.1,4.12,0.4878,HEDEF,3,-0.0231,2.54,2018
TTKOM,2018-05-21,2018-05-22,2.93,2.96,1.0239,HEDEF,3,-0.0148,0.96,2018
TTKOM,2018-05-27,2018-05-28,2.95,2.96,0.339,DIGER,3,-0.0108,1.18,2018
TTKOM,2018-06-14,2018-06-15,2.72,2.72,0.0,DIGER,9,-0.0437,0.98,2018
TTKOM,2018-12-30,2018-12-31,3.46,3.47,0.289,DIGER,12,-0.046,2.98,2018
TTKOM,2019-04-03,2019-04-04,4.35,4.38,0.6897,HEDEF,4,-0.0491,0.96,2019
TTKOM,2019-05-01,2019-05-02,4.38,4.38,0.0,DIGER,4,-0.0018,1.18,2019
TTKOM,2019-05-18,2019-05-19,4.55,4.55,0.0,DIGER,3,-0.0043,2.4,2019
TTKOM,2019-06-18,2019-06-21,4.43,4.44,0.2257,DIGER,4,-0.0214,1.2,2019
TTKOM,2019-08-05,2019-08-06,5.56,5.52,-0.7194,DIGER,3,-0.0044,0.86,2019
TTKOM,2019-09-13,2019-09-14,6.16,6.16,0.0,DIGER,4,0.0309,1.94,2019
TTKOM,2019-10-17,2019-10-18,6.41,6.43,0.312,DIGER,3,-0.0206,1.09,2019
TTKOM,2019-11-10,2019-11-11,6.54,6.42,-1.8349,STOP,3,-0.148,0.59,2019
TTKOM,2019-12-15,2019-12-16,5.32,5.36,0.7519,HEDEF,3,-0.0113,1.0,2019
TTKOM,2019-12-29,2019-12-30,5.53,5.49,-0.7233,DIGER,3,-0.0002,1.35,2019
TTKOM,2020-02-27,2020-02-28,6.17,6.18,0.1621,DIGER,5,0.0082,1.77,2020
TTKOM,2020-05-19,2020-05-20,5.78,5.8,0.346,DIGER,3,-0.0328,1.46,2020
TTKOM,2020-06-10,2020-06-11,5.67,5.75,1.4109,HEDEF,9,-0.0234,2.67,2020
TTKOM,2020-10-27,2020-10-28,6.85,6.94,1.3139,HEDEF,9,-0.0627,1.0,2020
TTKOM,2021-12-16,2021-12-17,7.99,8.12,1.627,HEDEF,10,-0.1057,1.53,2021
TTKOM,2022-07-29,2022-07-30,11.57,11.59,0.1729,DIGER,3,-0.1999,0.93,2022
TTKOM,2022-11-16,2022-11-17,22.36,22.44,0.3578,DIGER,6,-0.3637,1.27,2022
TTKOM,2023-02-07,2023-02-08,17.55,17.64,0.5128,HEDEF,5,-0.2211,1.02,2023
TTKOM,2023-04-02,2023-04-05,14.61,15.4,5.4073,HEDEF,5,-0.1075,1.49,2023
TTKOM,2023-06-06,2023-06-07,21.36,21.5,0.6554,HEDEF,4,-0.2612,1.31,2023
TTKOM,2023-11-07,2023-11-08,25.46,25.48,0.0786,DIGER,3,0.1195,1.01,2023
TTKOM,2023-11-14,2023-11-15,24.56,24.66,0.4072,DIGER,3,-0.1288,0.98,2023
TTKOM,2024-01-28,2024-01-29,31.54,31.5,-0.1268,DIGER,7,-0.3406,0.86,2024
TTKOM,2024-02-11,2024-02-12,30.3,30.28,-0.066,DIGER,8,-0.2773,1.93,2024
TTKOM,2024-05-08,2024-05-09,46.74,47.4,1.4121,HEDEF,3,-0.0241,0.8,2024
TTKOM,2024-06-28,2024-06-30,51.1,51.65,1.0763,HEDEF,5,-0.388,1.11,2024
TTKOM,2024-07-06,2024-07-07,50.6,50.8,0.3953,DIGER,3,-0.3101,0.94,2024
TTKOM,2024-08-13,2024-08-16,49.96,50.15,0.3803,DIGER,3,-0.2199,1.4,2024
TTKOM,2024-10-11,2024-10-14,46.66,46.84,0.3858,DIGER,3,-0.244,1.5,2024
TTKOM,2024-10-24,2024-10-25,46.56,46.62,0.1289,DIGER,7,-0.2102,1.1,2024
TTKOM,2024-11-07,2024-11-08,46.18,46.28,0.2165,DIGER,3,-0.0554,1.25,2024
TTKOM,2024-11-17,2024-11-20,46.94,46.8,-0.2983,DIGER,3,-0.0904,1.17,2024
TTKOM,2024-11-30,2024-12-01,45.64,45.62,-0.0438,DIGER,5,-0.3912,1.22,2024
TTKOM,2024-12-09,2024-12-12,45.58,45.64,0.1316,DIGER,3,-0.3258,3.39,2024
TTKOM,2024-12-22,2024-12-23,45.7,45.62,-0.1751,DIGER,3,-0.2389,0.95,2024
TTKOM,2025-06-08,2025-06-09,56.5,56.45,-0.0885,DIGER,5,-0.7684,1.78,2025
TTKOM,2025-08-07,2025-08-08,56.7,57.15,0.7937,HEDEF,4,-0.1932,0.88,2025
TTKOM,2025-09-21,2025-09-22,52.5,52.5,0.0,DIGER,4,-0.4329,0.92,2025
TTKOM,2025-10-27,2025-10-28,55.0,55.85,1.5455,HEDEF,3,0.2181,5.26,2025
TTKOM,2025-12-23,2025-12-24,57.15,57.25,0.175,DIGER,5,-0.1034,1.75,2025
TTKOM,2026-05-07,2026-05-08,62.65,63.1,0.7183,HEDEF,4,-0.5157,1.16,2026
TTRAK,2015-01-08,2015-01-09,19.1019,19.0656,-0.1899,DIGER,3,-0.1858,1.75,2015
TTRAK,2015-02-08,2015-02-09,19.8638,19.5826,-1.4155,STOP,10,-0.1393,1.22,2015
TTRAK,2015-04-20,2015-04-21,21.0157,21.1427,0.6042,HEDEF,4,-0.0388,1.61,2015
TTRAK,2015-05-21,2015-05-22,20.8706,20.9976,0.6084,HEDEF,5,-0.0868,0.57,2015
TTRAK,2015-07-03,2015-07-04,19.5463,19.628,0.4176,DIGER,6,-0.0439,0.98,2015
TTRAK,2015-07-13,2015-07-16,19.6461,19.6733,0.1385,DIGER,3,-0.0521,1.09,2015
TTRAK,2015-08-04,2015-08-07,20.1087,20.3899,1.3983,HEDEF,3,-0.0838,2.39,2015
TTRAK,2015-11-13,2015-11-14,24.4442,24.3082,-0.5566,DIGER,5,-0.119,1.42,2015
TTRAK,2015-12-13,2015-12-14,25.2424,25.0973,-0.5749,DIGER,3,0.0048,1.0,2015
TTRAK,2016-01-24,2016-01-25,25.4329,25.578,0.5706,HEDEF,5,-0.4244,0.71,2016
TTRAK,2016-03-24,2016-03-25,25.1245,25.4329,1.2274,HEDEF,10,-0.184,1.35,2016
TTRAK,2016-06-13,2016-06-14,22.4034,22.4488,0.2024,DIGER,11,-0.1875,1.32,2016
TTRAK,2016-07-15,2016-07-18,22.1948,22.0679,-0.5721,DIGER,3,-0.0278,2.5,2016
TTRAK,2016-11-30,2016-12-01,25.5508,25.6415,0.355,DIGER,3,-0.0379,2.08,2016
TTRAK,2017-01-08,2017-01-13,25.5327,25.4057,-0.4973,DIGER,4,-0.084,0.84,2017
TTRAK,2017-02-21,2017-02-22,26.81,26.91,0.373,DIGER,3,-0.0032,1.85,2017
TTRAK,2017-03-11,2017-03-12,26.9,26.92,0.0744,DIGER,4,-0.0023,1.32,2017
TTRAK,2017-05-05,2017-05-06,25.19,25.69,1.9849,HEDEF,5,-0.1826,4.4,2017
TTRAK,2017-11-07,2017-11-10,25.07,25.14,0.2792,DIGER,6,-0.0177,1.91,2017
TTRAK,2018-02-02,2018-02-07,18.0,18.0,0.0,DIGER,4,-0.0548,2.96,2018
TTRAK,2018-04-24,2018-04-27,16.07,16.07,0.0,DIGER,4,-0.0963,2.52,2018
TTRAK,2018-07-22,2018-07-25,12.85,12.86,0.0778,DIGER,3,0.0152,2.73,2018
TTRAK,2018-09-28,2018-09-29,12.68,12.7,0.1577,DIGER,5,-0.0463,2.04,2018
TTRAK,2018-10-25,2018-10-26,12.46,12.47,0.0803,DIGER,3,0.0302,2.65,2018
TTRAK,2019-03-15,2019-03-18,10.84,10.84,0.0,DIGER,7,-0.0186,1.95,2019
TTRAK,2019-03-22,2019-03-25,10.75,10.77,0.1861,DIGER,4,-0.032,1.0,2019
TTRAK,2019-05-02,2019-05-03,12.76,12.83,0.5486,HEDEF,5,-0.0518,2.82,2019
TTRAK,2019-06-18,2019-06-21,14.11,14.21,0.7087,HEDEF,7,-0.2015,1.29,2019
TTRAK,2020-04-26,2020-04-27,37.96,37.96,0.0,DIGER,3,0.1358,0.99,2020
TTRAK,2020-06-16,2020-06-19,36.25,36.62,1.0207,HEDEF,7,-0.0748,2.98,2020
TTRAK,2020-07-23,2020-07-24,42.45,42.89,1.0365,HEDEF,3,-0.0923,2.49,2020
TTRAK,2020-10-27,2020-10-28,66.2,66.45,0.3776,DIGER,5,-0.2902,1.51,2020
TTRAK,2021-01-10,2021-01-11,82.81,82.42,-0.471,DIGER,5,-0.6689,1.08,2021
TTRAK,2021-01-22,2021-01-23,84.67,84.75,0.0945,DIGER,3,-0.4024,1.09,2021
TTRAK,2021-04-03,2021-04-04,69.86,70.17,0.4437,DIGER,4,-0.1541,1.47,2021
TTRAK,2021-07-05,2021-07-08,63.06,62.9,-0.2537,DIGER,14,-0.1709,2.98,2021
TTRAK,2021-07-18,2021-07-19,61.54,61.42,-0.195,DIGER,3,-0.1918,1.1,2021
TTRAK,2021-11-19,2021-11-20,86.15,86.46,0.3598,DIGER,3,-0.6282,1.27,2021
TTRAK,2022-04-10,2022-04-11,98.99,98.57,-0.4243,DIGER,7,-0.5923,1.15,2022
TTRAK,2022-06-07,2022-06-08,99.67,100.01,0.3411,DIGER,3,-0.045,1.32,2022
TTRAK,2022-07-16,2022-07-17,106.24,106.41,0.16,DIGER,3,-0.1165,0.77,2022
TTRAK,2022-12-25,2022-12-28,237.53,240.76,1.3598,HEDEF,3,0.2061,1.08,2022
TTRAK,2023-02-22,2023-02-23,243.13,243.13,0.0,DIGER,3,-0.1858,0.61,2023
TTRAK,2023-03-16,2023-03-17,245.53,245.8,0.11,DIGER,5,-2.144,1.15,2023
TTRAK,2023-04-30,2023-05-01,319.73,324.4,1.4606,HEDEF,4,1.1371,2.38,2023
TTRAK,2023-08-17,2023-08-18,775.34,782.39,0.9093,HEDEF,6,-6.714,1.91,2023
TTRAK,2023-11-01,2023-11-04,628.85,649.66,3.3092,HEDEF,3,-0.9537,1.6,2023
TTRAK,2024-05-09,2024-05-10,864.85,873.92,1.0487,HEDEF,8,-10.8969,0.78,2024
TTRAK,2024-08-13,2024-08-16,673.01,673.01,0.0,DIGER,5,-0.5655,1.59,2024
TTRAK,2025-01-14,2025-01-17,646.69,646.69,0.0,DIGER,5,-3.2962,1.35,2025
TTRAK,2025-02-03,2025-02-04,624.58,624.58,0.0,DIGER,12,-4.0453,1.34,2025
TTRAK,2025-04-25,2025-04-26,620.0,624.0,0.6452,HEDEF,12,-7.5905,1.47,2025
TTRAK,2025-06-14,2025-06-17,581.5,583.0,0.258,DIGER,3,-1.9437,1.93,2025
TTRAK,2025-07-19,2025-07-22,594.5,596.0,0.2523,DIGER,4,-1.7813,0.91,2025
TTRAK,2025-10-25,2025-10-26,572.0,572.0,0.0,DIGER,3,0.382,2.03,2025
TTRAK,2025-12-08,2025-12-09,527.0,527.0,0.0,DIGER,3,-0.2269,1.08,2025
TTRAK,2025-12-17,2025-12-18,524.5,524.5,0.0,DIGER,3,-1.2459,0.95,2025
TUPRS,2015-01-10,2015-01-11,4.6118,4.6118,0.0,DIGER,6,-0.0091,1.47,2015
TUPRS,2015-02-24,2015-02-27,4.6904,4.7166,0.5587,HEDEF,5,-0.0264,0.91,2015
TUPRS,2015-04-01,2015-04-02,4.8826,4.9001,0.3578,DIGER,4,-0.0378,0.63,2015
TUPRS,2015-06-04,2015-06-05,4.6817,4.6468,-0.7463,DIGER,3,-0.0563,1.24,2015
TUPRS,2015-06-27,2015-06-28,4.804,4.7865,-0.3636,DIGER,4,-0.0054,3.3,2015
TUPRS,2015-08-07,2015-08-08,4.7254,4.7516,0.5545,HEDEF,9,-0.0395,1.24,2015
TUPRS,2015-10-03,2015-10-06,5.2145,5.2232,0.1675,DIGER,3,0.0036,0.75,2015
TUPRS,2015-12-04,2015-12-05,4.7865,4.804,0.365,DIGER,3,-0.0062,0.61,2015
TUPRS,2016-01-24,2016-01-25,4.4895,4.5419,1.1673,HEDEF,3,-0.0458,0.55,2016
TUPRS,2016-04-01,2016-04-02,4.1052,4.0965,-0.2128,DIGER,3,-0.0164,0.84,2016
TUPRS,2016-07-14,2016-07-15,5.0747,5.0485,-0.5164,DIGER,3,-0.0189,1.98,2016
TUPRS,2016-10-10,2016-10-11,6.4199,6.4635,0.6803,HEDEF,3,-0.0031,0.77,2016
TUPRS,2017-04-17,2017-04-18,9.3328,9.3328,0.0,DIGER,4,-0.0214,1.18,2017
TUPRS,2017-10-12,2017-10-13,8.88,8.88,0.0,DIGER,4,-0.0344,0.95,2017
TUPRS,2017-12-14,2017-12-17,9.0833,9.0371,-0.5087,DIGER,14,-0.1113,1.71,2017
TUPRS,2018-02-08,2018-02-09,9.5638,9.5823,0.1932,DIGER,4,-0.063,0.76,2018
TUPRS,2018-02-25,2018-02-28,8.9909,9.0833,1.0278,HEDEF,10,-0.1044,1.24,2018
TUPRS,2018-03-19,2018-03-22,9.5823,9.5453,-0.3857,DIGER,5,0.0063,4.27,2018
TUPRS,2018-07-12,2018-07-13,10.8852,10.839,-0.4244,DIGER,4,-0.0181,1.56,2018
TUPRS,2018-07-29,2018-08-01,10.7004,10.7004,0.0,DIGER,4,-0.0993,0.89,2018
TUPRS,2018-08-24,2018-08-25,10.2014,10.2476,0.4529,HEDEF,5,-0.0637,2.6,2018
TUPRS,2018-11-21,2018-11-22,12.761,12.761,0.0,DIGER,3,-0.1848,0.54,2018
TUPRS,2018-12-06,2018-12-07,12.7702,12.8349,0.5065,HEDEF,4,-0.0571,1.99,2018
TUPRS,2019-07-21,2019-07-22,12.3359,12.3267,-0.0749,DIGER,5,-0.0395,2.13,2019
TUPRS,2019-09-13,2019-09-14,12.1049,12.1142,0.0763,DIGER,4,-0.0939,1.99,2019
TUPRS,2020-01-06,2020-01-07,8.3441,8.3811,0.443,DIGER,5,-0.0137,0.97,2020
TUPRS,2020-02-06,2020-02-07,8.1223,8.1778,0.6826,HEDEF,14,-0.0878,2.64,2020
TUPRS,2020-03-21,2020-03-22,8.5936,8.6121,0.215,DIGER,4,-0.029,2.61,2020
TUPRS,2020-03-27,2020-03-28,8.5104,8.5012,-0.1086,DIGER,3,-0.0503,0.57,2020
TUPRS,2020-04-06,2020-04-07,8.4919,8.455,-0.4353,DIGER,4,-0.0041,2.35,2020
TUPRS,2020-05-26,2020-05-27,8.2055,8.1593,-0.5631,DIGER,7,0.0136,5.75,2020
TUPRS,2020-10-12,2020-10-13,10.5248,10.5987,0.7024,HEDEF,3,-0.0105,1.49,2020
TUPRS,2021-03-02,2021-03-03,9.5361,9.5453,0.0969,DIGER,3,-0.001,0.79,2021
TUPRS,2021-11-19,2021-11-20,16.5958,16.6882,0.5568,HEDEF,4,-0.1575,1.68,2021
TUPRS,2021-12-10,2021-12-15,18.6656,18.7488,0.4455,DIGER,4,-0.1892,2.1,2021
TUPRS,2022-04-22,2022-04-25,25.9748,26.1226,0.5692,HEDEF,3,-0.0868,1.12,2022
TUPRS,2022-07-29,2022-07-30,30.8168,31.6392,2.6687,HEDEF,6,-0.3544,1.53,2022
TUPRS,2022-11-11,2022-11-12,49.7411,49.7226,-0.0372,DIGER,3,-0.4578,1.36,2022
TUPRS,2023-01-18,2023-01-19,59.9148,60.3306,0.694,HEDEF,3,-0.2933,1.0,2023
TUPRS,2023-03-18,2023-03-19,52.1344,52.31,0.3368,DIGER,5,-0.4814,2.54,2023
TUPRS,2023-10-31,2023-11-01,115.9209,115.847,-0.0638,DIGER,4,-1.2994,0.97,2023
TUPRS,2024-01-22,2024-01-25,125.9375,127.3883,1.152,HEDEF,4,0.1087,1.03,2024
TUPRS,2024-02-08,2024-02-09,126.2425,126.0115,-0.183,DIGER,4,-0.2533,1.37,2024
TUPRS,2024-04-11,2024-04-14,153.5756,153.6495,0.0481,DIGER,7,-1.7101,2.57,2024
TUPRS,2024-05-31,2024-06-01,136.6841,137.0076,0.2366,DIGER,3,-1.1592,1.11,2024
TUPRS,2024-07-06,2024-07-07,132.2949,132.2949,0.0,DIGER,3,-1.4464,0.89,2024
TUPRS,2024-08-13,2024-08-16,132.0547,132.2118,0.119,DIGER,7,-1.3797,1.2,2024
TUPRS,2024-09-05,2024-09-08,134.9469,135.5568,0.4519,HEDEF,4,-0.7892,0.73,2024
TUPRS,2025-04-21,2025-04-22,119.4785,120.957,1.2374,HEDEF,5,-0.9462,2.25,2025
TUPRS,2025-06-14,2025-06-17,129.3657,130.105,0.5714,HEDEF,3,0.1485,1.2,2025
TUPRS,2025-11-24,2025-11-25,191.2266,191.1305,-0.0503,DIGER,5,-0.2431,0.89,2025
TUPRS,2026-03-01,2026-03-02,216.0188,221.4962,2.5356,HEDEF,4,-0.7227,1.99,2026
TUPRS,2026-04-22,2026-04-24,263.0,266.0,1.1407,HEDEF,3,-0.0937,1.05,2026
VAKBN,2015-04-16,2015-04-20,4.03,4.36,8.1886,HEDEF,3,-0.0159,0.88,2015
VAKBN,2015-11-20,2015-11-21,4.33,4.35,0.4619,HEDEF,7,-0.099,2.28,2015
VAKBN,2016-02-08,2016-02-09,4.29,4.31,0.4662,HEDEF,4,-0.0134,0.9,2016
VAKBN,2016-02-17,2016-02-18,4.25,4.29,0.9412,HEDEF,3,-0.0058,0.78,2016
VAKBN,2016-07-05,2016-07-06,4.27,4.28,0.2342,DIGER,3,-0.013,1.51,2016
VAKBN,2016-09-27,2016-09-28,5.31,5.34,0.565,HEDEF,6,0.0028,1.03,2016
VAKBN,2016-10-17,2016-10-18,5.29,5.29,0.0,DIGER,3,-0.0171,0.61,2016
VAKBN,2017-02-22,2017-02-25,6.98,7.03,0.7163,HEDEF,3,-0.0133,0.98,2017
VAKBN,2017-05-24,2017-05-26,6.24,6.28,0.641,HEDEF,3,-0.0239,0.95,2017
VAKBN,2017-09-13,2017-09-14,7.01,7.05,0.5706,HEDEF,5,-0.0468,0.76,2017
VAKBN,2017-11-19,2017-11-20,6.33,6.31,-0.316,DIGER,7,-0.0422,1.5,2017
VAKBN,2018-03-16,2018-03-17,4.06,4.09,0.7389,HEDEF,3,-0.0357,2.12,2018
VAKBN,2018-05-20,2018-05-21,3.54,3.56,0.565,HEDEF,3,-0.0463,1.15,2018
VAKBN,2018-06-14,2018-06-15,3.67,3.69,0.545,HEDEF,7,-0.037,1.05,2018
VAKBN,2018-08-03,2018-08-04,3.91,3.85,-1.5345,STOP,3,-0.0178,1.04,2018
VAKBN,2019-06-18,2019-06-21,4.53,4.54,0.2207,DIGER,13,-0.1086,0.38,2019
VAKBN,2019-07-07,2019-07-08,4.47,4.45,-0.4474,DIGER,4,-0.0286,0.97,2019
VAKBN,2019-08-27,2019-08-28,5.16,5.18,0.3876,DIGER,4,0.0032,1.81,2019
VAKBN,2020-01-05,2020-01-06,4.59,4.62,0.6536,HEDEF,3,-0.0157,1.35,2020
VAKBN,2020-02-27,2020-02-28,4.76,4.77,0.2101,DIGER,3,-0.0065,1.7,2020
VAKBN,2020-06-30,2020-07-01,4.13,4.13,0.0,DIGER,3,-0.0003,1.53,2020
VAKBN,2020-07-23,2020-07-24,4.0,4.01,0.25,DIGER,7,-0.0566,1.54,2020
VAKBN,2020-11-02,2020-11-03,4.55,4.55,0.0,DIGER,3,-0.0159,2.45,2020
VAKBN,2021-02-04,2021-02-07,3.44,3.44,0.0,DIGER,3,-0.0083,2.96,2021
VAKBN,2021-03-23,2021-03-24,3.65,3.66,0.274,DIGER,4,-0.0173,0.99,2021
VAKBN,2021-09-12,2021-09-15,3.84,3.85,0.2604,DIGER,5,-0.006,1.02,2021
VAKBN,2021-11-21,2021-11-22,3.84,3.88,1.0417,HEDEF,4,-0.0021,0.73,2021
VAKBN,2022-03-13,2022-03-14,4.18,4.16,-0.4785,DIGER,9,-0.0485,2.82,2022
VAKBN,2023-04-01,2023-04-02,8.68,8.73,0.576,HEDEF,4,-0.0429,1.35,2023
VAKBN,2023-05-01,2023-05-04,9.8,10.1,3.0612,HEDEF,4,-0.089,1.07,2023
VAKBN,2023-07-28,2023-07-31,14.35,13.9,-3.1359,STOP,3,-0.0876,2.03,2023
VAKBN,2023-08-07,2023-08-08,13.9,13.98,0.5755,HEDEF,5,-0.0975,0.98,2023
VAKBN,2023-09-18,2023-09-21,17.2,17.5,1.7442,HEDEF,3,0.0101,1.37,2023
VAKBN,2024-09-29,2024-10-01,21.64,21.5,-0.6469,DIGER,6,-0.2479,0.31,2024
VAKBN,2025-04-05,2025-04-06,21.64,21.84,0.9242,HEDEF,16,-0.4273,0.83,2025
VAKBN,2025-05-18,2025-05-19,23.78,23.8,0.0841,DIGER,5,0.048,1.31,2025
VAKBN,2025-09-10,2025-09-11,28.0,27.8,-0.7143,DIGER,3,-0.0188,2.93,2025
VAKBN,2025-09-21,2025-09-22,26.98,26.84,-0.5189,DIGER,6,-0.4219,1.99,2025
VAKBN,2025-12-10,2025-12-11,29.74,30.1,1.2105,HEDEF,4,-0.0467,0.88,2025
VESTL,2015-01-11,2015-01-15,3.61,3.61,0.0,DIGER,12,-0.0348,2.53,2015
VESTL,2015-01-19,2015-01-22,3.56,3.59,0.8427,HEDEF,4,-0.0209,4.14,2015
VESTL,2015-03-22,2015-03-23,3.25,3.27,0.6154,HEDEF,6,-0.0099,3.26,2015
VESTL,2015-12-18,2015-12-19,5.06,5.06,0.0,DIGER,6,-0.0317,0.76,2015
VESTL,2016-03-09,2016-03-10,5.77,5.77,0.0,DIGER,3,-0.0151,3.25,2016
VESTL,2016-03-25,2016-03-26,5.53,5.51,-0.3617,DIGER,7,-0.0417,1.99,2016
VESTL,2016-04-08,2016-04-09,5.36,5.32,-0.7463,DIGER,6,-0.0375,2.98,2016
VESTL,2016-05-14,2016-05-15,5.15,4.98,-3.301,STOP,10,-0.0715,2.95,2016
VESTL,2016-07-19,2016-07-20,4.95,4.94,-0.202,DIGER,4,-0.0068,1.78,2016
VESTL,2016-08-08,2016-08-09,5.15,5.16,0.1942,DIGER,3,-0.0209,0.68,2016
VESTL,2017-02-28,2017-03-01,5.66,5.66,0.0,DIGER,7,-0.0162,9.02,2017
VESTL,2017-04-25,2017-04-26,6.14,6.16,0.3257,DIGER,13,-0.0535,2.33,2017
VESTL,2017-05-05,2017-05-06,6.02,6.03,0.1661,DIGER,4,-0.0304,1.75,2017
VESTL,2017-10-14,2017-10-15,7.92,7.96,0.5051,HEDEF,8,-0.0677,2.04,2017
VESTL,2018-01-30,2018-01-31,6.72,6.74,0.2976,DIGER,9,-0.053,1.09,2018
VESTL,2018-05-27,2018-05-28,6.34,6.37,0.4732,HEDEF,9,-0.0836,2.98,2018
VESTL,2018-10-05,2018-10-06,5.1,5.1,0.0,DIGER,4,-0.005,2.38,2018
VESTL,2018-12-14,2018-12-15,10.16,10.18,0.1969,DIGER,3,-0.1029,2.77,2018
VESTL,2019-07-29,2019-07-30,8.57,8.64,0.8168,HEDEF,3,-0.0344,2.15,2019
VESTL,2019-09-07,2019-09-10,10.45,10.35,-0.9569,DIGER,4,-0.0697,1.47,2019
VESTL,2019-10-09,2019-10-10,11.18,11.27,0.805,HEDEF,5,-0.0199,2.09,2019
VESTL,2020-06-04,2020-06-07,13.73,13.76,0.2185,DIGER,8,-0.0883,1.82,2020
VESTL,2020-06-16,2020-06-19,13.68,13.78,0.731,HEDEF,7,-0.0335,2.62,2020
VESTL,2020-07-24,2020-07-25,14.09,14.1,0.071,DIGER,5,-0.1756,1.43,2020
VESTL,2021-03-09,2021-03-10,24.83,24.89,0.2416,DIGER,6,-0.0104,1.64,2021
VESTL,2021-05-27,2021-05-28,25.31,25.31,0.0,DIGER,3,-0.0037,3.54,2021
VESTL,2022-04-10,2022-04-11,25.98,25.76,-0.8468,DIGER,7,-0.1377,2.37,2022
VESTL,2022-05-10,2022-05-11,24.02,24.06,0.1665,DIGER,3,-0.2025,1.58,2022
VESTL,2022-05-24,2022-05-25,26.06,26.2,0.5372,HEDEF,3,0.2599,4.28,2022
VESTL,2022-11-25,2022-11-26,69.45,68.7,-1.0799,STOP,3,-0.5747,1.92,2022
VESTL,2022-12-22,2022-12-23,59.7,61.0,2.1776,HEDEF,3,-1.1597,2.05,2022
VESTL,2023-04-02,2023-04-05,40.12,41.9,4.4367,HEDEF,5,-0.4968,1.02,2023
VESTL,2023-04-30,2023-05-01,48.0,49.5,3.125,HEDEF,3,-0.4947,1.82,2023
VESTL,2023-10-05,2023-10-06,61.8,61.75,-0.0809,DIGER,8,-0.2596,1.26,2023
VESTL,2024-02-11,2024-02-12,85.8,86.7,1.0489,HEDEF,4,0.388,6.34,2024
VESTL,2024-02-18,2024-02-19,85.0,85.0,0.0,DIGER,3,0.2037,0.93,2024
VESTL,2024-11-29,2024-11-30,67.95,68.05,0.1472,DIGER,5,-0.4912,0.73,2024
VESTL,2025-02-13,2025-02-14,57.85,58.4,0.9507,HEDEF,13,-0.659,0.98,2025
VESTL,2025-08-02,2025-08-05,39.08,39.14,0.1535,DIGER,3,-0.0461,2.04,2025
VESTL,2025-09-03,2025-09-04,39.0,39.2,0.5128,HEDEF,9,-0.378,1.5,2025
VESTL,2025-10-14,2025-10-17,33.3,33.36,0.1802,DIGER,21,-0.3379,1.6,2025
YKBNK,2015-02-28,2015-03-01,1.83,1.84,0.5464,HEDEF,10,-0.021,2.16,2015
YKBNK,2015-03-22,2015-03-23,1.88,1.88,0.0,DIGER,5,-0.0006,1.91,2015
YKBNK,2015-05-29,2015-05-30,1.88,1.88,0.0,DIGER,4,-0.0136,1.49,2015
YKBNK,2016-02-26,2016-02-29,1.94,1.93,-0.5155,DIGER,3,-0.0076,0.75,2016
YKBNK,2016-07-05,2016-07-06,1.84,1.84,0.0,DIGER,3,-0.0027,1.48,2016
YKBNK,2017-02-22,2017-02-25,2.45,2.47,0.8163,HEDEF,9,-0.0125,0.94,2017
YKBNK,2017-05-05,2017-05-06,2.34,2.35,0.4274,DIGER,4,-0.0106,0.87,2017
YKBNK,2017-06-08,2017-06-09,2.45,2.43,-0.8163,DIGER,5,-0.012,1.02,2017
YKBNK,2017-12-13,2017-12-14,2.23,2.21,-0.8969,DIGER,3,-0.0244,0.81,2017
YKBNK,2017-12-25,2017-12-26,2.17,2.15,-0.9217,DIGER,5,-0.0139,1.63,2017
YKBNK,2018-01-11,2018-01-12,2.2,2.17,-1.3636,STOP,5,-0.0341,2.02,2018
YKBNK,2018-06-14,2018-06-15,1.4,1.42,1.4286,HEDEF,8,-0.0106,0.88,2018
YKBNK,2019-05-26,2019-05-29,2.02,2.03,0.495,HEDEF,8,-0.0156,1.92,2019
YKBNK,2019-08-08,2019-08-09,2.04,2.04,0.0,DIGER,6,-0.0069,1.64,2019
YKBNK,2019-09-13,2019-09-14,2.11,2.12,0.4739,HEDEF,4,0.0047,2.06,2019
YKBNK,2020-03-27,2020-03-28,1.99,1.99,0.0,DIGER,3,-0.0163,2.04,2020
YKBNK,2020-07-22,2020-07-23,1.83,1.85,1.0929,HEDEF,5,-0.0117,0.92,2020
YKBNK,2020-08-30,2020-08-31,2.45,2.45,0.0,DIGER,3,-0.0125,1.32,2020
YKBNK,2020-10-27,2020-10-28,2.52,2.52,0.0,DIGER,10,-0.0338,0.96,2020
YKBNK,2020-11-26,2020-11-27,2.33,2.33,0.0,DIGER,5,-0.0301,0.85,2020
YKBNK,2020-12-13,2020-12-14,2.3,2.29,-0.4348,DIGER,5,-0.007,2.2,2020
YKBNK,2021-02-04,2021-02-07,1.83,1.84,0.5464,HEDEF,3,-0.0026,2.48,2021
YKBNK,2021-04-03,2021-04-04,1.88,1.89,0.5319,HEDEF,3,-0.0101,0.67,2021
YKBNK,2021-07-26,2021-07-27,2.07,2.07,0.0,DIGER,4,-0.0064,1.04,2021
YKBNK,2021-09-10,2021-09-11,2.83,2.84,0.3534,DIGER,3,-0.0261,0.75,2021
YKBNK,2021-10-02,2021-10-03,3.07,3.08,0.3257,DIGER,4,-0.0444,0.78,2021
YKBNK,2021-12-03,2021-12-04,3.48,3.43,-1.4368,STOP,3,-0.0093,0.88,2021
YKBNK,2021-12-23,2021-12-24,3.21,3.23,0.6231,HEDEF,11,-0.0287,1.2,2021
YKBNK,2022-05-09,2022-05-10,3.86,3.85,-0.2591,DIGER,3,-0.0472,1.34,2022
YKBNK,2022-07-29,2022-07-30,6.83,7.1,3.9531,HEDEF,3,0.0236,0.95,2022
YKBNK,2022-10-07,2022-10-10,9.97,9.98,0.1003,DIGER,5,-0.0744,0.93,2022
YKBNK,2023-02-13,2023-02-14,9.56,9.58,0.2092,DIGER,3,-0.0347,1.03,2023
YKBNK,2023-03-15,2023-03-16,9.5,9.44,-0.6316,DIGER,8,-0.1066,1.77,2023
YKBNK,2023-06-04,2023-06-05,12.81,12.05,-5.9329,STOP,5,-0.0915,1.44,2023
YKBNK,2023-08-02,2023-08-03,15.82,15.82,0.0,DIGER,7,-0.057,1.42,2023
YKBNK,2023-09-07,2023-09-08,17.94,18.04,0.5574,HEDEF,4,-0.0961,1.96,2023
YKBNK,2023-12-19,2023-12-21,20.93,20.91,-0.0956,DIGER,4,-0.0575,0.82,2023
YKBNK,2024-02-09,2024-02-10,22.64,22.56,-0.3534,DIGER,4,0.0421,1.37,2024
YKBNK,2024-05-07,2024-05-08,33.18,33.1,-0.2411,DIGER,8,-0.3429,1.38,2024
YKBNK,2024-06-13,2024-06-14,32.56,32.5,-0.1843,DIGER,6,-0.2331,1.04,2024
YKBNK,2024-06-30,2024-07-01,32.0,31.6,-1.25,STOP,8,-0.1621,1.86,2024
YKBNK,2024-11-29,2024-11-30,30.8,30.96,0.5195,HEDEF,7,-0.1567,1.29,2024
YKBNK,2024-12-22,2024-12-23,30.9,30.94,0.1295,DIGER,4,-0.1548,1.48,2024
YKBNK,2025-06-08,2025-06-09,28.06,28.12,0.2138,DIGER,5,0.1096,1.33,2025
YKBNK,2025-08-07,2025-08-08,33.08,33.4,0.9674,HEDEF,6,-0.1815,1.39,2025
YKBNK,2025-08-20,2025-08-21,33.42,33.58,0.4788,HEDEF,3,-0.0816,1.31,2025
YKBNK,2025-11-09,2025-11-10,32.44,32.56,0.3699,DIGER,5,-0.1162,1.24,2025
YKBNK,2025-12-24,2025-12-27,36.22,36.38,0.4417,DIGER,5,-0.0779,0.98,2025
YKBNK,2026-01-13,2026-01-14,37.5,37.54,0.1067,DIGER,3,-0.2034,1.16,2026
YKBNK,2026-05-08,2026-05-09,37.76,37.92,0.4237,DIGER,5,-0.2382,2.64,2026
