{
  "job_id": "s4_hybrid_VIP_X030-T_5dk_20260225_024349",
  "timestamp": "2026-02-25 19:26:04",
  "epoch": 1772036764.972319,
  "phase": "iterative",
  "round": 1,
  "group_idx": 0,
  "current_best": {
    "Yapisal": {
      "ema_fast": 7,
      "ema_slow": 13,
      "breakout_period": 15,
      "adx_period": 27,
      "adx_threshold": 20.0,
      "vol_ma_period": 24
    },
    "Risk": {
      "trailing_stop_pct": 1.5
    }
  },
  "group_results": {
    "Yapisal": [
      {
        "group": "Yapisal_SAT",
        "vade_tipi": "VIOP_ENDEKS",
        "net_profit": 4334.0,
        "trades": 3087,
        "pf": 1.2260470453241537,
        "max_dd": 565.0,
        "sharpe": 0.04753697533916346,
        "fitness": 46.74710556123188,
        "ema_fast": 7,
        "ema_slow": 13,
        "breakout_period": 15,
        "adx_period": 27,
        "adx_threshold": 20.0,
        "vol_ma_period": 24,
        "trailing_stop_pct": 1.5,
        "density_score": 0.887,
        "robust_fitness": 44.099800458473176
      },
      {
        "group": "Yapisal_SAT",
        "vade_tipi": "VIOP_ENDEKS",
        "net_profit": 4334.0,
        "trades": 3087,
        "pf": 1.2260470453241537,
        "max_dd": 565.0,
        "sharpe": 0.04753697533916346,
        "fitness": 46.74710556123188,
        "ema_fast": 9,
        "ema_slow": 13,
        "breakout_period": 15,
        "adx_period": 27,
        "adx_threshold": 20.0,
        "vol_ma_period": 24,
        "trailing_stop_pct": 1.5,
        "density_score": 0.887,
        "robust_fitness": 44.09714461074099
      },
      {
        "group": "Yapisal_SAT",
        "vade_tipi": "VIOP_ENDEKS",
        "net_profit": 4334.0,
        "trades": 3087,
        "pf": 1.2260470453241537,
        "max_dd": 565.0,
        "sharpe": 0.04753697533916346,
        "fitness": 46.74710556123188,
        "ema_fast": 11,
        "ema_slow": 13,
        "breakout_period": 15,
        "adx_period": 27,
        "adx_threshold": 20.0,
        "vol_ma_period": 24,
        "trailing_stop_pct": 1.5,
        "density_score": 0.886,
        "robust_fitness": 44.080793314861964
      },
      {
        "group": "Yapisal_DRONE",
        "vade_tipi": "VIOP_ENDEKS",
        "net_profit": 4671.0,
        "trades": 2933,
        "pf": 1.257468856796384,
        "max_dd": 567.0,
        "sharpe": 0.05306428820125772,
        "fitness": 48.04129826848411,
        "ema_fast": 13,
        "ema_slow": 8,
        "breakout_period": 15,
        "adx_period": 28,
        "adx_threshold": 20.0,
        "vol_ma_period": 27,
        "trailing_stop_pct": 1.5,
        "density_score": 0.798,
        "robust_fitness": 43.200034499866476
      },
      {
        "group": "Yapisal_DRONE",
        "vade_tipi": "VIOP_ENDEKS",
        "net_profit": 4642.0,
        "trades": 2961,
        "pf": 1.2538137678385914,
        "max_dd": 589.0,
        "sharpe": 0.05244585508783087,
        "fitness": 47.90792607474488,
        "ema_fast": 13,
        "ema_slow": 8,
        "breakout_period": 15,
        "adx_period": 28,
        "adx_threshold": 20.0,
        "vol_ma_period": 25,
        "trailing_stop_pct": 1.5,
        "density_score": 0.799,
        "robust_fitness": 43.09118611053986
      },
      {
        "group": "Yapisal_DRONE",
        "vade_tipi": "VIOP_ENDEKS",
        "net_profit": 4669.0,
        "trades": 2881,
        "pf": 1.2567641882974043,
        "max_dd": 551.0,
        "sharpe": 0.05221439289971325,
        "fitness": 47.90414586843932,
        "ema_fast": 15,
        "ema_slow": 8,
        "breakout_period": 15,
        "adx_period": 28,
        "adx_threshold": 20.0,
        "vol_ma_period": 27,
        "trailing_stop_pct": 1.5,
        "density_score": 0.799,
        "robust_fitness": 43.0881000901122
      },
      {
        "group": "Yapisal_DRONE",
        "vade_tipi": "VIOP_ENDEKS",
        "net_profit": 4671.0,
        "trades": 2907,
        "pf": 1.2550229307709106,
        "max_dd": 543.0,
        "sharpe": 0.051959794400691366,
        "fitness": 47.86621556103736,
        "ema_fast": 15,
        "ema_slow": 8,
        "breakout_period": 15,
        "adx_period": 28,
        "adx_threshold": 20.0,
        "vol_ma_period": 25,
        "trailing_stop_pct": 1.5,
        "density_score": 0.799,
        "robust_fitness": 43.05713244757336
      },
      {
        "group": "Yapisal_SAT",
        "vade_tipi": "VIOP_ENDEKS",
        "net_profit": 4340.0,
        "trades": 3087,
        "pf": 1.226430844680962,
        "max_dd": 565.0,
        "sharpe": 0.04760431324458201,
        "fitness": 46.76540974066618,
        "ema_fast": 5,
        "ema_slow": 13,
        "breakout_period": 15,
        "adx_period": 27,
        "adx_threshold": 20.0,
        "vol_ma_period": 24,
        "trailing_stop_pct": 1.5,
        "density_score": 0.787,
        "robust_fitness": 41.77894078902221
      },
      {
        "group": "Yapisal_SAT",
        "vade_tipi": "VIOP_ENDEKS",
        "net_profit": 4340.0,
        "trades": 3087,
        "pf": 1.226430844680962,
        "max_dd": 565.0,
        "sharpe": 0.04760431324458201,
        "fitness": 46.76540974066618,
        "ema_fast": 13,
        "ema_slow": 13,
        "breakout_period": 15,
        "adx_period": 27,
        "adx_threshold": 20.0,
        "vol_ma_period": 24,
        "trailing_stop_pct": 1.5,
        "density_score": 0.786,
        "robust_fitness": 41.75358800768793
      },
      {
        "group": "Yapisal_DRONE",
        "vade_tipi": "VIOP_ENDEKS",
        "net_profit": 4671.0,
        "trades": 2933,
        "pf": 1.257468856796384,
        "max_dd": 567.0,
        "sharpe": 0.05306428820125772,
        "fitness": 48.04129826848411,
        "ema_fast": 13,
        "ema_slow": 10,
        "breakout_period": 15,
        "adx_period": 28,
        "adx_threshold": 20.0,
        "vol_ma_period": 27,
        "trailing_stop_pct": 1.5,
        "density_score": 0.698,
        "robust_fitness": 40.79607413977505
      },
      {
        "group": "Yapisal_DRONE",
        "vade_tipi": "VIOP_ENDEKS",
        "net_profit": 4665.0,
        "trades": 2933,
        "pf": 1.2570531188009697,
        "max_dd": 567.0,
        "sharpe": 0.05299268606511211,
        "fitness": 48.02264131508363,
        "ema_fast": 13,
        "ema_slow": 12,
        "breakout_period": 15,
        "adx_period": 28,
        "adx_threshold": 20.0,
        "vol_ma_period": 27,
        "trailing_stop_pct": 1.5,
        "density_score": 0.698,
        "robust_fitness": 40.77563213324288
      },
      {
        "group": "Yapisal_DRONE",
        "vade_tipi": "VIOP_ENDEKS",
        "net_profit": 4669.0,
        "trades": 2881,
        "pf": 1.2567641882974043,
        "max_dd": 551.0,
        "sharpe": 0.05221439289971325,
        "fitness": 47.90414586843932,
        "ema_fast": 15,
        "ema_slow": 10,
        "breakout_period": 15,
        "adx_period": 28,
        "adx_threshold": 20.0,
        "vol_ma_period": 27,
        "trailing_stop_pct": 1.5,
        "density_score": 0.699,
        "robust_fitness": 40.696701129875294
      },
      {
        "group": "Yapisal_DRONE",
        "vade_tipi": "VIOP_ENDEKS",
        "net_profit": 4663.0,
        "trades": 2881,
        "pf": 1.2563496426608027,
        "max_dd": 551.0,
        "sharpe": 0.05214406858451516,
        "fitness": 47.885709379711145,
        "ema_fast": 15,
        "ema_slow": 12,
        "breakout_period": 15,
        "adx_period": 28,
        "adx_threshold": 20.0,
        "vol_ma_period": 27,
        "trailing_stop_pct": 1.5,
        "density_score": 0.699,
        "robust_fitness": 40.6764254040173
      },
      {
        "group": "Yapisal_DRONE",
        "vade_tipi": "VIOP_ENDEKS",
        "net_profit": 4671.0,
        "trades": 2907,
        "pf": 1.2550229307709106,
        "max_dd": 543.0,
        "sharpe": 0.051959794400691366,
        "fitness": 47.86621556103736,
        "ema_fast": 15,
        "ema_slow": 10,
        "breakout_period": 15,